{
  "predictions": {
    "mp-21892": 3.682978630065918,
    "mp-8070": 0.8548697233200073,
    "mp-558491": 2.6648402214050293,
    "mp-632684": 0.6779294610023499,
    "mp-23329": 7.18656587600708,
    "mp-555150": 1.0590355396270752,
    "mp-760755": 4.570946216583252,
    "mp-6268": 5.087132453918457,
    "mp-559057": 1.0436347723007202,
    "mp-1778": 0.9822281002998352,
    "mp-2176": 100.46035766601562,
    "mp-22909": 55.303470611572266,
    "mp-9844": 1.7609448432922363,
    "mp-9066": 2.7262485027313232,
    "mp-6126": 0.9849359393119812,
    "mp-632229": 1.4347708225250244,
    "mp-21521": 4.211877822875977,
    "mp-1287": 5.356612682342529,
    "mp-756044": 2.7550835609436035,
    "mp-754712": 0.724917471408844,
    "mp-18168": 2.6824231147766113,
    "mp-505702": 1.3665287494659424,
    "mp-559065": 1.889411211013794,
    "mp-559545": 1.3884146213531494,
    "mp-549720": 23.19945526123047,
    "mp-561385": 2.8565027713775635,
    "mp-13666": 6.828155517578125,
    "mp-14444": 4.725745677947998,
    "mp-2469": 56.20540237426758,
    "mp-31451": 118.70053100585938,
    "mp-1023924": 85.3001708984375,
    "mp-38011": 2.3607025146484375,
    "mp-8884": 101.76409912109375,
    "mp-6980": 13.545476913452148,
    "mp-4524": 11.512429237365723,
    "mp-11714": 9.83630084991455,
    "mp-1180133": 3.1084694862365723,
    "mp-1225884": 1.316624641418457,
    "mp-1196457": 1.1888220310211182,
    "mp-560894": 1.2759976387023926,
    "mp-1196282": 1.0769846439361572,
    "mp-1219328": 7.688558578491211,
    "mp-1227124": 2.6981728076934814,
    "mp-1102285": 6.520377159118652,
    "mp-1227389": 15.088589668273926,
    "mp-1227110": 1.398569107055664,
    "mp-1079676": 0.6948677897453308,
    "mp-1228342": 9.05534839630127,
    "mp-17862": 11.69900894165039,
    "mp-504952": 9.035953521728516,
    "mp-1223849": 1.862668752670288,
    "mp-1208039": 1.5670855045318604,
    "mp-625175": 0.5593610405921936,
    "agm003160552": 23.196269989013672,
    "agm003202328": 0.7652072310447693,
    "agm002278924": 13.367733001708984,
    "agm003202410": 72.15011596679688,
    "mp-1227011": 9.22718620300293,
    "agm002224865": 5.374661445617676,
    "agm003157565": 7.527303218841553,
    "agm002140778": 0.819733738899231,
    "agm002041336": 4.923928260803223,
    "agm003219193": 0.6247127056121826,
    "mp-1228160": 1.1007368564605713,
    "mp-1223489": 0.69858318567276,
    "mp-1221169": 9.071216583251953,
    "mp-4431": 25.628623962402344,
    "mp-1105300": 5.343445777893066,
    "mp-1103351": 6.833211898803711,
    "mp-1029368": 4.725038528442383,
    "mp-1029633": 3.522484064102173,
    "agm002147818": 7.638608932495117,
    "agm002153139": 0.6903396844863892,
    "mp-555202": 0.9089086651802063,
    "mp-1216976": 12.406793594360352,
    "mp-626172": 0.5866391658782959,
    "agm002156258": 14.160757064819336,
    "mp-772748": 1.0150076150894165,
    "mp-1223389": 21.028717041015625,
    "mp-9427": 1.7041618824005127,
    "mp-1225916": 0.899713397026062,
    "agm003237859": 6.001806735992432,
    "mp-1221971": 21.7885684967041,
    "agm002237807": 25.172653198242188,
    "mp-1215642": 4.993531227111816,
    "agm003213121": 8.507672309875488,
    "agm002297812": 7.858304023742676,
    "mp-29157": 6.771764755249023,
    "mp-555915": 12.205619812011719,
    "agm002138671": 2.2566099166870117,
    "agm002790067": 9.151628494262695,
    "agm002205114": 12.509557723999023,
    "agm002184995": 3.8922159671783447,
    "agm003235252": 1.0200355052947998,
    "agm003206267": 3.5474250316619873,
    "agm003705731": 2.6885874271392822,
    "agm2000126920": 0.5201992988586426,
    "agm2000137141": 8.62900447845459,
    "agm005848675": 2.2149949073791504,
    "mp-2802611": 0.4681892991065979,
    "agm005056300": 9.436480522155762,
    "agm004786326": 7.839592456817627,
    "agm001234439": 0.7938249707221985,
    "agm002056302": 10.91027545928955,
    "agm002137665": 8.400409698486328,
    "mp-554918": 1.5900278091430664,
    "agm001375463": 89.00753784179688,
    "agm005721583": 108.030517578125,
    "agm006020719": 0.6581752896308899,
    "agm003112540": 20.445911407470703,
    "agm004787350": 2.233067035675049,
    "agm002176403": 5.308112144470215,
    "agm002161194": 12.800222396850586,
    "agm2000136656": 5.427567481994629,
    "mp-1208179": 0.8509528040885925,
    "agm002017294": 12.354114532470703,
    "agm002041315": 7.029034614562988,
    "agm003469328": 0.6263776421546936,
    "agm005072178": 21.089494705200195,
    "agm005664742": 7.099711894989014,
    "agm004773455": 6.646812915802002,
    "agm005071058": 21.049606323242188,
    "agm006047746": 58.55426025390625,
    "agm005754384": 1.8337345123291016,
    "agm005748012": 1.9574065208435059
  },
  "uncertainties": null,
  "metrics": {
    "mae": 14.816020746787121,
    "rmse": 31.270504225178684,
    "spearman": 0.6138740399385559,
    "r2_score": -0.03558693926533163
  }
}