{
  "predictions": {
    "mp-21892": 0.7840571999549866,
    "mp-8070": 1.4024072885513306,
    "mp-558491": 2.13472318649292,
    "mp-632684": 1.0629373788833618,
    "mp-23329": 0.7404814958572388,
    "mp-555150": 0.5011727213859558,
    "mp-760755": 1.0930981636047363,
    "mp-6268": 0.84305739402771,
    "mp-559057": 0.5427246689796448,
    "mp-1778": 0.7294861078262329,
    "mp-2176": 98.7046890258789,
    "mp-22909": 40.711917877197266,
    "mp-9844": 0.6498832702636719,
    "mp-9066": 1.5534400939941406,
    "mp-6126": 0.6889687180519104,
    "mp-632229": 4.332993507385254,
    "mp-21521": 0.13708768784999847,
    "mp-1287": 10.775237083435059,
    "mp-756044": 1.1755733489990234,
    "mp-754712": 0.21573428809642792,
    "mp-18168": 1.4519343376159668,
    "mp-505702": 0.7631319165229797,
    "mp-559065": 0.4536665081977844,
    "mp-559545": 0.622639000415802,
    "mp-549720": 14.076059341430664,
    "mp-561385": 0.7306132316589355,
    "mp-13666": 7.076788425445557,
    "mp-14444": 6.869015216827393,
    "mp-2469": 47.45256805419922,
    "mp-31451": 31.521900177001953,
    "mp-1023924": 63.22087097167969,
    "mp-38011": 5.253532409667969,
    "mp-8884": 98.72174835205078,
    "mp-6980": 3.598102569580078,
    "mp-4524": 7.692666053771973,
    "mp-11714": 5.632233619689941,
    "mp-1180133": 5.773805618286133,
    "mp-1225884": 1.1464110612869263,
    "mp-1196457": 0.955649733543396,
    "mp-560894": 1.0806264877319336,
    "mp-1196282": 2.1206581592559814,
    "mp-1219328": 19.183134078979492,
    "mp-1227124": 9.95534896850586,
    "mp-1102285": 9.482527732849121,
    "mp-1227389": 1.651818871498108,
    "mp-1227110": 0.9503473043441772,
    "mp-1079676": 2.5026192665100098,
    "mp-1228342": 2.86833119392395,
    "mp-17862": 7.754766941070557,
    "mp-504952": 12.972664833068848,
    "mp-1223849": 2.4213826656341553,
    "mp-1208039": 0.6142509579658508,
    "mp-625175": 0.5249727368354797,
    "agm003160552": 34.28376007080078,
    "agm003202328": 4.721785068511963,
    "agm002278924": 42.39138412475586,
    "agm003202410": 55.40711212158203,
    "mp-1227011": 5.419504165649414,
    "agm002224865": 17.403451919555664,
    "agm003157565": 14.507882118225098,
    "agm002140778": 0.9496148824691772,
    "agm002041336": 38.09558868408203,
    "agm003219193": 0.8612158298492432,
    "mp-1228160": 0.7538495659828186,
    "mp-1223489": 0.7822696566581726,
    "mp-1221169": 7.084260940551758,
    "mp-4431": 43.78730010986328,
    "mp-1105300": 10.749129295349121,
    "mp-1103351": 12.762482643127441,
    "mp-1029368": 1.8249390125274658,
    "mp-1029633": 5.967949390411377,
    "agm002147818": 8.656139373779297,
    "agm002153139": 0.879693865776062,
    "mp-555202": 3.0532987117767334,
    "mp-1216976": 29.37896728515625,
    "mp-626172": 0.738699734210968,
    "agm002156258": 15.673599243164062,
    "mp-772748": 0.655670702457428,
    "mp-1223389": 1.1501678228378296,
    "mp-9427": 1.8293198347091675,
    "mp-1225916": 0.5426129698753357,
    "agm003237859": 7.428818225860596,
    "mp-1221971": 38.0780029296875,
    "agm002237807": 35.82542037963867,
    "mp-1215642": 6.105876445770264,
    "agm003213121": 0.5316238403320312,
    "agm002297812": 6.1502299308776855,
    "mp-29157": 5.665182590484619,
    "mp-555915": 18.603195190429688,
    "agm002138671": 1.512069582939148,
    "agm002790067": 4.937338352203369,
    "agm002205114": 28.215883255004883,
    "agm002184995": 24.458410263061523,
    "agm003235252": 0.7440866827964783,
    "agm003206267": 2.8477163314819336,
    "agm003705731": 3.956982374191284,
    "agm2000126920": 1.4079722166061401,
    "agm2000137141": 6.819057941436768,
    "agm005848675": 9.684091567993164,
    "mp-2802611": 0.5050402879714966,
    "agm005056300": 12.150369644165039,
    "agm004786326": 6.212213516235352,
    "agm001234439": 0.8551443815231323,
    "agm002056302": 43.503353118896484,
    "agm002137665": 2.174576759338379,
    "mp-554918": 2.706509590148926,
    "agm001375463": 34.26032257080078,
    "agm005721583": 36.069915771484375,
    "agm006020719": 1.8825050592422485,
    "agm003112540": 55.013580322265625,
    "agm004787350": 2.1796348094940186,
    "agm002176403": 1.1878443956375122,
    "agm002161194": 20.87263298034668,
    "agm2000136656": 6.813565731048584,
    "mp-1208179": 1.2048656940460205,
    "agm002017294": 3.7432782649993896,
    "agm002041315": 43.193878173828125,
    "agm003469328": 0.9051899909973145,
    "agm005072178": 28.34690284729004,
    "agm005664742": 1.1673094034194946,
    "agm004773455": 2.993868112564087,
    "agm005071058": 10.949712753295898,
    "agm006047746": 71.56331634521484,
    "agm005754384": 0.9817595481872559,
    "agm005748012": 0.7046032547950745
  },
  "uncertainties": null,
  "metrics": {
    "mae": 13.793942828879063,
    "rmse": 27.178605311810916,
    "spearman": 0.5365345622119815,
    "r2_score": 0.21770396339556808
  }
}