{
  "predictions": {
    "mp-552663": 2.1341967583,
    "mp-753401": 4.3313450813,
    "mp-23363": -0.3100513518,
    "mp-559961": 1.9160591364,
    "mp-17066": 1.2690006495000001,
    "mp-29155": 1.2396684885,
    "mp-542931": 2.8453001976000003,
    "mp-27316": -0.0095714722,
    "mp-6126": 1.9819103479,
    "mp-997027": 1.50078547,
    "mp-21521": 0.9766145349,
    "mp-8673": 3.2954936028,
    "mp-23280": 0.45328769090000004,
    "mp-561664": 1.3029590845,
    "mp-23794": -0.015679756200000002,
    "mp-756570": 2.1158976555,
    "mp-27987": 1.3720165491,
    "mp-550959": 9.5127334595,
    "mp-556719": 1.2242180109,
    "mp-27914": 1.5847994089,
    "mp-29524": 1.6963707209,
    "mp-504908": 4.5829100609,
    "mp-559065": 8.2425088882,
    "mp-769218": 29.5947113037,
    "mp-570213": 38.3693733215,
    "mp-1023936": 6.1908402443,
    "mp-560588": 17.3289394379,
    "mp-1222661": 63.9774055481,
    "mp-1227993": 16.8535041809,
    "mp-567246": 14.4958276749,
    "mp-1184796": 0.1692481786,
    "mp-1217830": 7.3619327545,
    "mp-774907": 3.469180584,
    "mp-672158": 5.5595364571,
    "mp-1228522": 5.7255959511,
    "mp-504910": 1.7440048456000001,
    "mp-568802": 56.5474472046,
    "mp-1222565": -0.0223125611,
    "mp-33723": 32.0234031677,
    "mp-1227512": 77.130027771,
    "mp-1189731": 1.82687819,
    "mp-28089": 51.8293952942,
    "mp-36779": 2.7043738365000003,
    "mp-560521": 0.36608466510000004,
    "mp-571195": 79.8915557861,
    "mp-1208039": 1.2087923288,
    "mp-1224376": 16.4727592468,
    "mp-1219501": 14.7288007736,
    "mp-1218158": 3.8815836906000003,
    "mp-17207": 81.1386566162,
    "agm003202330": 83.3608856201,
    "agm002254137": 103.1358795166,
    "agm002186848": 86.763633728,
    "agm002224787": 9.0215167999,
    "agm002153716": 1.1503616571,
    "mp-1195571": 0.7931371331,
    "mp-998230": 6.1281313896,
    "mp-1223489": -0.22167627510000001,
    "mp-1029932": 16.8158149719,
    "mp-28473": 0.3954645097,
    "mp-1228745": 22.1311092377,
    "mp-1029652": 1.9612184763,
    "mp-985293": 0.5598407388000001,
    "mp-1019889": 0.21963460740000001,
    "mp-1227994": 1.3116022348,
    "agm002156258": 0.4381242692,
    "mp-559373": 2.2669234276,
    "mp-1215615": 22.6185359955,
    "mp-1219293": 0.8220649362,
    "mp-560699": 3.5514388084,
    "agm002156599": 2.5452971458,
    "mp-1078049": 17.1486530304,
    "mp-554002": 0.3024917543,
    "mp-1226863": 0.46036204700000005,
    "agm002848041": 1.091340661,
    "agm002336867": 136.0475769043,
    "mp-1222496": 2.1619668007,
    "agm003160584": 89.2223358154,
    "mp-568328": 46.7032051086,
    "agm002137965": 0.45378169420000003,
    "agm002074655": 1.3918148279,
    "agm2000085596": 3.6841349601999998,
    "agm005539186": 9.8136072159,
    "agm002073755": 1.0820766687,
    "agm002149208": 0.3550620973,
    "agm002225219": 16.2052402496,
    "agm003713453": 4.1879611015,
    "agm1000019508": 0.5815940499000001,
    "agm2000011039": 0.8155027032000001,
    "agm005769288": 3.0820279121,
    "agm005112928": 3.2967362404,
    "agm001266143": 48.7997932434,
    "agm005955873": 0.4858852327,
    "agm002077911": 13.6240310669,
    "agm002097562": 0.6078363061000001,
    "agm2000016398": -0.0539764576,
    "agm2000145156": -0.07677880670000001,
    "agm002056302": 1.9242578745,
    "agm002190330": 48.3997879028,
    "mp-685097": 2.602748394,
    "agm003464867": 17.4982223511,
    "agm003204906": 12.2902441025,
    "agm002072309": 0.0729118213,
    "agm003612680": 0.8101144433,
    "agm002128787": 4.5474476813999996,
    "agm2000128632": 0.1795926839,
    "agm005882580": 2.0524544716,
    "agm003743952": 2.9068799019,
    "mp-1029408": 8.4628839493,
    "agm2000084944": -0.1282352656,
    "mp-998591": 7.4994220734,
    "agm004958126": 1.6283298731,
    "agm002233061": 17.3648033142,
    "agm005605704": 19.3722343445,
    "mp-1220818": 11.2229986191,
    "mp-761842": 2.4196753502,
    "mp-14568": -0.0325292759,
    "agm004947354": 8.2174596786,
    "agm006056059": 0.14442689720000002,
    "mp-32959": 0.7874103189,
    "agm002091778": 3.7995066643,
    "agm004951594": 7.8062558174,
    "agm002079795": 1.1269298792,
    "agm002018585": 12.3425798416,
    "agm004786105": 38.3284416199
  },
  "uncertainties": null,
  "metrics": {
    "mae": 6.554752678652183,
    "rmse": 15.656907706291385,
    "spearman": 0.8384086021505376,
    "r2_score": 0.6761294967650282
  }
}