{
  "predictions": {
    "mp-552663": 1.7101455927,
    "mp-753401": 5.0591464043,
    "mp-23363": 0.1638704091,
    "mp-559961": 4.3675971031,
    "mp-17066": 1.7571665049,
    "mp-29155": 1.6773296595,
    "mp-542931": 2.7536225319,
    "mp-27316": -0.069117941,
    "mp-6126": 1.9970136881,
    "mp-997027": 0.9417577386,
    "mp-21521": 2.6276516914,
    "mp-8673": 4.1971135139,
    "mp-23280": 0.6971717477,
    "mp-561664": 1.5805021524,
    "mp-23794": 0.3597455919,
    "mp-756570": 6.506942749,
    "mp-27987": -0.030863205,
    "mp-550959": 10.4416275024,
    "mp-556719": 2.5959296227,
    "mp-27914": 6.045375824,
    "mp-29524": 2.8722748756,
    "mp-504908": 2.4815068245000003,
    "mp-559065": 6.2295742035,
    "mp-769218": 33.2911262512,
    "mp-570213": 22.9219436646,
    "mp-1023936": 5.5543856621,
    "mp-560588": 42.9363174438,
    "mp-1222661": 67.6473693848,
    "mp-1227993": 16.0050125122,
    "mp-567246": 27.6169166565,
    "mp-1184796": 0.1050687656,
    "mp-1217830": 14.0883741379,
    "mp-774907": 4.5536847115,
    "mp-672158": 3.764772892,
    "mp-1228522": 5.8041596413,
    "mp-504910": 1.0079265833,
    "mp-568802": 61.8123016357,
    "mp-1222565": 0.31918105480000003,
    "mp-33723": 26.6293621063,
    "mp-1227512": 66.8253326416,
    "mp-1189731": 2.7466835976,
    "mp-28089": 35.4282188416,
    "mp-36779": 2.6890053749,
    "mp-560521": 0.7987428308000001,
    "mp-571195": 64.025680542,
    "mp-1208039": 1.4207826853,
    "mp-1224376": 22.9117717743,
    "mp-1219501": 9.9851264954,
    "mp-1218158": 3.8026032448000002,
    "mp-17207": 37.3530387878,
    "agm003202330": 63.5996131897,
    "agm002254137": 94.2792129517,
    "agm002186848": 93.1753921509,
    "agm002224787": 7.2638521194,
    "agm002153716": 1.2817503214000001,
    "mp-1195571": 1.5765730143,
    "mp-998230": 4.3517785072,
    "mp-1223489": 0.23138292130000002,
    "mp-1029932": 21.6638851166,
    "mp-28473": 0.4150949419,
    "mp-1228745": 33.3299827576,
    "mp-1029652": 3.9614748955,
    "mp-985293": 0.4014535844,
    "mp-1019889": 0.0370364971,
    "mp-1227994": 1.0056368113,
    "agm002156258": 0.1483093053,
    "mp-559373": 2.273537159,
    "mp-1215615": 22.984413147,
    "mp-1219293": 0.9552188516000001,
    "mp-560699": 4.5305275917,
    "agm002156599": 1.4173303843,
    "mp-1078049": 17.183265686,
    "mp-554002": 0.4094615877,
    "mp-1226863": 0.8003917336,
    "agm002848041": 9.4783315659,
    "agm002336867": 139.6318359375,
    "mp-1222496": 3.210755825,
    "agm003160584": 80.4808349609,
    "mp-568328": 45.3076934814,
    "agm002137965": 0.3286758363,
    "agm002074655": 1.2572094202,
    "agm2000085596": 4.1353926659,
    "agm005539186": 12.6037950516,
    "agm002073755": 0.8734861016000001,
    "agm002149208": 0.31820258500000004,
    "agm002225219": 14.6884069443,
    "agm003713453": 3.2959914207,
    "agm1000019508": 0.7996564507,
    "agm2000011039": 0.9973407388000001,
    "agm005769288": 5.9448189735,
    "agm005112928": 2.8798356056000003,
    "agm001266143": 37.4705848694,
    "agm005955873": 0.3034606874,
    "agm002077911": 13.8700428009,
    "agm002097562": 0.6092086434,
    "agm2000016398": -0.037192743300000004,
    "agm2000145156": 0.1450734884,
    "agm002056302": 2.0267319679,
    "agm002190330": 65.9489440918,
    "mp-685097": 2.4961295128,
    "agm003464867": 16.150598526,
    "agm003204906": 12.2073431015,
    "agm002072309": 1.5597873926,
    "agm003612680": 0.5003085732,
    "agm002128787": 7.1031026839999996,
    "agm2000128632": -0.22654668990000001,
    "agm005882580": 1.7265621424000002,
    "agm003743952": 1.524015069,
    "mp-1029408": 15.9170694351,
    "agm2000084944": 0.2381225377,
    "mp-998591": 6.9858384132,
    "agm004958126": 1.4472881556,
    "agm002233061": 18.3325824738,
    "agm005605704": 22.2661514282,
    "mp-1220818": 9.7298460007,
    "mp-761842": 2.66512537,
    "mp-14568": 0.0615506954,
    "agm004947354": 7.486594677,
    "agm006056059": 0.2185683995,
    "mp-32959": -0.2289613932,
    "agm002091778": 1.0064140558,
    "agm004951594": 8.2405405045,
    "agm002079795": 1.8167635201999999,
    "agm002018585": 13.211687088,
    "agm004786105": 42.2636947632
  },
  "uncertainties": null,
  "metrics": {
    "mae": 6.707881667843252,
    "rmse": 15.604908698722392,
    "spearman": 0.8128356374807986,
    "r2_score": 0.6782771723310845
  }
}