{
  "predictions": {
    "mp-983357": 0.2480667680501938,
    "mp-8377": 9.293282508850098,
    "mp-18938": 2.9631497859954834,
    "mp-5854": 1.9072242975234985,
    "mp-23778": 0.750765860080719,
    "mp-19219": 1.2731512784957886,
    "mp-9197": 0.37238338589668274,
    "mp-553887": 5.225645065307617,
    "mp-23407": 5.172128677368164,
    "mp-555150": 0.8020768761634827,
    "mp-6062": 1.3365354537963867,
    "mp-863374": 5.469688892364502,
    "mp-23363": 0.3383951187133789,
    "mp-23321": 0.4241058826446533,
    "mp-27755": 0.24918656051158905,
    "mp-3491": 8.914130210876465,
    "mp-540634": 1.6713024377822876,
    "mp-557773": 2.241677761077881,
    "mp-559961": 3.2629354000091553,
    "mp-556966": 1.3785667419433594,
    "mp-7324": 0.3642979562282562,
    "mp-622018": 1.1357594728469849,
    "mp-29305": 1.475205659866333,
    "mp-639714": 3.997729778289795,
    "mp-24118": 0.3073035478591919,
    "mp-555203": 0.43478262424468994,
    "mp-706621": 0.4814831614494324,
    "mp-16792": 1.126022458076477,
    "mp-639506": 0.24728736281394958,
    "mp-5020": 12.305720329284668,
    "mp-3589": 0.8048507571220398,
    "mp-28264": 0.5819527506828308,
    "mp-570136": 2.7140979766845703,
    "mp-862539": 0.44048216938972473,
    "mp-696946": 3.23923397064209,
    "mp-27726": 1.0319992303848267,
    "mp-30530": 1.3393250703811646,
    "mp-626620": 1.3267483711242676,
    "mp-2691": 28.450218200683594,
    "mp-21521": 1.3443293571472168,
    "mp-4690": 1.2852457761764526,
    "mp-756570": 1.6450062990188599,
    "mp-28918": 2.6791818141937256,
    "mp-754585": 2.9039175510406494,
    "mp-27914": 1.4400315284729004,
    "mp-29910": 1.4540530443191528,
    "mp-14367": 0.7915385365486145,
    "mp-557027": 0.34510043263435364,
    "mp-29525": 0.6606792211532593,
    "mp-23866": 0.6980805397033691,
    "mp-29524": 0.8584866523742676,
    "mp-559065": 7.665618419647217,
    "mp-551629": 1.9962639808654785,
    "mp-9064": 12.778216361999512,
    "mp-13666": 28.74272918701172,
    "mp-14444": 15.147844314575195,
    "mp-685145": 13.42852783203125,
    "mp-830": 9.827301979064941,
    "mp-31451": 76.95870971679688,
    "mp-30847": 25.553058624267578,
    "mp-36111": 10.241445541381836,
    "mp-1184046": 80.71430969238281,
    "mp-1215430": 30.37468719482422,
    "mp-1017534": 28.931421279907227,
    "mp-1018093": 20.117610931396484,
    "mp-1008556": 2.8230197429656982,
    "mp-4524": 94.57058715820312,
    "mp-10572": 3.7465806007385254,
    "mp-7582": 30.299816131591797,
    "mp-22965": 54.95808029174805,
    "mp-4586": 37.582069396972656,
    "mp-1193269": 0.2248123735189438,
    "mp-1101862": 0.299518883228302,
    "mp-1097061": 0.6077380180358887,
    "mp-998623": 0.6905531287193298,
    "mp-1028576": 8.899360656738281,
    "mp-672118": 1.318315029144287,
    "mp-1215418": 51.241554260253906,
    "mp-23173": 13.000204086303711,
    "mp-863755": 9.956293106079102,
    "mp-1221954": 9.875134468078613,
    "mp-1300570": 1.1243187189102173,
    "mp-1210659": 0.8018713593482971,
    "mp-554560": 0.3817096948623657,
    "mp-15776": 52.11252975463867,
    "mp-28873": 5.393574237823486,
    "mp-1102285": 5.4900970458984375,
    "mp-1227567": 60.57917022705078,
    "mp-1220190": 2.567291021347046,
    "mp-570084": 34.204891204833984,
    "mp-17862": 77.31736755371094,
    "mp-1190717": 0.3022947609424591,
    "mp-1217833": 9.63150691986084,
    "mp-675779": 8.185827255249023,
    "mp-27594": 51.787513732910156,
    "mp-1218158": 3.8465893268585205,
    "mp-28140": 32.246360778808594,
    "mp-766345": 0.7700669765472412,
    "agm002183415": 45.92827224731445,
    "agm003160554": 49.96242141723633,
    "agm002205907": 52.04872512817383,
    "agm002233584": 16.75678253173828,
    "agm003227564": 0.3616862893104553,
    "agm002793928": 10.677911758422852,
    "mp-781710": 25.359729766845703,
    "mp-1227011": 55.565067291259766,
    "mp-1216863": 9.425078392028809,
    "agm002135972": 101.10003662109375,
    "agm003234420": 2.410080909729004,
    "agm002218325": 63.787052154541016,
    "mp-1216132": 5.640714168548584,
    "mp-779863": 4.9355549812316895,
    "mp-38103": 0.45048436522483826,
    "mp-29362": 8.294563293457031,
    "mp-1019715": 0.65949547290802,
    "agm002054632": 16.51494026184082,
    "mp-1204358": 0.34824416041374207,
    "mp-1105300": 21.462350845336914,
    "mp-1228823": 21.102703094482422,
    "mp-15833": 2.675276756286621,
    "mp-1103351": 10.974220275878906,
    "mp-24402": 0.3345153331756592,
    "mp-1095543": 0.3125324547290802,
    "mp-1188121": 0.5373395681381226,
    "mp-625521": 1.508636474609375,
    "mp-23560": 2.592700719833374,
    "mp-1227994": 1.0912975072860718,
    "mp-1079609": 2.3446223735809326,
    "mp-1192126": 3.069035053253174,
    "agm002197344": 11.06873893737793,
    "agm002177947": 49.12027359008789,
    "mp-696347": 0.3001510500907898,
    "mp-1147693": 7.835806846618652,
    "agm002156258": 0.30308979749679565,
    "mp-772748": 0.27101537585258484,
    "mp-1029422": 21.188093185424805,
    "mp-1120718": 10.415700912475586,
    "mp-1227036": 0.23901169002056122,
    "mp-1194520": 5.277496814727783,
    "mp-1218006": 11.228960037231445,
    "mp-1220913": 5.164985179901123,
    "mp-1223822": 0.5145466327667236,
    "mp-1147725": 9.017653465270996,
    "mp-984766": 0.3079104721546173,
    "mp-1210722": 4.301770210266113,
    "agm003263235": 3.334965467453003,
    "agm002215982": 0.6339895725250244,
    "mp-568968": 32.907066345214844,
    "mp-27313": 0.534981369972229,
    "mp-556024": 0.29299452900886536,
    "mp-28020": 3.9862701892852783,
    "mp-1229086": 4.441426753997803,
    "mp-772875": 1.5579705238342285,
    "agm002363904": 1.1079403162002563,
    "mp-1223536": 16.303985595703125,
    "mp-1147697": 7.8252716064453125,
    "mp-23887": 0.3109780550003052,
    "mp-18609": 36.2740592956543,
    "agm002848041": 0.3687248229980469,
    "agm002133608": 7.004479885101318,
    "agm003268240": 34.25334548950195,
    "mp-1198890": 2.4927806854248047,
    "agm003200486": 0.36249205470085144,
    "mp-1096810": 7.19141960144043,
    "mp-1105127": 36.71824264526367,
    "mp-1216944": 6.91483211517334,
    "mp-555915": 0.4906693398952484,
    "mp-776259": 4.935844898223877,
    "agm002133663": 0.9047653079032898,
    "agm002790067": 37.966251373291016,
    "agm002162961": 30.969202041625977,
    "mp-767604": 17.704553604125977,
    "agm003445531": 3.9623801708221436,
    "agm003206623": 2.4288508892059326,
    "mp-1227366": 7.183837413787842,
    "agm005543540": 1.7553966045379639,
    "agm2000012572": 0.22740665078163147,
    "agm002205114": 47.38933563232422,
    "agm003046706": 5.7188496589660645,
    "agm004786073": 5.435012340545654,
    "agm003445638": 2.186742067337036,
    "agm002149208": 0.3062859773635864,
    "agm2000022161": 0.22278301417827606,
    "agm2000001840": 1.4489798545837402,
    "agm002158429": 1.390932321548462,
    "agm004751295": 0.4826454818248749,
    "agm005848257": 2.0086398124694824,
    "agm2000081842": 0.22900013625621796,
    "agm004879066": 8.084217071533203,
    "agm001347560": 120.84170532226562,
    "agm2000086862": 0.44564491510391235,
    "agm002102214": 0.6066441535949707,
    "mp-23807": 1.0217515230178833,
    "agm004954137": 8.164436340332031,
    "agm004785400": 14.875736236572266,
    "agm001234439": 8.12563419342041,
    "agm2000011096": 0.24036329984664917,
    "agm2000002067": 0.22333817183971405,
    "agm003716707": 0.5471489429473877,
    "mp-554918": 1.2622764110565186,
    "agm005769896": 128.5564422607422,
    "agm005698720": 5.473280429840088,
    "agm004956590": 0.2892206311225891,
    "agm006124765": 30.699777603149414,
    "mp-1202153": 14.677994728088379,
    "mp-23914": 0.37931641936302185,
    "agm002073747": 0.6993522644042969,
    "agm004442672": 3.3868660926818848,
    "agm004929360": 1.1045029163360596,
    "agm003267560": 80.34391784667969,
    "agm002171920": 16.789714813232422,
    "mp-1215297": 13.777292251586914,
    "agm2000005425": 0.2020716667175293,