{
  "predictions": {
    "mp-983357": 0.11888401210308075,
    "mp-8377": 10.013855934143066,
    "mp-18938": 2.239879846572876,
    "mp-5854": 1.7855511903762817,
    "mp-23778": 0.9227783679962158,
    "mp-19219": 0.8743140697479248,
    "mp-9197": 0.3582652807235718,
    "mp-553887": 3.302419424057007,
    "mp-23407": 8.021729469299316,
    "mp-555150": 0.6979488134384155,
    "mp-6062": 0.8510109186172485,
    "mp-863374": 4.673919200897217,
    "mp-23363": 0.1802164912223816,
    "mp-23321": 0.3299311697483063,
    "mp-27755": 0.13668112456798553,
    "mp-3491": 8.845186233520508,
    "mp-540634": 0.6166520118713379,
    "mp-557773": 1.4997018575668335,
    "mp-559961": 1.612062692642212,
    "mp-556966": 0.6654021739959717,
    "mp-7324": 0.4405486583709717,
    "mp-622018": 1.5403282642364502,
    "mp-29305": 2.971736192703247,
    "mp-639714": 3.8211233615875244,
    "mp-24118": 0.46909603476524353,
    "mp-555203": 0.6278629302978516,
    "mp-706621": 0.17453652620315552,
    "mp-16792": 0.6867273449897766,
    "mp-639506": 0.09074956178665161,
    "mp-5020": 8.950397491455078,
    "mp-3589": 0.5978191494941711,
    "mp-28264": 0.8253404498100281,
    "mp-570136": 11.744217872619629,
    "mp-862539": 0.6552454233169556,
    "mp-696946": 3.973466157913208,
    "mp-27726": 9.755719184875488,
    "mp-30530": 1.4268873929977417,
    "mp-626620": 1.3970564603805542,
    "mp-2691": 20.908004760742188,
    "mp-21521": 2.0105338096618652,
    "mp-4690": 0.62586909532547,
    "mp-756570": 1.8972015380859375,
    "mp-28918": 5.308810234069824,
    "mp-754585": 2.6861789226531982,
    "mp-27914": 2.379361391067505,
    "mp-29910": 1.2387721538543701,
    "mp-14367": 0.9040066599845886,
    "mp-557027": 0.22361347079277039,
    "mp-29525": 0.5734301805496216,
    "mp-23866": 1.2989037036895752,
    "mp-29524": 0.6335883140563965,
    "mp-559065": 13.402199745178223,
    "mp-551629": 1.3696625232696533,
    "mp-9064": 3.9763693809509277,
    "mp-13666": 28.890207290649414,
    "mp-14444": 10.626142501831055,
    "mp-685145": 15.990896224975586,
    "mp-830": 8.016738891601562,
    "mp-31451": 64.98555755615234,
    "mp-30847": 54.78395080566406,
    "mp-36111": 10.649962425231934,
    "mp-1184046": 50.30852127075195,
    "mp-1215430": 35.568931579589844,
    "mp-1017534": 28.4867000579834,
    "mp-1018093": 37.76502990722656,
    "mp-1008556": 2.8758273124694824,
    "mp-4524": 90.38969421386719,
    "mp-10572": 2.0564398765563965,
    "mp-7582": 34.3113899230957,
    "mp-22965": 31.152681350708008,
    "mp-4586": 33.896217346191406,
    "mp-1193269": 0.05723006650805473,
    "mp-1101862": 0.14955675601959229,
    "mp-1097061": 0.463578462600708,
    "mp-998623": 0.7163000702857971,
    "mp-1028576": 10.063552856445312,
    "mp-672118": 0.4314350485801697,
    "mp-1215418": 61.601646423339844,
    "mp-23173": 8.233262062072754,
    "mp-863755": 8.778969764709473,
    "mp-1221954": 7.224975109100342,
    "mp-1300570": 0.5301774740219116,
    "mp-1210659": 0.7286927700042725,
    "mp-554560": 0.4533309042453766,
    "mp-15776": 65.36473846435547,
    "mp-28873": 4.482815742492676,
    "mp-1102285": 4.003556251525879,
    "mp-1227567": 75.99842071533203,
    "mp-1220190": 1.3350578546524048,
    "mp-570084": 39.00961685180664,
    "mp-17862": 55.169986724853516,
    "mp-1190717": 0.40795499086380005,
    "mp-1217833": 7.242784023284912,
    "mp-675779": 7.171621799468994,
    "mp-27594": 30.6001033782959,
    "mp-1218158": 2.8327994346618652,
    "mp-28140": 15.947844505310059,
    "mp-766345": 0.848613440990448,
    "agm002183415": 78.41553497314453,
    "agm003160554": 71.21072387695312,
    "agm002205907": 39.39293670654297,
    "agm002233584": 27.197643280029297,
    "agm003227564": 0.5636663436889648,
    "agm002793928": 10.098838806152344,
    "mp-781710": 20.982187271118164,
    "mp-1227011": 50.6838493347168,
    "mp-1216863": 10.590803146362305,
    "agm002135972": 112.17810821533203,
    "agm003234420": 3.36716365814209,
    "agm002218325": 57.342803955078125,
    "mp-1216132": 5.004550933837891,
    "mp-779863": 5.017549514770508,
    "mp-38103": 0.513880729675293,
    "mp-29362": 5.410282135009766,
    "mp-1019715": 0.6172372698783875,
    "agm002054632": 23.601783752441406,
    "mp-1204358": 0.17822013795375824,
    "mp-1105300": 30.038061141967773,
    "mp-1228823": 13.001945495605469,
    "mp-15833": 3.0875556468963623,
    "mp-1103351": 10.558162689208984,
    "mp-24402": 0.2662314772605896,
    "mp-1095543": 0.1709582656621933,
    "mp-1188121": 0.40186265110969543,
    "mp-625521": 1.4193016290664673,
    "mp-23560": 3.6390326023101807,
    "mp-1227994": 1.0595154762268066,
    "mp-1079609": 2.503000020980835,
    "mp-1192126": 1.9755727052688599,
    "agm002197344": 10.24438190460205,
    "agm002177947": 70.4562759399414,
    "mp-696347": 0.27741461992263794,
    "mp-1147693": 8.050980567932129,
    "agm002156258": 0.42768794298171997,
    "mp-772748": 0.20561590790748596,
    "mp-1029422": 24.41830825805664,
    "mp-1120718": 8.38996410369873,
    "mp-1227036": 0.09012787789106369,
    "mp-1194520": 0.9070776104927063,
    "mp-1218006": 11.814375877380371,
    "mp-1220913": 3.505880832672119,
    "mp-1223822": 0.5311858057975769,
    "mp-1147725": 9.041808128356934,
    "mp-984766": 0.16306333243846893,
    "mp-1210722": 3.9674487113952637,
    "agm003263235": 3.0107498168945312,
    "agm002215982": 0.8903242349624634,
    "mp-568968": 35.874210357666016,
    "mp-27313": 0.174233078956604,
    "mp-556024": 0.1897497922182083,
    "mp-28020": 2.224522352218628,
    "mp-1229086": 2.8791918754577637,
    "mp-772875": 0.9370480179786682,
    "agm002363904": 1.391749620437622,
    "mp-1223536": 15.68610954284668,
    "mp-1147697": 7.449512958526611,
    "mp-23887": 0.5721009373664856,
    "mp-18609": 56.788734436035156,
    "agm002848041": 0.535871684551239,
    "agm002133608": 5.666134834289551,
    "agm003268240": 55.91929244995117,
    "mp-1198890": 1.4048289060592651,
    "agm003200486": 0.6756678819656372,
    "mp-1096810": 7.200007915496826,
    "mp-1105127": 55.26881408691406,
    "mp-1216944": 9.365679740905762,
    "mp-555915": 0.9507665038108826,
    "mp-776259": 5.04231071472168,
    "agm002133663": 0.680528461933136,
    "agm002790067": 37.45503616333008,
    "agm002162961": 32.295528411865234,
    "mp-767604": 16.779996871948242,
    "agm003445531": 4.0988030433654785,
    "agm003206623": 2.2217438220977783,
    "mp-1227366": 8.121435165405273,
    "agm005543540": 2.014824151992798,
    "agm2000012572": 0.018710995092988014,
    "agm002205114": 39.797462463378906,
    "agm003046706": 5.797044277191162,
    "agm004786073": 3.927093505859375,
    "agm003445638": 2.9325733184814453,
    "agm002149208": 0.2763032615184784,
    "agm2000022161": 0.004945860709995031,
    "agm2000001840": 1.7666926383972168,
    "agm002158429": 2.431269645690918,
    "agm004751295": 0.4772588312625885,
    "agm005848257": 1.6127991676330566,
    "agm2000081842": 0.1531253308057785,
    "agm004879066": 2.9065613746643066,
    "agm001347560": 128.90414428710938,
    "agm2000086862": 0.24280957877635956,
    "agm002102214": 0.5941870212554932,
    "mp-23807": 0.8987644910812378,
    "agm004954137": 9.07333755493164,
    "agm004785400": 13.159886360168457,
    "agm001234439": 5.068150520324707,
    "agm2000011096": 0.2282680869102478,
    "agm2000002067": 0.012647654861211777,
    "agm003716707": 0.41182172298431396,
    "mp-554918": 0.7324633598327637,
    "agm005769896": 108.33377075195312,
    "agm005698720": 5.869205474853516,
    "agm004956590": 0.2748313546180725,
    "agm006124765": 30.163135528564453,
    "mp-1202153": 19.873964309692383,
    "mp-23914": 0.5189557075500488,
    "agm002073747": 0.7488008737564087,
    "agm004442672": 3.803196430206299,
    "agm004929360": 2.0578866004943848,
    "agm003267560": 107.82122039794922,
    "agm002171920": 21.08135414123535,
    "mp-1215297": 13.168313026428223,
    "agm2000005425": -0.03581974655389786,