{
  "predictions": {
    "mp-983357": 0.1544814109802246,
    "mp-8377": 12.922874450683594,
    "mp-18938": 2.599095106124878,
    "mp-5854": 1.755688190460205,
    "mp-23778": 0.7152146697044373,
    "mp-19219": 0.9544155597686768,
    "mp-9197": 0.41531655192375183,
    "mp-553887": 5.527190685272217,
    "mp-23407": 5.045067310333252,
    "mp-555150": 0.8683823943138123,
    "mp-6062": 0.85064697265625,
    "mp-863374": 6.518189907073975,
    "mp-23363": 0.25912681221961975,
    "mp-23321": 0.30727383494377136,
    "mp-27755": 0.20360693335533142,
    "mp-3491": 8.603374481201172,
    "mp-540634": 0.7047067880630493,
    "mp-557773": 1.631679892539978,
    "mp-559961": 2.8361387252807617,
    "mp-556966": 1.1555856466293335,
    "mp-7324": 0.410550981760025,
    "mp-622018": 1.7451895475387573,
    "mp-29305": 3.2398834228515625,
    "mp-639714": 6.776705741882324,
    "mp-24118": 0.3971068561077118,
    "mp-555203": 0.9075942039489746,
    "mp-706621": 0.2832529544830322,
    "mp-16792": 1.4175026416778564,
    "mp-639506": 0.11693204194307327,
    "mp-5020": 7.392335891723633,
    "mp-3589": 0.48919278383255005,
    "mp-28264": 0.519294023513794,
    "mp-570136": 49.63056564331055,
    "mp-862539": 0.5397944450378418,
    "mp-696946": 6.608316421508789,
    "mp-27726": 1.8224772214889526,
    "mp-30530": 3.651240348815918,
    "mp-626620": 1.449637770652771,
    "mp-2691": 16.958877563476562,
    "mp-21521": 1.9900959730148315,
    "mp-4690": 0.8320034742355347,
    "mp-756570": 2.5497636795043945,
    "mp-28918": 6.272541046142578,
    "mp-754585": 1.1484918594360352,
    "mp-27914": 2.683776617050171,
    "mp-29910": 1.5133635997772217,
    "mp-14367": 0.9486896395683289,
    "mp-557027": 0.35125064849853516,
    "mp-29525": 0.8398818969726562,
    "mp-23866": 1.3983697891235352,
    "mp-29524": 1.5703766345977783,
    "mp-559065": 10.309449195861816,
    "mp-551629": 1.2979001998901367,
    "mp-9064": 21.084819793701172,
    "mp-13666": 27.526247024536133,
    "mp-14444": 9.594708442687988,
    "mp-685145": 10.600918769836426,
    "mp-830": 8.57873249053955,
    "mp-31451": 48.94865798950195,
    "mp-30847": 54.16181182861328,
    "mp-36111": 22.228548049926758,
    "mp-1184046": 60.1593017578125,
    "mp-1215430": 35.28773498535156,
    "mp-1017534": 20.1242733001709,
    "mp-1018093": 36.249908447265625,
    "mp-1008556": 2.9268076419830322,
    "mp-4524": 84.6985855102539,
    "mp-10572": 2.0117664337158203,
    "mp-7582": 28.55670166015625,
    "mp-22965": 23.808372497558594,
    "mp-4586": 33.57428741455078,
    "mp-1193269": 0.13715901970863342,
    "mp-1101862": 0.14738240838050842,
    "mp-1097061": 0.5705037117004395,
    "mp-998623": 0.6413465738296509,
    "mp-1028576": 19.317119598388672,
    "mp-672118": 1.8352421522140503,
    "mp-1215418": 69.34973907470703,
    "mp-23173": 9.416971206665039,
    "mp-863755": 9.482807159423828,
    "mp-1221954": 3.2342417240142822,
    "mp-1300570": 0.7258148193359375,
    "mp-1210659": 0.7065778970718384,
    "mp-554560": 0.45095378160476685,
    "mp-15776": 52.185829162597656,
    "mp-28873": 3.760636806488037,
    "mp-1102285": 2.5492825508117676,
    "mp-1227567": 75.62657928466797,
    "mp-1220190": 2.8095052242279053,
    "mp-570084": 50.25245666503906,
    "mp-17862": 40.467529296875,
    "mp-1190717": 0.3607829809188843,
    "mp-1217833": 9.163849830627441,
    "mp-675779": 8.965987205505371,
    "mp-27594": 23.207386016845703,
    "mp-1218158": 4.786957263946533,
    "mp-28140": 16.223234176635742,
    "mp-766345": 0.8467450141906738,
    "agm002183415": 47.82670593261719,
    "agm003160554": 66.90298461914062,
    "agm002205907": 27.974529266357422,
    "agm002233584": 14.23682975769043,
    "agm003227564": 0.6204555034637451,
    "agm002793928": 8.841923713684082,
    "mp-781710": 15.134410858154297,
    "mp-1227011": 42.63581848144531,
    "mp-1216863": 10.565555572509766,
    "agm002135972": 105.78114318847656,
    "agm003234420": 4.155236721038818,
    "agm002218325": 50.39566421508789,
    "mp-1216132": 4.962258815765381,
    "mp-779863": 4.8763580322265625,
    "mp-38103": 0.4414641857147217,
    "mp-29362": 7.1921892166137695,
    "mp-1019715": 0.7845110893249512,
    "agm002054632": 23.261816024780273,
    "mp-1204358": 0.3033170998096466,
    "mp-1105300": 33.02548599243164,
    "mp-1228823": 14.132890701293945,
    "mp-15833": 2.7688345909118652,
    "mp-1103351": 13.653454780578613,
    "mp-24402": 0.1856040358543396,
    "mp-1095543": 0.2164279967546463,
    "mp-1188121": 0.4344101846218109,
    "mp-625521": 0.895276665687561,
    "mp-23560": 2.8632068634033203,
    "mp-1227994": 1.1793547868728638,
    "mp-1079609": 1.8460798263549805,
    "mp-1192126": 3.5739519596099854,
    "agm002197344": 11.16176986694336,
    "agm002177947": 45.03062438964844,
    "mp-696347": 0.22116617858409882,
    "mp-1147693": 8.118072509765625,
    "agm002156258": 0.5577398538589478,
    "mp-772748": 0.224006786942482,
    "mp-1029422": 21.547861099243164,
    "mp-1120718": 6.982885837554932,
    "mp-1227036": 0.20821353793144226,
    "mp-1194520": 2.443484306335449,
    "mp-1218006": 9.121047019958496,
    "mp-1220913": 5.736142635345459,
    "mp-1223822": 0.4962281882762909,
    "mp-1147725": 9.545867919921875,
    "mp-984766": 0.213546022772789,
    "mp-1210722": 4.009683132171631,
    "agm003263235": 4.858917713165283,
    "agm002215982": 0.6797517538070679,
    "mp-568968": 31.754526138305664,
    "mp-27313": 0.417696088552475,
    "mp-556024": 0.28032219409942627,
    "mp-28020": 6.459073543548584,
    "mp-1229086": 2.334703207015991,
    "mp-772875": 2.7099556922912598,
    "agm002363904": 1.3768954277038574,
    "mp-1223536": 15.340182304382324,
    "mp-1147697": 7.403365612030029,
    "mp-23887": 0.4316577911376953,
    "mp-18609": 49.585296630859375,
    "agm002848041": 0.6964947581291199,
    "agm002133608": 5.118399143218994,
    "agm003268240": 104.80322265625,
    "mp-1198890": 2.599438428878784,
    "agm003200486": 0.1069137454032898,
    "mp-1096810": 7.219447612762451,
    "mp-1105127": 58.73786544799805,
    "mp-1216944": 15.442273139953613,
    "mp-555915": 0.8010903000831604,
    "mp-776259": 4.996973037719727,
    "agm002133663": 0.7909583449363708,
    "agm002790067": 41.778934478759766,
    "agm002162961": 16.821882247924805,
    "mp-767604": 17.916664123535156,
    "agm003445531": 4.61631965637207,
    "agm003206623": 1.5852956771850586,
    "mp-1227366": 8.701292991638184,
    "agm005543540": 1.8265776634216309,
    "agm2000012572": 0.1413220912218094,
    "agm002205114": 56.3394775390625,
    "agm003046706": 5.678256988525391,
    "agm004786073": 3.860814094543457,
    "agm003445638": 3.8980560302734375,
    "agm002149208": 0.9018968343734741,
    "agm2000022161": 0.034563761204481125,
    "agm2000001840": 2.5075747966766357,
    "agm002158429": 2.6475844383239746,
    "agm004751295": 0.3499284088611603,
    "agm005848257": 1.5664548873901367,
    "agm2000081842": 0.18958690762519836,
    "agm004879066": 1.8946962356567383,
    "agm001347560": 114.62747955322266,
    "agm2000086862": 0.5712440609931946,
    "agm002102214": 0.5710687041282654,
    "mp-23807": 0.7057721018791199,
    "agm004954137": 9.732280731201172,
    "agm004785400": 10.92204475402832,
    "agm001234439": 3.8577802181243896,
    "agm2000011096": 0.3272055685520172,
    "agm2000002067": 0.08571767807006836,
    "agm003716707": 0.4622008502483368,
    "mp-554918": 0.9030634164810181,
    "agm005769896": 40.98027801513672,
    "agm005698720": 5.224298477172852,
    "agm004956590": 0.27669915556907654,
    "agm006124765": 25.928237915039062,
    "mp-1202153": 17.257875442504883,
    "mp-23914": 0.4528089761734009,
    "agm002073747": 0.6700699329376221,
    "agm004442672": 4.970764636993408,
    "agm004929360": 1.7536835670471191,
    "agm003267560": 59.94747543334961,
    "agm002171920": 21.047748565673828,
    "mp-1215297": 11.74848747253418,
    "agm2000005425": 0.022814450785517693,