{
  "predictions": {
    "mp-21892": 0.792999506,
    "mp-8070": -0.007760753400000001,
    "mp-558491": 0.9404375553000001,
    "mp-632684": 0.8241608143,
    "mp-23329": 7.4852905273,
    "mp-555150": 0.9981720448,
    "mp-6564": 0.25069642070000003,
    "mp-18578": 3.2927420139,
    "mp-760755": -0.2054412216,
    "mp-28456": 17.7324066162,
    "mp-4779": 0.32863450050000004,
    "mp-6268": 1.5582249165,
    "mp-706621": 0.4409630299,
    "mp-559057": 4.4937415123,
    "mp-24468": 0.8265249729,
    "mp-1778": 4.7590842247000005,
    "mp-2176": 111.7591781616,
    "mp-22909": 0.5951702595,
    "mp-4187": 3.8761808872,
    "mp-10341": 0.4796555042,
    "mp-9844": 0.9525339603,
    "mp-5784": -0.0038545032,
    "mp-20694": 3.1466715336,
    "mp-9066": 0.5329391956,
    "mp-6126": 1.6004869938000001,
    "mp-632229": 2.7971556187,
    "mp-12177": 4.0901293755,
    "mp-21521": 0.4505655766,
    "mp-1287": 34.6224365234,
    "mp-756044": 0.7854311466,
    "mp-754712": 7.0132875443,
    "mp-4812": 0.6336548328,
    "mp-18168": 2.7617819309,
    "mp-23866": 1.2857372760999999,
    "mp-558085": 0.45954060550000003,
    "mp-230": 4.7985777855,
    "mp-505702": 3.3138716221,
    "mp-559065": 7.0012741089,
    "mp-559545": 8.302397728,
    "mp-549720": 28.2513809204,
    "mp-561385": 1.2693550587,
    "mp-13666": 50.6668243408,
    "mp-14444": 16.551071167,
    "mp-1550": 10.529753685,
    "mp-2469": 13.1167936325,
    "mp-31451": 79.3050765991,
    "mp-1023924": 0.3466656208,
    "mp-1100395": 3.4542210102,
    "mp-961682": 48.4138298035,
    "mp-38011": 3.671364069,
    "mp-30847": 30.0835456848,
    "mp-8884": 103.9555969238,
    "mp-1017534": 42.2185020447,
    "mp-6980": 11.7101860046,
    "mp-560588": 31.43724823,
    "mp-4524": 74.9392166138,
    "mp-4514": 19.0190296173,
    "mp-11714": 7.0905838013,
    "mp-1180133": 5.4681677818,
    "mp-675161": 0.4377520084,
    "mp-983327": 0.1740124375,
    "mp-1225884": 1.3453695774,
    "mp-1219554": 2.1368620396,
    "mp-1196457": 0.2634727955,
    "mp-560894": 0.23036982120000002,
    "mp-1196282": 0.0259392355,
    "mp-1222122": 4.2899699211,
    "mp-1219328": 14.451051712,
    "mp-1227014": 56.2793159485,
    "mp-1222205": 12.0549135208,
    "mp-1227124": 39.7413063049,
    "mp-1102285": 5.2181982994,
    "mp-1227389": 4.2462458611,
    "mp-1180688": 4.1926569939,
    "mp-1399519": 1.8517296314,
    "mp-1227110": 0.09041143210000001,
    "mp-1079676": 1.0770590305,
    "mp-24705": 0.9901916981000001,
    "mp-1516294": 1.4517776966,
    "mp-1228342": 1.3962824345,
    "mp-17862": 61.6083106995,
    "mp-504952": 75.9634170532,
    "mp-1222589": 1.0009901524,
    "mp-1223849": 1.2534992695,
    "mp-6524": 0.45062947270000003,
    "mp-1208039": 0.8808968067,
    "mp-625175": -0.1419236511,
    "mp-1219000": 46.4702606201,
    "mp-532424": -0.14099667970000002,
    "mp-1218099": 1.892480135,
    "agm002306806": 17.681886673,
    "agm003160552": 43.4225997925,
    "agm003202328": 9.2514982224,
    "agm002353946": 29.6716213226,
    "agm002278924": 37.8618354797,
    "agm002381637": 86.1149139404,
    "agm003225028": 9.7140789032,
    "agm003202410": 64.9186553955,
    "agm003230659": 1.1174423695,
    "agm003128264": 2.8073818684000003,
    "mp-781710": 16.1130886078,
    "mp-1227011": 14.2846269608,
    "mp-1216118": 8.9004974365,
    "agm002166075": 7.4634637833,
    "agm002135972": 109.1360397339,
    "mp-3267": 27.8457679749,
    "agm002224865": 2.7888042927,
    "agm002347507": 4.3908009529,
    "agm003157565": 1.1957905293,
    "mp-1216100": 0.7441828251,
    "mp-1195571": -0.1886775345,
    "mp-780232": 5.307410717,
    "agm002018869": 92.0221710205,
    "agm002140778": 0.8275301456,
    "agm002041336": 13.7357168198,
    "agm003219193": 0.1344912201,
    "mp-1228160": 0.354957819,
    "mp-1223489": -0.0150515931,
    "mp-1221169": 17.5588283539,
    "mp-4431": 22.548740387,
    "mp-8393": 33.3018341064,
    "mp-1105300": 29.6457920074,
    "mp-36066": 2.9801895618,
    "mp-1103351": 10.0902957916,
    "mp-1103228": 72.3295211792,
    "mp-1029368": 8.1513347626,
    "mp-1217825": 13.5637950897,
    "mp-1029633": 12.869102478,
    "agm002147818": 0.39884114270000004,
    "agm003248171": 0.022177944,
    "mp-1223526": 0.5045816898000001,
    "agm002153139": 2.9033596515999998,
    "mp-239": 7.6577329636,
    "agm002137320": 1.9568178654000001,
    "mp-1079609": 2.4145405293,
    "mp-558219": 4.0744404793,
    "mp-555202": 1.2505218983,
    "mp-1216976": 34.8369216919,
    "mp-626172": 0.0813143328,
    "agm002156258": 0.6644546986000001,
    "mp-772748": 0.25993943210000003,
    "agm002237467": 13.4756555557,
    "mp-1223389": 20.4405555725,
    "agm002155430": 39.9888076782,
    "mp-9427": 0.2533905506,
    "mp-1225916": 0.49522805210000004,
    "agm003237859": 0.55904603,
    "agm002156600": 1.1795637608,
    "mp-1221971": 8.4858055115,
    "mp-1220913": 2.7301428318000003,
    "agm002237807": 122.4125061035,
    "mp-1221578": 3.4857161045,
    "mp-1191266": 9.8971920013,
    "mp-1205304": 3.54524827,
    "mp-1218334": 7.4907960892,
    "agm002215982": 1.1040518284,
    "mp-559752": 0.47570252420000003,
    "mp-1215642": 5.1820311546,
    "agm002813663": 4.9300732613000005,
    "mp-1247873": 17.5687885284,
    "mp-1194479": 0.9296028614,
    "mp-558521": 1.9518349171,
    "agm003213121": 2.5698559284,
    "agm002286033": 21.5184879303,
    "agm002297812": 0.6937563419,
    "mp-1147697": 7.2756772041,
    "mp-29157": 30.6340751648,
    "mp-558277": 9.3631801605,
    "agm003200486": 0.15641047060000002,
    "agm002157245": 5.3398880959,
    "mp-1370": 5.503636837,
    "mp-555915": 0.813980341,
    "mp-776226": 1.8481504917,
    "agm002138671": 2.8660957813,
    "agm002790067": 34.4821510315,
    "agm002163280": 2.4989101887,
    "mp-532444": 0.42082428930000004,
    "agm002177957": 21.2526683807,
    "agm006045098": 1.7666962147,
    "agm002205114": 87.8060455322,
    "agm2000005406": -0.3123357296,
    "agm002184995": 103.5790634155,
    "agm003235252": 0.2296507508,
    "agm002178912": 31.3863010406,
    "agm002115629": 6.3825058937,
    "agm003206267": 19.4871063232,
    "agm004739450": 99.8854751587,
    "agm003705731": 5.3413252831,
    "agm005112928": 3.5002014637,
    "agm005722808": 0.3357460499,
    "agm2000126920": 0.2412560135,
    "agm2000137141": 10.9472017288,
    "agm005848675": 11.3050699234,
    "mp-2802611": 0.6177828312,
    "agm002158085": 10.0201253891,
    "agm005545163": 0.9530632496,
    "agm005056300": 7.8759732246,
    "agm004786326": 10.4024925232,
    "agm003048447": 12.7598648071,
    "agm002102212": 0.34245705600000004,
    "agm001234439": 4.0194764137,
    "agm002056302": 1.3787004948,
    "agm002137665": 0.1962855011,
    "agm003555711": 2.7447664738,
    "mp-554918": 0.7395355701,
    "mp-570756": -0.1370646805,
    "agm001375463": 41.8641891479,
    "agm005208831": 54.7208061218,
    "mp-4452": 24.5541782379,
    "agm005882616": 0.5416281223,
    "agm2000001907": 0.2591593266,
    "agm005721583": 10.961811065700001,
    "agm001281942": 1.982997179,
    "agm003267560": 37.5935096741,
    "agm004773887": 5.4636139870000004,
    "agm004852816": 1.9971888065,
    "agm006020719": 0.250402689,
    "agm004957157": 0.19890905920000002,
    "agm003112540": 62.449256897,
    "agm002293392": 29.8146934509,
    "agm005785567": 21.2886295319,
    "agm004948831": 7.5130877495,
    "agm004787350": 1.807256937,
    "agm005954902": 105.4757995605,
    "agm005199361": 50.4254722595,
    "agm2000035672": 0.1182758883,
    "agm002032016": 6.9897356033,
    "agm005180377": 6.8306331635,
    "agm002176403": 1.3497269154,
    "agm002182720": 21.5575695038,
    "agm002161194": 10.4804067612,
    "agm2000136656": 3.9280331135,
    "agm005882580": 2.2242186069,
    "agm002074653": 2.5919420719,
    "agm003561427": 14.6365289688,
    "mp-1208179": 1.6609375477000001,
    "agm002078874": 1.850632906,
    "agm004949939": 5.7643265724,
    "agm002017294": 27.8714828491,
    "mp-556157": 2.4523174763,