{
  "predictions": {
    "mp-983357": 1.1903860961440649,
    "mp-8377": 1.7201436775078391,
    "mp-18938": 4.621043450679867,
    "mp-5854": 1.7392124162295928,
    "mp-23778": 1.5680690514036972,
    "mp-19219": 1.4125666425691692,
    "mp-9197": 1.4318608145759129,
    "mp-553887": 3.2560108161018415,
    "mp-23407": 2.0686448279806564,
    "mp-555150": 1.0568677329376086,
    "mp-6062": 0.6829875386767763,
    "mp-863374": 4.143951610880013,
    "mp-23363": 0.47630460995591284,
    "mp-23321": 9.065378930619598,
    "mp-27755": 0.23530659159794812,
    "mp-3491": 1.6483095885882555,
    "mp-540634": 0.5346666943491141,
    "mp-557773": 1.2902296120685872,
    "mp-559961": 2.4592589109754828,
    "mp-556966": 1.0307453618912419,
    "mp-7324": 1.0605173835529906,
    "mp-622018": 3.042310249641834,
    "mp-29305": 2.5599196910269444,
    "mp-639714": 6.0206461902105195,
    "mp-24118": 0.2693907726811565,
    "mp-555203": 1.4555624548442472,
    "mp-706621": 0.37404646423296833,
    "mp-16792": 1.7159662765119008,
    "mp-639506": 0.008443967636170098,
    "mp-5020": 9.432455673379444,
    "mp-3589": 1.8304969386796472,
    "mp-28264": 0.6117048955754459,
    "mp-570136": 0.32649250865073726,
    "mp-862539": 4.562507707530091,
    "mp-696946": 0.5298325861240436,
    "mp-27726": 1.8744023447622902,
    "mp-30530": 5.008512535898034,
    "mp-626620": 0.9159545737033081,
    "mp-2691": 3.545653907668376,
    "mp-21521": 3.4456206305171806,
    "mp-4690": 0.7980875508431179,
    "mp-756570": 1.780193645016701,
    "mp-28918": 3.4447484892874844,
    "mp-754585": 2.7193645665291246,
    "mp-27914": 6.861526489666285,
    "mp-29910": 14.938228243948751,
    "mp-14367": 0.48977859414791974,
    "mp-557027": 4.204833660524064,
    "mp-29525": 1.118290870918007,
    "mp-23866": 0.7123556175824317,
    "mp-29524": 1.1754314762835243,
    "mp-559065": 4.238480950439238,
    "mp-551629": 3.1604877551714385,
    "mp-9064": 0.40365634769048336,
    "mp-13666": 13.708903262262158,
    "mp-14444": 2.7836675163153464,
    "mp-685145": 35.815173652846426,
    "mp-830": 3.052318652671984,
    "mp-31451": 97.28036945443142,
    "mp-30847": 22.275749232398343,
    "mp-36111": 34.975442785796425,
    "mp-1184046": 3.172854081377476,
    "mp-1215430": 8.476023243170669,
    "mp-1017534": 14.299149244430597,
    "mp-1018093": 31.036699922474916,
    "mp-1008556": 4.229465583364643,
    "mp-4524": 52.037146428509644,
    "mp-10572": 7.017261349330738,
    "mp-7582": 28.8113924968409,
    "mp-22965": 19.78329714407485,
    "mp-4586": 35.7428605852487,
    "mp-1193269": 0.6365267795764125,
    "mp-1101862": 0.1290015621857398,
    "mp-1097061": 0.799061020587038,
    "mp-998623": 1.3710641351233979,
    "mp-1028576": 7.143954158179507,
    "mp-672118": 0.7794788133496153,
    "mp-1215418": 56.25717362962719,
    "mp-23173": 7.697877307223401,
    "mp-863755": 5.987341887249072,
    "mp-1221954": 5.359405073365768,
    "mp-1300570": 1.921556035075775,
    "mp-1210659": 0.8634023393556954,
    "mp-554560": 0.7099093010043095,
    "mp-15776": 49.05272049502594,
    "mp-28873": 2.94731749772215,
    "mp-1102285": 10.522203356238931,
    "mp-1227567": 38.83012055383092,
    "mp-1220190": 3.750569886328074,
    "mp-570084": 36.68887820212943,
    "mp-17862": 2.7987821763954943,
    "mp-1190717": 1.0288210117335859,
    "mp-1217833": 8.448603058363709,
    "mp-675779": 1.1336990988932762,
    "mp-27594": 23.67344456430124,
    "mp-1218158": 2.887581358787052,
    "mp-28140": 0.8910069979466122,
    "mp-766345": 0.3741217299857392,
    "agm002183415": 19.697789876637646,
    "agm003160554": 32.74003922780407,
    "agm002205907": 67.29768368216682,
    "agm002233584": 33.26602347484195,
    "agm003227564": 0.9850692992344814,
    "agm002793928": 19.656621346515273,
    "mp-781710": 3.2951416528143485,
    "mp-1227011": 10.38075947577152,
    "mp-1216863": 7.799625225073522,
    "agm002135972": 5.333924364092752,
    "agm003234420": 1.8351233175558697,
    "agm002218325": 54.13012683994848,
    "mp-1216132": 3.6929796848603305,
    "mp-779863": 7.169462838335227,
    "mp-38103": 2.2895779791900774,
    "mp-29362": 1.03270727128414,
    "mp-1019715": 1.4534495352929182,
    "agm002054632": 23.336927578846897,
    "mp-1204358": 0.6273547164841936,
    "mp-1105300": 28.459007578825755,
    "mp-1228823": 14.622515597182865,
    "mp-15833": 1.4189696804930003,
    "mp-1103351": 9.70980579899078,
    "mp-24402": 0.282300454938342,
    "mp-1095543": 1.2327049710790217,
    "mp-1188121": 0.3716133792640324,
    "mp-625521": 4.461087855088429,
    "mp-23560": 5.5306291185379735,
    "mp-1227994": 4.769738153752398,
    "mp-1079609": 2.76008279188119,
    "mp-1192126": 4.352212571732541,
    "agm002197344": 11.08819563177958,
    "agm002177947": 6.613515634704905,
    "mp-696347": 2.105885319039185,
    "mp-1147693": 7.500864256929623,
    "agm002156258": 1.4664827526139201,
    "mp-772748": 1.189749749990563,
    "mp-1029422": 13.931344694614392,
    "mp-1120718": 3.5348176766195114,
    "mp-1227036": 0.86136849360769,
    "mp-1194520": 1.5400434758280859,
    "mp-1218006": 12.193537080984488,
    "mp-1220913": 3.426307606941992,
    "mp-1223822": 0.8092727626286376,
    "mp-1147725": 8.449464895484514,
    "mp-984766": 0.8461660841384534,
    "mp-1210722": 1.0171660432566956,
    "agm003263235": 0.4132443321908555,
    "agm002215982": 2.4519002273174166,
    "mp-568968": 34.366073921255094,
    "mp-27313": 0.4094983719531452,
    "mp-556024": 1.4694343832403673,
    "mp-28020": 0.5543023715442739,
    "mp-1229086": 1.4124116805297002,
    "mp-772875": 0.004546902673900544,
    "agm002363904": 1.8055618582316906,
    "mp-1223536": 15.35124401614173,
    "mp-1147697": 7.361372964094172,
    "mp-23887": 0.7407372369536477,
    "mp-18609": 2.917661815604706,
    "agm002848041": 3.9327222796193744,
    "agm002133608": 12.237600988374822,
    "agm003268240": 39.31280422796452,
    "mp-1198890": 0.9305657596861827,
    "agm003200486": 0.019899744246525547,
    "mp-1096810": 7.042164078094732,
    "mp-1105127": 5.577311559297833,
    "mp-1216944": 1.9172171310670272,
    "mp-555915": 0.41000135672439686,
    "mp-776259": 2.4779131627803594,
    "agm002133663": 0.029701842167066273,
    "agm002790067": 32.22075476771774,
    "agm002162961": 6.740776124760136,
    "mp-767604": 18.817140686998748,
    "agm003445531": 3.6264074283233065,
    "agm003206623": 1.5215363223626348,
    "mp-1227366": 4.471911119910365,
    "agm005543540": 0.6963045972349116,
    "agm2000012572": 0.315561895618767,
    "agm002205114": 79.07900903067768,
    "agm003046706": 5.700731004785131,
    "agm004786073": 2.267010994272575,
    "agm003445638": 6.327135158889066,
    "agm002149208": 1.8491441951048535,
    "agm2000022161": 0.1856826231654376,
    "agm2000001840": 1.7837577495736536,
    "agm002158429": 3.916095646774368,
    "agm004751295": 1.6420638103231586,
    "agm005848257": 0.9786157540672817,
    "agm2000081842": 1.1736299511788626,
    "agm004879066": 1.8385531152870511,
    "agm001347560": 202.85841564948248,
    "agm2000086862": 0.8554791079428342,
    "agm002102214": 1.914653644605876,
    "mp-23807": 4.825182172492476,
    "agm004954137": 8.598854382905946,
    "agm004785400": 15.500278014470013,
    "agm001234439": 2.4058118350371602,
    "agm2000011096": 0.5303213090594862,
    "agm2000002067": 0.2848954284685094,
    "agm003716707": 0.8973309874794927,
    "mp-554918": 2.3019511885640407,
    "agm005769896": 3.580647467851757,
    "agm005698720": 13.239693565552432,
    "agm004956590": 1.1444876761166403,
    "agm006124765": 17.542981642074395,
    "mp-1202153": 7.236827036046834,
    "mp-23914": 0.8117400277722845,
    "agm002073747": 0.12231345254769771,
    "agm004442672": 0.13738277313681427,
    "agm004929360": 1.1250243875903438,
    "agm003267560": 2.223462802283228,
    "agm002171920": 10.025084467852997,
    "mp-1215297": 12.075698708665957,
    "agm2000005425": 0.4192405341614999,