{
  "predictions": {
    "mp-983357": 3.213616678561416,
    "mp-8377": 2.448879822910342,
    "mp-18938": 2.969561173904096,
    "mp-5854": 1.6624875437555104,
    "mp-23778": 3.0206539481686954,
    "mp-19219": 1.8424869723508794,
    "mp-9197": 3.106236450465954,
    "mp-553887": 4.240483143246702,
    "mp-23407": 8.698322631621007,
    "mp-555150": 1.785488486031523,
    "mp-6062": 0.9230630901115507,
    "mp-863374": 2.637357657864227,
    "mp-23363": 0.5889322434367319,
    "mp-23321": 4.829509589926732,
    "mp-27755": 0.1984703758367535,
    "mp-3491": 3.6470770507559678,
    "mp-540634": 1.0626975623047317,
    "mp-557773": 1.334323131286366,
    "mp-559961": 2.4264909034962505,
    "mp-556966": 1.2080400899020047,
    "mp-7324": 2.83546322828582,
    "mp-622018": 2.348154000493766,
    "mp-29305": 5.004151180685156,
    "mp-639714": 6.700305605836175,
    "mp-24118": 1.8377681701590647,
    "mp-555203": 0.5398857518312258,
    "mp-706621": 0.43459637723315075,
    "mp-16792": 1.0800589330226045,
    "mp-639506": 0.5827429486251012,
    "mp-5020": 8.9901209512049,
    "mp-3589": 5.477885017687476,
    "mp-28264": 2.3903723528828706,
    "mp-570136": 0.382545499705344,
    "mp-862539": 1.1150133876131438,
    "mp-696946": 1.2119868787806964,
    "mp-27726": 1.2982818972206294,
    "mp-30530": 0.5181795410680905,
    "mp-626620": 2.8411838711139423,
    "mp-2691": 7.213747108639693,
    "mp-21521": 1.3762510017744303,
    "mp-4690": 0.5522122687878219,
    "mp-756570": 1.8252967119340058,
    "mp-28918": 2.5811959529580792,
    "mp-754585": 2.1797472245673535,
    "mp-27914": 2.249444277290437,
    "mp-29910": 3.8930192714107057,
    "mp-14367": 2.6417572881077747,
    "mp-557027": 0.9837222296260187,
    "mp-29525": 1.3726032118829283,
    "mp-23866": 0.3427959606522673,
    "mp-29524": 0.4822532128217679,
    "mp-559065": 4.309265264553134,
    "mp-551629": 0.6135759133704215,
    "mp-9064": 0.5420192097823846,
    "mp-13666": 14.609445179610674,
    "mp-14444": 5.662792072383714,
    "mp-685145": 6.0714811502028585,
    "mp-830": 5.971939537790433,
    "mp-31451": 85.24485373965273,
    "mp-30847": 24.670879275464195,
    "mp-36111": 19.941930142275126,
    "mp-1184046": 8.462439940897712,
    "mp-1215430": 6.841713328170522,
    "mp-1017534": 17.85536345060165,
    "mp-1018093": 100.59007494599699,
    "mp-1008556": 4.550449797500647,
    "mp-4524": 69.03530022168984,
    "mp-10572": 7.458039611729844,
    "mp-7582": 29.138725990978205,
    "mp-22965": 2.93183730247246,
    "mp-4586": 36.405236175784125,
    "mp-1193269": 0.9237813071523817,
    "mp-1101862": 0.49079037843255063,
    "mp-1097061": 0.575479424097728,
    "mp-998623": 1.5716862439943509,
    "mp-1028576": 7.467675052515691,
    "mp-672118": 1.5587918249042767,
    "mp-1215418": 63.76413573006427,
    "mp-23173": 1.5372156077394654,
    "mp-863755": 11.23525522122152,
    "mp-1221954": 2.0929586297925833,
    "mp-1300570": 0.15675594714881377,
    "mp-1210659": 0.9540729193070708,
    "mp-554560": 0.4931343327039,
    "mp-15776": 31.787529150823843,
    "mp-28873": 3.78230894085872,
    "mp-1102285": 9.171606918151348,
    "mp-1227567": 29.612715786644063,
    "mp-1220190": 1.0328153007310628,
    "mp-570084": 45.944657796857,
    "mp-17862": 5.260242883129909,
    "mp-1190717": 1.2349158724277163,
    "mp-1217833": 6.863401227450865,
    "mp-675779": 4.477339982144443,
    "mp-27594": 13.907337858454795,
    "mp-1218158": 3.7036387943017943,
    "mp-28140": 1.00701142680781,
    "mp-766345": 0.2982339312583948,
    "agm002183415": 26.851843675328418,
    "agm003160554": 7.380060539282449,
    "agm002205907": 55.64713891341662,
    "agm002233584": 14.739493061525689,
    "agm003227564": 1.3792222554083882,
    "agm002793928": 7.432484515281782,
    "mp-781710": 4.425200287343472,
    "mp-1227011": 16.194268184650802,
    "mp-1216863": 9.891741002723396,
    "agm002135972": 10.160324842104124,
    "agm003234420": 4.428097954528131,
    "agm002218325": 68.83809082585358,
    "mp-1216132": 3.478963502281046,
    "mp-779863": 7.38258498578274,
    "mp-38103": 0.015156047371935011,
    "mp-29362": 4.12640856767217,
    "mp-1019715": 2.4370880150549064,
    "agm002054632": 13.887247083848171,
    "mp-1204358": 0.6141945860077369,
    "mp-1105300": 26.14412416336844,
    "mp-1228823": 6.570959555886529,
    "mp-15833": 2.426773004152271,
    "mp-1103351": 4.609466729743444,
    "mp-24402": 3.8010908843304434,
    "mp-1095543": 0.7892707162844699,
    "mp-1188121": 0.714736923151921,
    "mp-625521": 1.318741874159453,
    "mp-23560": 3.7743678910999496,
    "mp-1227994": 3.760116194805046,
    "mp-1079609": 6.034096085829816,
    "mp-1192126": 2.2266879410703897,
    "agm002197344": 11.683992580852046,
    "agm002177947": 4.368761035189624,
    "mp-696347": 3.7322234987823673,
    "mp-1147693": 7.6055915478867835,
    "agm002156258": 0.6934919623620512,
    "mp-772748": 0.9364900156672799,
    "mp-1029422": 14.552466384248778,
    "mp-1120718": 1.8176876401725532,
    "mp-1227036": 0.7395091765096284,
    "mp-1194520": 1.26082291846969,
    "mp-1218006": 17.298181954891483,
    "mp-1220913": 4.25002786382565,
    "mp-1223822": 3.2710380372627674,
    "mp-1147725": 8.838278395067652,
    "mp-984766": 0.14052224796176283,
    "mp-1210722": 5.417831166776033,
    "agm003263235": 0.2358869958042599,
    "agm002215982": 2.835442173795908,
    "mp-568968": 35.5090362082556,
    "mp-27313": 1.0514441266717116,
    "mp-556024": 1.2107758027353903,
    "mp-28020": 2.107759464660362,
    "mp-1229086": 1.6117483091984426,
    "mp-772875": 0.05400770055467198,
    "agm002363904": 2.9468318429414038,
    "mp-1223536": 15.538522106210001,
    "mp-1147697": 7.058795823264974,
    "mp-23887": 0.507134701900251,
    "mp-18609": 0.5895330175115571,
    "agm002848041": 11.426489134851604,
    "agm002133608": 7.451539194387701,
    "agm003268240": 11.834536465863247,
    "mp-1198890": 0.9720360116424394,
    "agm003200486": 0.044678426020277794,
    "mp-1096810": 7.071991453705618,
    "mp-1105127": 5.263596207021479,
    "mp-1216944": 1.6525925885199864,
    "mp-555915": 0.08333981058582611,
    "mp-776259": 2.196472594339721,
    "agm002133663": 0.0031765330403221255,
    "agm002790067": 39.04267107711061,
    "agm002162961": 4.623117457147295,
    "mp-767604": 19.557353520956266,
    "agm003445531": 3.206205516381343,
    "agm003206623": 3.191630177480501,
    "mp-1227366": 3.78299882418057,
    "agm005543540": 0.8218017708182986,
    "agm2000012572": 0.13307045398532547,
    "agm002205114": 82.94770896796932,
    "agm003046706": 5.627890111009098,
    "agm004786073": 2.9552977265863087,
    "agm003445638": 1.9021682501079558,
    "agm002149208": 1.3832165644502257,
    "agm2000022161": 0.34780657370836865,
    "agm2000001840": 2.8710905429274742,
    "agm002158429": 2.700975965459643,
    "agm004751295": 1.3639314139461745,
    "agm005848257": 0.954798786396758,
    "agm2000081842": 1.8316069879768626,
    "agm004879066": 3.8629497171060683,
    "agm001347560": 202.71645614575553,
    "agm2000086862": 2.2287750195556737,
    "agm002102214": 1.4225289332709379,
    "mp-23807": 2.080011388213992,
    "agm004954137": 14.566838664021919,
    "agm004785400": 9.902497993557942,
    "agm001234439": 0.7473483069585808,
    "agm2000011096": 1.188729721247898,
    "agm2000002067": 0.6967902462265674,
    "agm003716707": 1.2422810041618855,
    "mp-554918": 3.2627916633871608,
    "agm005769896": 4.533805016527357,
    "agm005698720": 11.824555257021606,
    "agm004956590": 1.0765277254761632,
    "agm006124765": 22.37076124319108,
    "mp-1202153": 4.279183592041739,
    "mp-23914": 0.16725076939740235,
    "agm002073747": 0.9693270861795683,
    "agm004442672": 0.329370462451383,
    "agm004929360": 0.9699952332683448,
    "agm003267560": 13.355360425668055,
    "agm002171920": 20.688190378928255,
    "mp-1215297": 13.437366298926449,
    "agm2000005425": 0.7612449671758146,