{
  "predictions": {
    "mp-983357": 1.8945324419307317,
    "mp-8377": 0.8841137673733722,
    "mp-18938": 3.742370213369475,
    "mp-5854": 2.418632836803142,
    "mp-23778": 0.7115914773560243,
    "mp-19219": 2.0084672463076876,
    "mp-9197": 2.471340512548477,
    "mp-553887": 5.725678391303697,
    "mp-23407": 6.98048575304962,
    "mp-555150": 4.879078571593203,
    "mp-6062": 1.6936775154723782,
    "mp-863374": 6.5588796067276265,
    "mp-23363": 0.7482049199475737,
    "mp-23321": 4.448254776888211,
    "mp-27755": 0.3197661778586319,
    "mp-3491": 4.2214813523095565,
    "mp-540634": 1.3440929427550692,
    "mp-557773": 1.9252623598308465,
    "mp-559961": 0.4228829547638586,
    "mp-556966": 0.9699788631953673,
    "mp-7324": 2.024701927344894,
    "mp-622018": 0.5274819994320418,
    "mp-29305": 1.1985625466282825,
    "mp-639714": 6.153533836224566,
    "mp-24118": 0.9314914661470176,
    "mp-555203": 0.8975993130598023,
    "mp-706621": 0.7769620291270827,
    "mp-16792": 3.4800008504200384,
    "mp-639506": 0.20750370890394512,
    "mp-5020": 14.708375152850161,
    "mp-3589": 1.0739329603329641,
    "mp-28264": 0.4628271667515886,
    "mp-570136": 1.4795057993400171,
    "mp-862539": 2.0046769585690027,
    "mp-696946": 0.8962913658298929,
    "mp-27726": 0.5621394242781027,
    "mp-30530": 3.0071343353802718,
    "mp-626620": 1.2943258027077607,
    "mp-2691": 13.03509175602244,
    "mp-21521": 3.1009108984738902,
    "mp-4690": 1.330311990777305,
    "mp-756570": 2.2577885843671197,
    "mp-28918": 1.7845628712614816,
    "mp-754585": 1.5911450692594267,
    "mp-27914": 0.2757381587865633,
    "mp-29910": 6.211227790892521,
    "mp-14367": 1.3466797725274722,
    "mp-557027": 0.9048507051023167,
    "mp-29525": 0.5144170649573064,
    "mp-23866": 2.038307287954692,
    "mp-29524": 1.2400478707973608,
    "mp-559065": 1.997284978935898,
    "mp-551629": 3.2904402881163484,
    "mp-9064": 0.5512549028869772,
    "mp-13666": 6.070410683841561,
    "mp-14444": 3.433335817325464,
    "mp-685145": 14.972277551918813,
    "mp-830": 8.078211752506128,
    "mp-31451": 95.07307483449902,
    "mp-30847": 24.20712404644202,
    "mp-36111": 47.20666720330819,
    "mp-1184046": 2.2188486928409574,
    "mp-1215430": 25.073271720448393,
    "mp-1017534": 11.655563742562014,
    "mp-1018093": 63.861542467257216,
    "mp-1008556": 3.1187042815438852,
    "mp-4524": 49.14004410413204,
    "mp-10572": 6.034663619563185,
    "mp-7582": 39.1413643985175,
    "mp-22965": 13.281390322027486,
    "mp-4586": 32.46015990193313,
    "mp-1193269": 0.10221814510397274,
    "mp-1101862": 0.48410162050419475,
    "mp-1097061": 0.9872352921388802,
    "mp-998623": 2.127229383497928,
    "mp-1028576": 7.730519350201131,
    "mp-672118": 2.1753600419760897,
    "mp-1215418": 42.898299174058145,
    "mp-23173": 1.1432241956444755,
    "mp-863755": 6.363364212102247,
    "mp-1221954": 4.7679459927937495,
    "mp-1300570": 0.1340471836833164,
    "mp-1210659": 3.045744182999037,
    "mp-554560": 1.5391206868971956,
    "mp-15776": 43.83230347386065,
    "mp-28873": 2.100217985123849,
    "mp-1102285": 10.609117765754936,
    "mp-1227567": 42.455249283055245,
    "mp-1220190": 1.2049321709293872,
    "mp-570084": 45.210958794113864,
    "mp-17862": 4.367053735795477,
    "mp-1190717": 1.8718677404358823,
    "mp-1217833": 7.053561257189298,
    "mp-675779": 2.2902440433300515,
    "mp-27594": 16.039424506560753,
    "mp-1218158": 4.735152872634629,
    "mp-28140": 8.374624173354887,
    "mp-766345": 0.16531294900990826,
    "agm002183415": 23.20998687168854,
    "agm003160554": 22.024822595146198,
    "agm002205907": 56.255148063373596,
    "agm002233584": 5.488040947989287,
    "agm003227564": 1.5677344913233662,
    "agm002793928": 3.8424911721952326,
    "mp-781710": 4.977411789978304,
    "mp-1227011": 11.460025115092938,
    "mp-1216863": 7.5780879688249225,
    "agm002135972": 8.443223768971778,
    "agm003234420": 4.7869563216271045,
    "agm002218325": 57.38294992696657,
    "mp-1216132": 4.364970892744899,
    "mp-779863": 7.020825647052029,
    "mp-38103": 3.670869589361055,
    "mp-29362": 2.429550285235173,
    "mp-1019715": 2.6358956392120487,
    "agm002054632": 24.358270764383715,
    "mp-1204358": 0.5494137152112247,
    "mp-1105300": 17.32137261220556,
    "mp-1228823": 2.4256492360059467,
    "mp-15833": 2.5798275271083724,
    "mp-1103351": 7.049176931691353,
    "mp-24402": 0.7194170002916072,
    "mp-1095543": 1.977808977128044,
    "mp-1188121": 1.0916486369968044,
    "mp-625521": 1.1133164182859783,
    "mp-23560": 2.0755758086042815,
    "mp-1227994": 3.6166549138551285,
    "mp-1079609": 7.470186247806182,
    "mp-1192126": 2.6596516084471338,
    "agm002197344": 12.008394561757681,
    "agm002177947": 3.5043689201699104,
    "mp-696347": 2.644801680274716,
    "mp-1147693": 7.789900681770479,
    "agm002156258": 3.905285083095186,
    "mp-772748": 2.33869062759326,
    "mp-1029422": 17.457511617137815,
    "mp-1120718": 3.7745971986923816,
    "mp-1227036": 2.145593259372667,
    "mp-1194520": 3.4156892184801504,
    "mp-1218006": 18.95571613427552,
    "mp-1220913": 4.335601990102685,
    "mp-1223822": 1.0099351986544722,
    "mp-1147725": 8.87531967155756,
    "mp-984766": 1.1793360315666817,
    "mp-1210722": 3.4493383534657505,
    "agm003263235": 0.3564050091493914,
    "agm002215982": 2.068050468435645,
    "mp-568968": 38.50892694285899,
    "mp-27313": 1.52352642883454,
    "mp-556024": 1.000798921600535,
    "mp-28020": 5.606779775649884,
    "mp-1229086": 1.4837849912352172,
    "mp-772875": 0.02437552695053584,
    "agm002363904": 1.9118091126138328,
    "mp-1223536": 14.759484070331418,
    "mp-1147697": 7.313128477808917,
    "mp-23887": 1.0103528753721047,
    "mp-18609": 3.274861307299856,
    "agm002848041": 0.6309906318666098,
    "agm002133608": 14.085146867144381,
    "agm003268240": 18.112213690072036,
    "mp-1198890": 0.22536850922950552,
    "agm003200486": 0.06202086576645669,
    "mp-1096810": 7.272821414227979,
    "mp-1105127": 10.365474806624785,
    "mp-1216944": 1.942886713608499,
    "mp-555915": 0.5237753012470089,
    "mp-776259": 2.731297071019984,
    "agm002133663": 0.010641193035627503,
    "agm002790067": 35.930365644702675,
    "agm002162961": 5.999033483202976,
    "mp-767604": 19.585454624514856,
    "agm003445531": 4.221633910213693,
    "agm003206623": 4.860008116395131,
    "mp-1227366": 4.813815103769775,
    "agm005543540": 1.7096814034644954,
    "agm2000012572": 1.2978039504499896,
    "agm002205114": 59.57260478311898,
    "agm003046706": 5.772354335487951,
    "agm004786073": 4.1408932212205425,
    "agm003445638": 1.945485439485107,
    "agm002149208": 2.3369416167816284,
    "agm2000022161": 0.6776853901910799,
    "agm2000001840": 1.660481011098978,
    "agm002158429": 7.274390052995447,
    "agm004751295": 2.1355844624658697,
    "agm005848257": 1.634879634334892,
    "agm2000081842": 1.8152506311951797,
    "agm004879066": 2.6687899874768775,
    "agm001347560": 189.07223664612087,
    "agm2000086862": 1.218364494576164,
    "agm002102214": 1.4803867299130253,
    "mp-23807": 2.387888427348077,
    "agm004954137": 9.132972994670407,
    "agm004785400": 15.5036512097372,
    "agm001234439": 1.4039931505352499,
    "agm2000011096": 0.6949068581935123,
    "agm2000002067": 0.7073439435704818,
    "agm003716707": 0.7407659089976096,
    "mp-554918": 3.0705164087405628,
    "agm005769896": 2.7115173897863882,
    "agm005698720": 8.003552696541739,
    "agm004956590": 2.249085817686556,
    "agm006124765": 26.757425043978337,
    "mp-1202153": 5.40053324328629,
    "mp-23914": 0.1764134907697591,
    "agm002073747": 0.917608604820135,
    "agm004442672": 1.0141311438526142,
    "agm004929360": 0.6559241955275583,
    "agm003267560": 6.219490806848937,
    "agm002171920": 14.601704390521862,
    "mp-1215297": 12.691417966133042,
    "agm2000005425": 0.5776474784434598,