{
  "predictions": {
    "mp-552663": 1.9336693286895752,
    "mp-753401": 3.0906906127929688,
    "mp-23363": 0.2779942452907562,
    "mp-559961": 3.6205806732177734,
    "mp-17066": 0.7975410223007202,
    "mp-29155": 1.6356185674667358,
    "mp-542931": 1.3269357681274414,
    "mp-27316": 0.10619517415761948,
    "mp-6126": 1.468384861946106,
    "mp-997027": 3.1757187843322754,
    "mp-21521": 1.9444177150726318,
    "mp-8673": 2.6224091053009033,
    "mp-23280": 3.0433220863342285,
    "mp-561664": 1.1375133991241455,
    "mp-23794": 0.3504365086555481,
    "mp-756570": 1.3665424585342407,
    "mp-27987": 1.6116186380386353,
    "mp-550959": 10.718750953674316,
    "mp-556719": 1.2282342910766602,
    "mp-27914": 0.945820152759552,
    "mp-29524": 0.5929598212242126,
    "mp-504908": 4.869011878967285,
    "mp-559065": 13.338115692138672,
    "mp-769218": 31.4940185546875,
    "mp-570213": 62.412471771240234,
    "mp-1023936": 4.073690891265869,
    "mp-560588": 12.486820220947266,
    "mp-1222661": 55.4848747253418,
    "mp-1227993": 14.844562530517578,
    "mp-567246": 10.228328704833984,
    "mp-1184796": 0.1359909176826477,
    "mp-1217830": 2.5671985149383545,
    "mp-774907": 12.858494758605957,
    "mp-672158": 5.398656845092773,
    "mp-1228522": 6.1171875,
    "mp-504910": 2.2275235652923584,
    "mp-568802": 58.86024856567383,
    "mp-1222565": 0.3064228892326355,
    "mp-33723": 30.558908462524414,
    "mp-1227512": 80.40314483642578,
    "mp-1189731": 3.921372890472412,
    "mp-28089": 14.487133026123047,
    "mp-36779": 1.480700969696045,
    "mp-560521": 0.22665317356586456,
    "mp-571195": 64.33309173583984,
    "mp-1208039": 1.824662685394287,
    "mp-1224376": 25.008939743041992,
    "mp-1219501": 10.777271270751953,
    "mp-1218158": 5.286590099334717,
    "mp-17207": 35.472084045410156,
    "agm003202330": 58.502899169921875,
    "agm002254137": 116.32876586914062,
    "agm002186848": 84.7607650756836,
    "agm002224787": 9.475142478942871,
    "agm002153716": 0.9199119806289673,
    "mp-1195571": 1.3415658473968506,
    "mp-998230": 3.3234784603118896,
    "mp-1223489": 0.1504916250705719,
    "mp-1029932": 20.8427791595459,
    "mp-28473": 0.24316240847110748,
    "mp-1228745": 25.366077423095703,
    "mp-1029652": 3.251589775085449,
    "mp-985293": 0.40925857424736023,
    "mp-1019889": 0.2463863343000412,
    "mp-1227994": 1.1560094356536865,
    "agm002156258": 0.2167811542749405,
    "mp-559373": 2.4696853160858154,
    "mp-1215615": 18.06857681274414,
    "mp-1219293": 0.4415653645992279,
    "mp-560699": 5.937097549438477,
    "agm002156599": 1.3088934421539307,
    "mp-1078049": 18.760438919067383,
    "mp-554002": 0.5952627658843994,
    "mp-1226863": 0.7443637847900391,
    "agm002848041": 0.3221267759799957,
    "agm002336867": 120.75452423095703,
    "mp-1222496": 3.8676412105560303,
    "agm003160584": 74.6756820678711,
    "mp-568328": 95.81169891357422,
    "agm002137965": 0.5374632477760315,
    "agm002074655": 2.0543816089630127,
    "agm2000085596": 1.0811049938201904,
    "agm005539186": 14.042323112487793,
    "agm002073755": 0.4375256597995758,
    "agm002149208": 0.20890399813652039,
    "agm002225219": 15.147906303405762,
    "agm003713453": 2.4087986946105957,
    "agm1000019508": 0.3704827129840851,
    "agm2000011039": 0.4118266999721527,
    "agm005769288": 9.80120849609375,
    "agm005112928": 3.006868600845337,
    "agm001266143": 56.40568542480469,
    "agm005955873": 0.3220735192298889,
    "agm002077911": 13.321106910705566,
    "agm002097562": 0.541802167892456,
    "agm2000016398": 0.09196171164512634,
    "agm2000145156": 0.09637394547462463,
    "agm002056302": 1.3779287338256836,
    "agm002190330": 59.30644226074219,
    "mp-685097": 2.0636146068573,
    "agm003464867": 15.722761154174805,
    "agm003204906": 11.788687705993652,
    "agm002072309": 3.0809943675994873,
    "agm003612680": 0.27287915349006653,
    "agm002128787": 17.51548194885254,
    "agm2000128632": 0.09548408538103104,
    "agm005882580": 3.0499768257141113,
    "agm003743952": 1.9685873985290527,
    "mp-1029408": 10.950517654418945,
    "agm2000084944": 0.15799084305763245,
    "mp-998591": 5.216777324676514,
    "agm004958126": 1.2790428400039673,
    "agm002233061": 47.57561492919922,
    "agm005605704": 23.721094131469727,
    "mp-1220818": 4.307658672332764,
    "mp-761842": 1.8874531984329224,
    "mp-14568": 0.16521038115024567,
    "agm004947354": 6.8496413230896,
    "agm006056059": 0.3985047936439514,
    "mp-32959": 0.9599975347518921,
    "agm002091778": 2.8188302516937256,
    "agm004951594": 8.373117446899414,
    "agm002079795": 2.0774085521698,
    "agm002018585": 88.60494995117188,
    "agm004786105": 41.279296875
  },
  "uncertainties": {
    "mp-552663": 0.8844207525253296,
    "mp-753401": 1.426102876663208,
    "mp-23363": 0.32385560870170593,
    "mp-559961": 1.2145488262176514,
    "mp-17066": 0.5788942575454712,
    "mp-29155": 0.6036121845245361,
    "mp-542931": 0.4634797275066376,
    "mp-27316": 0.14991958439350128,
    "mp-6126": 1.037726640701294,
    "mp-997027": 2.3791399002075195,
    "mp-21521": 1.123001217842102,
    "mp-8673": 1.5857081413269043,
    "mp-23280": 2.4954864978790283,
    "mp-561664": 0.7318727374076843,
    "mp-23794": 0.2265131026506424,
    "mp-756570": 1.244997501373291,
    "mp-27987": 1.226313829421997,
    "mp-550959": 3.191046714782715,
    "mp-556719": 1.432012677192688,
    "mp-27914": 1.415902018547058,
    "mp-29524": 0.8404208421707153,
    "mp-504908": 2.736104726791382,
    "mp-559065": 3.3015100955963135,
    "mp-769218": 9.661581993103027,
    "mp-570213": 19.377683639526367,
    "mp-1023936": 1.6661325693130493,
    "mp-560588": 3.072746753692627,
    "mp-1222661": 20.91769790649414,
    "mp-1227993": 3.5655429363250732,
    "mp-567246": 7.120279788970947,
    "mp-1184796": 0.1211462989449501,
    "mp-1217830": 2.2022736072540283,
    "mp-774907": 5.715376853942871,
    "mp-672158": 3.5007200241088867,
    "mp-1228522": 2.4471254348754883,
    "mp-504910": 2.294293165206909,
    "mp-568802": 9.510782241821289,
    "mp-1222565": 0.2975258231163025,
    "mp-33723": 17.61504554748535,
    "mp-1227512": 22.661928176879883,
    "mp-1189731": 2.39741587638855,
    "mp-28089": 8.207715034484863,
    "mp-36779": 0.610382616519928,
    "mp-560521": 0.16114267706871033,
    "mp-571195": 13.46043586730957,
    "mp-1208039": 0.7106090784072876,
    "mp-1224376": 5.996117115020752,
    "mp-1219501": 4.240574836730957,
    "mp-1218158": 1.5162302255630493,
    "mp-17207": 19.892126083374023,
    "agm003202330": 14.521668434143066,
    "agm002254137": 18.053804397583008,
    "agm002186848": 18.670316696166992,
    "agm002224787": 2.1257834434509277,
    "agm002153716": 0.6103464961051941,
    "mp-1195571": 1.9915692806243896,
    "mp-998230": 2.0735442638397217,
    "mp-1223489": 0.1326577365398407,
    "mp-1029932": 15.832845687866211,
    "mp-28473": 0.16523364186286926,
    "mp-1228745": 8.387500762939453,
    "mp-1029652": 1.3726344108581543,
    "mp-985293": 0.2593202590942383,
    "mp-1019889": 0.2173592895269394,
    "mp-1227994": 0.30473700165748596,
    "agm002156258": 0.15649256110191345,
    "mp-559373": 2.255617618560791,
    "mp-1215615": 2.339629650115967,
    "mp-1219293": 0.6867953538894653,
    "mp-560699": 1.30424964427948,
    "agm002156599": 0.6138936877250671,
    "mp-1078049": 1.8368275165557861,
    "mp-554002": 0.37830618023872375,
    "mp-1226863": 0.28541114926338196,
    "agm002848041": 0.3467814028263092,
    "agm002336867": 29.327045440673828,
    "mp-1222496": 4.584563732147217,
    "agm003160584": 23.48940658569336,
    "mp-568328": 43.05851364135742,
    "agm002137965": 0.2791195213794708,
    "agm002074655": 0.5397489070892334,
    "agm2000085596": 1.844797134399414,
    "agm005539186": 5.772932052612305,
    "agm002073755": 0.22988398373126984,
    "agm002149208": 0.13126325607299805,
    "agm002225219": 1.6971379518508911,