{
  "predictions": {
    "mp-552663": 1.9420744180679321,
    "mp-753401": 2.6060750484466553,
    "mp-23363": 0.16618260741233826,
    "mp-559961": 2.0205442905426025,
    "mp-17066": 0.9900504350662231,
    "mp-29155": 2.1911110877990723,
    "mp-542931": 1.6245161294937134,
    "mp-27316": 0.03321804106235504,
    "mp-6126": 2.2197306156158447,
    "mp-997027": 4.123223304748535,
    "mp-21521": 2.143148422241211,
    "mp-8673": 3.7533674240112305,
    "mp-23280": 2.0323359966278076,
    "mp-561664": 1.6209628582000732,
    "mp-23794": 0.41588112711906433,
    "mp-756570": 2.438610315322876,
    "mp-27987": 0.6054948568344116,
    "mp-550959": 7.785353183746338,
    "mp-556719": 1.2171566486358643,
    "mp-27914": 2.3543529510498047,
    "mp-29524": 0.581657886505127,
    "mp-504908": 3.7373170852661133,
    "mp-559065": 13.131590843200684,
    "mp-769218": 43.793094635009766,
    "mp-570213": 61.312171936035156,
    "mp-1023936": 4.340083122253418,
    "mp-560588": 15.396678924560547,
    "mp-1222661": 52.453330993652344,
    "mp-1227993": 13.135673522949219,
    "mp-567246": 8.680322647094727,
    "mp-1184796": 0.11434637755155563,
    "mp-1217830": 3.618753671646118,
    "mp-774907": 4.036044120788574,
    "mp-672158": 3.6867356300354004,
    "mp-1228522": 6.557701587677002,
    "mp-504910": 1.6819941997528076,
    "mp-568802": 55.4798583984375,
    "mp-1222565": 0.32343044877052307,
    "mp-33723": 48.23011779785156,
    "mp-1227512": 88.84671783447266,
    "mp-1189731": 3.014350652694702,
    "mp-28089": 10.940572738647461,
    "mp-36779": 1.7630163431167603,
    "mp-560521": 0.1850590705871582,
    "mp-571195": 67.69706726074219,
    "mp-1208039": 1.4247301816940308,
    "mp-1224376": 25.52117919921875,
    "mp-1219501": 11.652195930480957,
    "mp-1218158": 3.0462756156921387,
    "mp-17207": 19.5927677154541,
    "agm003202330": 72.96934509277344,
    "agm002254137": 119.80199432373047,
    "agm002186848": 79.75039672851562,
    "agm002224787": 13.172004699707031,
    "agm002153716": 1.5098834037780762,
    "mp-1195571": 0.4067215025424957,
    "mp-998230": 5.920016288757324,
    "mp-1223489": 0.17427091300487518,
    "mp-1029932": 19.79595184326172,
    "mp-28473": 0.5440608859062195,
    "mp-1228745": 17.260028839111328,
    "mp-1029652": 3.6108717918395996,
    "mp-985293": 0.41814982891082764,
    "mp-1019889": 0.33692532777786255,
    "mp-1227994": 1.2450212240219116,
    "agm002156258": 0.43346285820007324,
    "mp-559373": 4.365097522735596,
    "mp-1215615": 19.166852951049805,
    "mp-1219293": 0.23126909136772156,
    "mp-560699": 3.89229679107666,
    "agm002156599": 1.1614419221878052,
    "mp-1078049": 17.19415283203125,
    "mp-554002": 0.35685646533966064,
    "mp-1226863": 1.07816743850708,
    "agm002848041": 0.6733425855636597,
    "agm002336867": 121.8560562133789,
    "mp-1222496": 2.3255350589752197,
    "agm003160584": 45.536659240722656,
    "mp-568328": 115.10400390625,
    "agm002137965": 0.49403563141822815,
    "agm002074655": 1.4201358556747437,
    "agm2000085596": 1.0277230739593506,
    "agm005539186": 15.442584037780762,
    "agm002073755": 0.4960560202598572,
    "agm002149208": 0.2873854339122772,
    "agm002225219": 13.842432022094727,
    "agm003713453": 2.6454477310180664,
    "agm1000019508": 0.8393622040748596,
    "agm2000011039": 0.9589857459068298,
    "agm005769288": 4.9207563400268555,
    "agm005112928": 5.583449840545654,
    "agm001266143": 53.28522491455078,
    "agm005955873": 0.4658605456352234,
    "agm002077911": 13.639871597290039,
    "agm002097562": 0.3393867015838623,
    "agm2000016398": 0.02657213993370533,
    "agm2000145156": 0.036775171756744385,
    "agm002056302": 1.630707859992981,
    "agm002190330": 56.27505874633789,
    "mp-685097": 2.8278908729553223,
    "agm003464867": 14.744067192077637,
    "agm003204906": 11.509225845336914,
    "agm002072309": 2.8602283000946045,
    "agm003612680": 0.37301114201545715,
    "agm002128787": 26.407814025878906,
    "agm2000128632": 0.3672250807285309,
    "agm005882580": 2.4613914489746094,
    "agm003743952": 2.2418558597564697,
    "mp-1029408": 9.887073516845703,
    "agm2000084944": 0.10114255547523499,
    "mp-998591": 7.865847110748291,
    "agm004958126": 2.3417670726776123,
    "agm002233061": 47.35920333862305,
    "agm005605704": 22.142379760742188,
    "mp-1220818": 3.731738328933716,
    "mp-761842": 2.8194081783294678,
    "mp-14568": 0.14656661450862885,
    "agm004947354": 8.780155181884766,
    "agm006056059": 0.37736815214157104,
    "mp-32959": 0.5331295132637024,
    "agm002091778": 2.272449493408203,
    "agm004951594": 8.0535888671875,
    "agm002079795": 1.5332214832305908,
    "agm002018585": 51.69662094116211,
    "agm004786105": 43.04037094116211
  },
  "uncertainties": {
    "mp-552663": 0.7388573884963989,
    "mp-753401": 1.1941771507263184,
    "mp-23363": 0.14551083743572235,
    "mp-559961": 0.8111180067062378,
    "mp-17066": 0.6280467510223389,
    "mp-29155": 0.6016016602516174,
    "mp-542931": 0.5587199926376343,
    "mp-27316": 0.137004092335701,
    "mp-6126": 1.2833274602890015,
    "mp-997027": 2.62088942527771,
    "mp-21521": 0.9913073182106018,
    "mp-8673": 1.8372560739517212,
    "mp-23280": 0.9043319225311279,
    "mp-561664": 0.5598918795585632,
    "mp-23794": 0.22032304108142853,
    "mp-756570": 1.069501519203186,
    "mp-27987": 0.5906656384468079,
    "mp-550959": 3.539811849594116,
    "mp-556719": 1.042837381362915,
    "mp-27914": 1.543789029121399,
    "mp-29524": 0.9976772665977478,
    "mp-504908": 2.197021007537842,
    "mp-559065": 4.234208106994629,
    "mp-769218": 9.842512130737305,
    "mp-570213": 21.7556209564209,
    "mp-1023936": 2.0713844299316406,
    "mp-560588": 4.936863899230957,
    "mp-1222661": 13.120118141174316,
    "mp-1227993": 2.5817501544952393,
    "mp-567246": 4.591109275817871,
    "mp-1184796": 0.19119887053966522,
    "mp-1217830": 3.25329327583313,
    "mp-774907": 2.2669332027435303,
    "mp-672158": 2.278132677078247,
    "mp-1228522": 1.5232800245285034,
    "mp-504910": 0.8916530609130859,
    "mp-568802": 10.404165267944336,
    "mp-1222565": 0.24535076320171356,
    "mp-33723": 23.921009063720703,
    "mp-1227512": 16.40892791748047,
    "mp-1189731": 3.090780735015869,
    "mp-28089": 5.973033428192139,
    "mp-36779": 0.4535932242870331,
    "mp-560521": 0.16350923478603363,
    "mp-571195": 12.093989372253418,
    "mp-1208039": 0.39946967363357544,
    "mp-1224376": 7.204535961151123,
    "mp-1219501": 1.50399649143219,
    "mp-1218158": 0.8982107639312744,
    "mp-17207": 8.650031089782715,
    "agm003202330": 13.510448455810547,
    "agm002254137": 20.23458480834961,
    "agm002186848": 21.413639068603516,
    "agm002224787": 2.2439839839935303,
    "agm002153716": 0.6016199588775635,
    "mp-1195571": 0.5553209185600281,
    "mp-998230": 1.4422105550765991,
    "mp-1223489": 0.16518303751945496,
    "mp-1029932": 5.317821025848389,
    "mp-28473": 0.30889129638671875,
    "mp-1228745": 8.724159240722656,
    "mp-1029652": 0.9697160124778748,
    "mp-985293": 0.23008356988430023,
    "mp-1019889": 0.13809514045715332,
    "mp-1227994": 0.2829550802707672,
    "agm002156258": 0.30036818981170654,
    "mp-559373": 2.5021610260009766,
    "mp-1215615": 1.8470855951309204,
    "mp-1219293": 0.2133340984582901,
    "mp-560699": 3.3758046627044678,
    "agm002156599": 0.5025045871734619,
    "mp-1078049": 1.3475366830825806,
    "mp-554002": 0.19024516642093658,
    "mp-1226863": 0.34883660078048706,
    "agm002848041": 0.48579302430152893,
    "agm002336867": 29.3470401763916,
    "mp-1222496": 1.5585193634033203,
    "agm003160584": 8.506044387817383,
    "mp-568328": 34.48710250854492,
    "agm002137965": 0.2220669537782669,
    "agm002074655": 0.6195145845413208,
    "agm2000085596": 1.5908759832382202,
    "agm005539186": 4.4219207763671875,
    "agm002073755": 0.22528915107250214,
    "agm002149208": 0.10210245847702026,