{
  "predictions": {
    "mp-552663": 1.3543232679367065,
    "mp-753401": 2.6974575519561768,
    "mp-23363": 0.1887884885072708,
    "mp-559961": 2.5154483318328857,
    "mp-17066": 1.302059292793274,
    "mp-29155": 2.5449531078338623,
    "mp-542931": 2.764073133468628,
    "mp-27316": 0.25050657987594604,
    "mp-6126": 5.576001167297363,
    "mp-997027": 8.466678619384766,
    "mp-21521": 1.7307705879211426,
    "mp-8673": 4.507951259613037,
    "mp-23280": 3.5148215293884277,
    "mp-561664": 2.1589643955230713,
    "mp-23794": 0.2756456136703491,
    "mp-756570": 2.138167142868042,
    "mp-27987": 0.6987583637237549,
    "mp-550959": 9.432294845581055,
    "mp-556719": 1.6242338418960571,
    "mp-27914": 2.87579345703125,
    "mp-29524": 1.4603277444839478,
    "mp-504908": 4.564526557922363,
    "mp-559065": 10.689370155334473,
    "mp-769218": 41.5981330871582,
    "mp-570213": 48.78254318237305,
    "mp-1023936": 4.924031734466553,
    "mp-560588": 27.863178253173828,
    "mp-1222661": 47.89205551147461,
    "mp-1227993": 12.117725372314453,
    "mp-567246": 14.119298934936523,
    "mp-1184796": 0.15551048517227173,
    "mp-1217830": 3.1817069053649902,
    "mp-774907": 4.413503170013428,
    "mp-672158": 4.843475818634033,
    "mp-1228522": 8.597366333007812,
    "mp-504910": 1.2707232236862183,
    "mp-568802": 33.61357879638672,
    "mp-1222565": 0.3458172082901001,
    "mp-33723": 59.693580627441406,
    "mp-1227512": 77.40422058105469,
    "mp-1189731": 1.6798386573791504,
    "mp-28089": 13.997758865356445,
    "mp-36779": 2.468200922012329,
    "mp-560521": 0.2794609069824219,
    "mp-571195": 85.77177429199219,
    "mp-1208039": 1.2215580940246582,
    "mp-1224376": 32.260807037353516,
    "mp-1219501": 12.435894966125488,
    "mp-1218158": 4.5794358253479,
    "mp-17207": 21.635469436645508,
    "agm003202330": 62.07421875,
    "agm002254137": 84.80057525634766,
    "agm002186848": 84.73509979248047,
    "agm002224787": 14.202461242675781,
    "agm002153716": 1.4714231491088867,
    "mp-1195571": 0.8071011304855347,
    "mp-998230": 6.321069240570068,
    "mp-1223489": 0.30388879776000977,
    "mp-1029932": 13.691808700561523,
    "mp-28473": 0.43132632970809937,
    "mp-1228745": 15.71992301940918,
    "mp-1029652": 4.127462387084961,
    "mp-985293": 0.531883716583252,
    "mp-1019889": 0.262454628944397,
    "mp-1227994": 1.3727045059204102,
    "agm002156258": 0.7584993243217468,
    "mp-559373": 4.274929523468018,
    "mp-1215615": 20.577604293823242,
    "mp-1219293": 0.4766415059566498,
    "mp-560699": 4.966595649719238,
    "agm002156599": 0.8764384984970093,
    "mp-1078049": 17.355663299560547,
    "mp-554002": 0.32871365547180176,
    "mp-1226863": 0.7858652472496033,
    "agm002848041": 0.4731578826904297,
    "agm002336867": 119.98754119873047,
    "mp-1222496": 5.705297470092773,
    "agm003160584": 38.364322662353516,
    "mp-568328": 65.69326782226562,
    "agm002137965": 0.2772984802722931,
    "agm002074655": 0.7671810388565063,
    "agm2000085596": 6.228758335113525,
    "agm005539186": 15.368958473205566,
    "agm002073755": 0.5289584398269653,
    "agm002149208": 0.20547020435333252,
    "agm002225219": 14.561960220336914,
    "agm003713453": 1.9805775880813599,
    "agm1000019508": 0.7671241164207458,
    "agm2000011039": 0.854140043258667,
    "agm005769288": 1.751023530960083,
    "agm005112928": 13.287632942199707,
    "agm001266143": 57.94878005981445,
    "agm005955873": 0.3858172297477722,
    "agm002077911": 13.826573371887207,
    "agm002097562": 0.3429986536502838,
    "agm2000016398": 0.05574175342917442,
    "agm2000145156": 0.04420711472630501,
    "agm002056302": 1.7553071975708008,
    "agm002190330": 64.43479919433594,
    "mp-685097": 2.6082043647766113,
    "agm003464867": 15.563973426818848,
    "agm003204906": 11.243502616882324,
    "agm002072309": 3.076692819595337,
    "agm003612680": 0.3979318141937256,
    "agm002128787": 32.795223236083984,
    "agm2000128632": 0.2884504199028015,
    "agm005882580": 3.783008098602295,
    "agm003743952": 2.8271219730377197,
    "mp-1029408": 9.285691261291504,
    "agm2000084944": 0.12583434581756592,
    "mp-998591": 8.425158500671387,
    "agm004958126": 1.2535940408706665,
    "agm002233061": 49.92954635620117,
    "agm005605704": 14.306983947753906,
    "mp-1220818": 4.401251316070557,
    "mp-761842": 5.266490459442139,
    "mp-14568": 0.0899350717663765,
    "agm004947354": 8.902931213378906,
    "agm006056059": 0.23448584973812103,
    "mp-32959": 0.39783772826194763,
    "agm002091778": 1.8232338428497314,
    "agm004951594": 4.0730695724487305,
    "agm002079795": 2.1550703048706055,
    "agm002018585": 60.33075714111328,
    "agm004786105": 41.66780090332031
  },
  "uncertainties": {
    "mp-552663": 0.6426881551742554,
    "mp-753401": 1.6481175422668457,
    "mp-23363": 0.1559790074825287,
    "mp-559961": 0.828978419303894,
    "mp-17066": 0.685783326625824,
    "mp-29155": 0.827277660369873,
    "mp-542931": 0.6668714880943298,
    "mp-27316": 0.13904227316379547,
    "mp-6126": 3.8217318058013916,
    "mp-997027": 6.824832916259766,
    "mp-21521": 0.8473173379898071,
    "mp-8673": 2.367265462875366,
    "mp-23280": 1.8179463148117065,
    "mp-561664": 0.6950461268424988,
    "mp-23794": 0.1656959056854248,
    "mp-756570": 0.9364964365959167,
    "mp-27987": 0.5498847365379333,
    "mp-550959": 5.275501251220703,
    "mp-556719": 1.3103985786437988,
    "mp-27914": 2.2598514556884766,
    "mp-29524": 1.2387852668762207,
    "mp-504908": 2.2442209720611572,
    "mp-559065": 4.1307525634765625,
    "mp-769218": 13.397753715515137,
    "mp-570213": 12.972189903259277,
    "mp-1023936": 2.1164958477020264,
    "mp-560588": 8.012725830078125,
    "mp-1222661": 15.446776390075684,
    "mp-1227993": 4.790307521820068,
    "mp-567246": 4.5605340003967285,
    "mp-1184796": 0.09791936725378036,
    "mp-1217830": 2.166074514389038,
    "mp-774907": 2.592395305633545,
    "mp-672158": 2.7646825313568115,
    "mp-1228522": 1.492006778717041,
    "mp-504910": 0.618231475353241,
    "mp-568802": 11.317337989807129,
    "mp-1222565": 0.22974438965320587,
    "mp-33723": 17.924930572509766,
    "mp-1227512": 12.86058235168457,
    "mp-1189731": 1.1655713319778442,
    "mp-28089": 6.190077781677246,
    "mp-36779": 0.46816542744636536,
    "mp-560521": 0.1486496478319168,
    "mp-571195": 8.197164535522461,
    "mp-1208039": 0.4901079833507538,
    "mp-1224376": 8.314227104187012,
    "mp-1219501": 1.598910927772522,
    "mp-1218158": 1.1141027212142944,
    "mp-17207": 11.149980545043945,
    "agm003202330": 19.823707580566406,
    "agm002254137": 19.358196258544922,
    "agm002186848": 28.34718132019043,
    "agm002224787": 2.216623067855835,
    "agm002153716": 0.5737790465354919,
    "mp-1195571": 0.6116245985031128,
    "mp-998230": 1.9077205657958984,
    "mp-1223489": 0.17901486158370972,
    "mp-1029932": 5.33424711227417,
    "mp-28473": 0.25246307253837585,
    "mp-1228745": 6.827980995178223,
    "mp-1029652": 1.711440086364746,
    "mp-985293": 0.4273722469806671,
    "mp-1019889": 0.12633705139160156,
    "mp-1227994": 0.5163632035255432,
    "agm002156258": 0.7396712303161621,
    "mp-559373": 2.3971614837646484,
    "mp-1215615": 2.235555648803711,
    "mp-1219293": 0.2802291810512543,
    "mp-560699": 1.7101080417633057,
    "agm002156599": 0.5551096796989441,
    "mp-1078049": 1.8522237539291382,
    "mp-554002": 0.23881858587265015,
    "mp-1226863": 0.2031393200159073,
    "agm002848041": 0.41610395908355713,
    "agm002336867": 21.28268814086914,
    "mp-1222496": 2.6775879859924316,
    "agm003160584": 12.653840065002441,
    "mp-568328": 28.507938385009766,
    "agm002137965": 0.16247935593128204,
    "agm002074655": 0.5039390325546265,
    "agm2000085596": 4.175781726837158,
    "agm005539186": 3.046698570251465,
    "agm002073755": 0.1786622703075409,
    "agm002149208": 0.08629359304904938,