{
  "predictions": {
    "mp-983357": 0.9838269948959351,
    "mp-8377": 6.087319850921631,
    "mp-18938": 1.7844544649124146,
    "mp-5854": 1.4434996843338013,
    "mp-23778": 1.6581645011901855,
    "mp-19219": 2.7564523220062256,
    "mp-9197": 1.682430386543274,
    "mp-553887": 13.20162296295166,
    "mp-23407": 6.342870235443115,
    "mp-555150": 1.6425495147705078,
    "mp-6062": 1.6447474956512451,
    "mp-863374": 5.068237781524658,
    "mp-23363": 1.7109599113464355,
    "mp-23321": 1.0202618837356567,
    "mp-27755": 1.8497374057769775,
    "mp-3491": 1.5984575748443604,
    "mp-540634": 1.674988031387329,
    "mp-557773": 1.9756009578704834,
    "mp-559961": 1.5929675102233887,
    "mp-556966": 3.490518093109131,
    "mp-7324": 1.316936731338501,
    "mp-622018": 2.924910545349121,
    "mp-29305": 2.2880022525787354,
    "mp-639714": 1.558727502822876,
    "mp-24118": 0.5887987017631531,
    "mp-555203": 1.3137038946151733,
    "mp-706621": 1.0295121669769287,
    "mp-16792": 1.9137918949127197,
    "mp-639506": 0.15577685832977295,
    "mp-5020": 10.466087341308594,
    "mp-3589": 1.9937553405761719,
    "mp-28264": 1.4413483142852783,
    "mp-570136": 46.945045471191406,
    "mp-862539": 0.9754058718681335,
    "mp-696946": 1.742513656616211,
    "mp-27726": 2.011054039001465,
    "mp-30530": 1.3938004970550537,
    "mp-626620": 1.7944166660308838,
    "mp-2691": 30.068145751953125,
    "mp-21521": 13.310896873474121,
    "mp-4690": 2.268566131591797,
    "mp-756570": 7.068803787231445,
    "mp-28918": 8.493436813354492,
    "mp-754585": 13.736831665039062,
    "mp-27914": 1.6878602504730225,
    "mp-29910": 8.019378662109375,
    "mp-14367": 2.9344427585601807,
    "mp-557027": 0.29307419061660767,
    "mp-29525": 6.729024410247803,
    "mp-23866": 0.2640810012817383,
    "mp-29524": 4.170623779296875,
    "mp-559065": 2.717054843902588,
    "mp-551629": 1.4508836269378662,
    "mp-9064": 74.64944458007812,
    "mp-13666": 22.06989097595215,
    "mp-14444": 23.272642135620117,
    "mp-685145": 23.83704376220703,
    "mp-830": 5.591598987579346,
    "mp-31451": 92.90779113769531,
    "mp-30847": 27.012529373168945,
    "mp-36111": 77.48410034179688,
    "mp-1184046": 36.86624526977539,
    "mp-1215430": 50.84087371826172,
    "mp-1017534": 72.28044128417969,
    "mp-1018093": 20.89346694946289,
    "mp-1008556": 21.179113388061523,
    "mp-4524": 39.60186767578125,
    "mp-10572": 3.553222894668579,
    "mp-7582": 38.89305114746094,
    "mp-22965": 113.858642578125,
    "mp-4586": 38.9781379699707,
    "mp-1193269": 0.09557223320007324,
    "mp-1101862": 1.5761618614196777,
    "mp-1097061": 0.9613529443740845,
    "mp-998623": 5.740616321563721,
    "mp-1028576": 28.248868942260742,
    "mp-672118": 14.546285629272461,
    "mp-1215418": 71.77798461914062,
    "mp-23173": 35.62554931640625,
    "mp-863755": 14.254944801330566,
    "mp-1221954": 10.689236640930176,
    "mp-1300570": 2.728847026824951,
    "mp-1210659": 2.5616674423217773,
    "mp-554560": 0.15665394067764282,
    "mp-15776": 38.73290252685547,
    "mp-28873": 1.4238417148590088,
    "mp-1102285": 12.29896068572998,
    "mp-1227567": 85.99034881591797,
    "mp-1220190": 1.484658122062683,
    "mp-570084": 55.40651321411133,
    "mp-17862": 2.798316240310669,
    "mp-1190717": 1.534766435623169,
    "mp-1217833": 4.674628257751465,
    "mp-675779": 6.484640598297119,
    "mp-27594": 31.350008010864258,
    "mp-1218158": 2.89444899559021,
    "mp-28140": 22.633922576904297,
    "mp-766345": 1.2796733379364014,
    "agm002183415": 11.6322660446167,
    "agm003160554": 72.6617431640625,
    "agm002205907": 68.93769073486328,
    "agm002233584": 12.662323951721191,
    "agm003227564": 6.9229888916015625,
    "agm002793928": 2.7340457439422607,
    "mp-781710": 12.986706733703613,
    "mp-1227011": 28.902856826782227,
    "mp-1216863": 10.503430366516113,
    "agm002135972": 88.70648193359375,
    "agm003234420": 1.6740059852600098,
    "agm002218325": 65.57562255859375,
    "mp-1216132": 8.391704559326172,
    "mp-779863": 4.91917610168457,
    "mp-38103": 1.395169973373413,
    "mp-29362": 1.7882895469665527,
    "mp-1019715": 1.640159010887146,
    "agm002054632": 31.71370506286621,
    "mp-1204358": 0.1413087248802185,
    "mp-1105300": 18.69850730895996,
    "mp-1228823": 25.382728576660156,
    "mp-15833": 5.3498148918151855,
    "mp-1103351": 25.071781158447266,
    "mp-24402": 0.15291434526443481,
    "mp-1095543": 1.207450270652771,
    "mp-1188121": 0.6267982125282288,
    "mp-625521": 3.969081163406372,
    "mp-23560": 1.4924089908599854,
    "mp-1227994": 1.607771635055542,
    "mp-1079609": 1.5986618995666504,
    "mp-1192126": 2.753814935684204,
    "agm002197344": 25.362913131713867,
    "agm002177947": 26.517553329467773,
    "mp-696347": 1.0014266967773438,
    "mp-1147693": 10.840567588806152,
    "agm002156258": 0.7069399952888489,
    "mp-772748": -0.215084969997406,
    "mp-1029422": 14.1548490524292,
    "mp-1120718": 16.846736907958984,
    "mp-1227036": 0.4495922029018402,
    "mp-1194520": 3.183917284011841,
    "mp-1218006": 6.83563756942749,
    "mp-1220913": 11.647870063781738,
    "mp-1223822": 1.155653476715088,
    "mp-1147725": 13.426039695739746,
    "mp-984766": 0.9124160408973694,
    "mp-1210722": 4.443952560424805,
    "agm003263235": 5.742366790771484,
    "agm002215982": 1.943317174911499,
    "mp-568968": 33.3151969909668,
    "mp-27313": 0.07504206895828247,
    "mp-556024": 0.5063532590866089,
    "mp-28020": 1.9325881004333496,
    "mp-1229086": 1.1899604797363281,
    "mp-772875": 5.791224002838135,
    "agm002363904": 1.2915980815887451,
    "mp-1223536": 22.106124877929688,
    "mp-1147697": 11.762897491455078,
    "mp-23887": 1.316678524017334,
    "mp-18609": 23.73627471923828,
    "agm002848041": 5.491235256195068,
    "agm002133608": 53.21315383911133,
    "agm003268240": 75.5226058959961,
    "mp-1198890": 0.1388108730316162,
    "agm003200486": 1.6398839950561523,
    "mp-1096810": 10.461424827575684,
    "mp-1105127": 80.08673858642578,
    "mp-1216944": 9.003273963928223,
    "mp-555915": 27.522462844848633,
    "mp-776259": 4.529105186462402,
    "agm002133663": 16.443828582763672,
    "agm002790067": 27.265911102294922,
    "agm002162961": 25.290555953979492,
    "mp-767604": 13.058232307434082,
    "agm003445531": 1.6417537927627563,
    "agm003206623": 1.7756272554397583,
    "mp-1227366": 6.82286262512207,
    "agm005543540": 2.7052712440490723,
    "agm2000012572": 0.4693063199520111,
    "agm002205114": 102.17723083496094,
    "agm003046706": 8.830035209655762,
    "agm004786073": 14.856741905212402,
    "agm003445638": 1.434556007385254,
    "agm002149208": 1.3225014209747314,
    "agm2000022161": 0.4921187162399292,
    "agm2000001840": 1.5186188220977783,
    "agm002158429": 2.0045254230499268,
    "agm004751295": 0.6370439529418945,
    "agm005848257": 1.39848792552948,
    "agm2000081842": 1.3759326934814453,
    "agm004879066": 1.9573965072631836,
    "agm001347560": 142.3011474609375,
    "agm2000086862": 1.000016212463379,
    "agm002102214": 1.2189041376113892,
    "mp-23807": 1.5939992666244507,
    "agm004954137": 8.005603790283203,
    "agm004785400": 16.676851272583008,
    "agm001234439": 1.3142752647399902,
    "agm2000011096": 1.1162092685699463,
    "agm2000002067": 1.242415428161621,
    "agm003716707": 1.4858717918395996,
    "mp-554918": 0.5466473698616028,
    "agm005769896": 3.7268178462982178,
    "agm005698720": 8.280969619750977,
    "agm004956590": 1.1216161251068115,
    "agm006124765": 22.880971908569336,
    "mp-1202153": 8.551895141601562,
    "mp-23914": 1.6031584739685059,
    "agm002073747": 1.458815097808838,
    "agm004442672": 0.565969705581665,
    "agm004929360": 1.8171300888061523,
    "agm003267560": 11.023916244506836,
    "agm002171920": 19.020851135253906,
    "mp-1215297": 15.921422004699707,
    "agm2000005425": 0.5774707198143005,