{
  "predictions": {
    "mp-21892": 2.2403720780025744,
    "mp-8070": 2.2403720780025744,
    "mp-558491": 2.2403720780025744,
    "mp-632684": 2.2403720780025744,
    "mp-23329": 2.2403720780025744,
    "mp-555150": 2.2403720780025744,
    "mp-6564": 2.2403720780025744,
    "mp-18578": 2.2403720780025744,
    "mp-760755": 2.2403720780025744,
    "mp-28456": 2.2403720780025744,
    "mp-4779": 2.2403720780025744,
    "mp-6268": 2.2403720780025744,
    "mp-706621": 2.2403720780025744,
    "mp-559057": 2.2403720780025744,
    "mp-24468": 2.2403720780025744,
    "mp-1778": 2.2403720780025744,
    "mp-2176": 2.2403720780025744,
    "mp-22909": 2.2403720780025744,
    "mp-4187": 2.2403720780025744,
    "mp-10341": 2.2403720780025744,
    "mp-9844": 2.2403720780025744,
    "mp-5784": 2.2403720780025744,
    "mp-20694": 2.2403720780025744,
    "mp-9066": 2.2403720780025744,
    "mp-6126": 2.2403720780025744,
    "mp-632229": 2.2403720780025744,
    "mp-12177": 2.2403720780025744,
    "mp-21521": 2.2403720780025744,
    "mp-1287": 2.2403720780025744,
    "mp-756044": 2.2403720780025744,
    "mp-754712": 2.2403720780025744,
    "mp-4812": 2.2403720780025744,
    "mp-18168": 2.2403720780025744,
    "mp-23866": 2.2403720780025744,
    "mp-558085": 2.2403720780025744,
    "mp-230": 2.2403720780025744,
    "mp-505702": 2.2403720780025744,
    "mp-559065": 2.2403720780025744,
    "mp-559545": 2.2403720780025744,
    "mp-549720": 2.2403720780025744,
    "mp-561385": 2.2403720780025744,
    "mp-13666": 2.2403720780025744,
    "mp-14444": 2.2403720780025744,
    "mp-1550": 2.2403720780025744,
    "mp-2469": 2.2403720780025744,
    "mp-31451": 2.2403720780025744,
    "mp-1023924": 2.2403720780025744,
    "mp-1100395": 2.2403720780025744,
    "mp-961682": 2.2403720780025744,
    "mp-38011": 2.2403720780025744,
    "mp-30847": 2.2403720780025744,
    "mp-8884": 2.2403720780025744,
    "mp-1017534": 2.2403720780025744,
    "mp-6980": 2.2403720780025744,
    "mp-560588": 2.2403720780025744,
    "mp-4524": 2.2403720780025744,
    "mp-4514": 2.2403720780025744,
    "mp-11714": 2.2403720780025744,
    "mp-1180133": 2.2403720780025744,
    "mp-675161": 2.2403720780025744,
    "mp-983327": 2.2403720780025744,
    "mp-1225884": 2.2403720780025744,
    "mp-1219554": 2.2403720780025744,
    "mp-1196457": 2.2403720780025744,
    "mp-560894": 2.2403720780025744,
    "mp-1196282": 2.2403720780025744,
    "mp-1222122": 2.2403720780025744,
    "mp-1219328": 2.2403720780025744,
    "mp-1227014": 2.2403720780025744,
    "mp-1222205": 2.2403720780025744,
    "mp-1227124": 2.2403720780025744,
    "mp-1102285": 2.2403720780025744,
    "mp-1227389": 2.2403720780025744,
    "mp-1180688": 2.2403720780025744,
    "mp-1399519": 2.2403720780025744,
    "mp-1227110": 2.2403720780025744,
    "mp-1079676": 2.2403720780025744,
    "mp-24705": 2.2403720780025744,
    "mp-1516294": 2.2403720780025744,
    "mp-1228342": 2.2403720780025744,
    "mp-17862": 2.2403720780025744,
    "mp-504952": 2.2403720780025744,
    "mp-1222589": 2.2403720780025744,
    "mp-1223849": 2.2403720780025744,
    "mp-6524": 2.2403720780025744,
    "mp-1208039": 2.2403720780025744,
    "mp-625175": 2.2403720780025744,
    "mp-1219000": 2.2403720780025744,
    "mp-532424": 2.2403720780025744,
    "mp-1218099": 2.2403720780025744,
    "agm002306806": 2.2403720780025744,
    "agm003160552": 2.2403720780025744,
    "agm003202328": 2.2403720780025744,
    "agm002353946": 2.2403720780025744,
    "agm002278924": 2.2403720780025744,
    "agm002381637": 2.2403720780025744,
    "agm003225028": 2.2403720780025744,
    "agm003202410": 2.2403720780025744,
    "agm003230659": 2.2403720780025744,
    "agm003128264": 2.2403720780025744,
    "mp-781710": 2.2403720780025744,
    "mp-1227011": 2.2403720780025744,
    "mp-1216118": 2.2403720780025744,
    "agm002166075": 2.2403720780025744,
    "agm002135972": 2.2403720780025744,
    "mp-3267": 2.2403720780025744,
    "agm002224865": 2.2403720780025744,
    "agm002347507": 2.2403720780025744,
    "agm003157565": 2.2403720780025744,
    "mp-1216100": 2.2403720780025744,
    "mp-1195571": 2.2403720780025744,
    "mp-780232": 2.2403720780025744,
    "agm002018869": 2.2403720780025744,
    "agm002140778": 2.2403720780025744,
    "agm002041336": 2.2403720780025744,
    "agm003219193": 2.2403720780025744,
    "mp-1228160": 2.2403720780025744,
    "mp-1223489": 2.2403720780025744,
    "mp-1221169": 2.2403720780025744,
    "mp-4431": 2.2403720780025744,
    "mp-8393": 2.2403720780025744,
    "mp-1105300": 2.2403720780025744,
    "mp-36066": 2.2403720780025744,
    "mp-1103351": 2.2403720780025744,
    "mp-1103228": 2.2403720780025744,
    "mp-1029368": 2.2403720780025744,
    "mp-1217825": 2.2403720780025744,
    "mp-1029633": 2.2403720780025744,
    "agm002147818": 2.2403720780025744,
    "agm003248171": 2.2403720780025744,
    "mp-1223526": 2.2403720780025744,
    "agm002153139": 2.2403720780025744,
    "mp-239": 2.2403720780025744,
    "agm002137320": 2.2403720780025744,
    "mp-1079609": 2.2403720780025744,
    "mp-558219": 2.2403720780025744,
    "mp-555202": 2.2403720780025744,
    "mp-1216976": 2.2403720780025744,
    "mp-626172": 2.2403720780025744,
    "agm002156258": 2.2403720780025744,
    "mp-772748": 2.2403720780025744,
    "agm002237467": 2.2403720780025744,
    "mp-1223389": 2.2403720780025744,
    "agm002155430": 2.2403720780025744,
    "mp-9427": 2.2403720780025744,
    "mp-1225916": 2.2403720780025744,
    "agm003237859": 2.2403720780025744,
    "agm002156600": 2.2403720780025744,
    "mp-1221971": 2.2403720780025744,
    "mp-1220913": 2.2403720780025744,
    "agm002237807": 2.2403720780025744,
    "mp-1221578": 2.2403720780025744,
    "mp-1191266": 2.2403720780025744,
    "mp-1205304": 2.2403720780025744,
    "mp-1218334": 2.2403720780025744,
    "agm002215982": 2.2403720780025744,
    "mp-559752": 2.2403720780025744,
    "mp-1215642": 2.2403720780025744,
    "agm002813663": 2.2403720780025744,
    "mp-1247873": 2.2403720780025744,
    "mp-1194479": 2.2403720780025744,
    "mp-558521": 2.2403720780025744,
    "agm003213121": 2.2403720780025744,
    "agm002286033": 2.2403720780025744,
    "agm002297812": 2.2403720780025744,
    "mp-1147697": 2.2403720780025744,
    "mp-29157": 2.2403720780025744,
    "mp-558277": 2.2403720780025744,
    "agm003200486": 2.2403720780025744,
    "agm002157245": 2.2403720780025744,
    "mp-1370": 2.2403720780025744,
    "mp-555915": 2.2403720780025744,
    "mp-776226": 2.2403720780025744,
    "agm002138671": 2.2403720780025744,
    "agm002790067": 2.2403720780025744,
    "agm002163280": 2.2403720780025744,
    "mp-532444": 2.2403720780025744,
    "agm002177957": 2.2403720780025744,
    "agm006045098": 2.2403720780025744,
    "agm002205114": 2.2403720780025744,
    "agm2000005406": 2.2403720780025744,
    "agm002184995": 2.2403720780025744,
    "agm003235252": 2.2403720780025744,
    "agm002178912": 2.2403720780025744,
    "agm002115629": 2.2403720780025744,
    "agm003206267": 2.2403720780025744,
    "agm004739450": 2.2403720780025744,
    "agm003705731": 2.2403720780025744,
    "agm005112928": 2.2403720780025744,
    "agm005722808": 2.2403720780025744,
    "agm2000126920": 2.2403720780025744,
    "agm2000137141": 2.2403720780025744,
    "agm005848675": 2.2403720780025744,
    "mp-2802611": 2.2403720780025744,
    "agm002158085": 2.2403720780025744,
    "agm005545163": 2.2403720780025744,
    "agm005056300": 2.2403720780025744,
    "agm004786326": 2.2403720780025744,
    "agm003048447": 2.2403720780025744,
    "agm002102212": 2.2403720780025744,
    "agm001234439": 2.2403720780025744,
    "agm002056302": 2.2403720780025744,
    "agm002137665": 2.2403720780025744,
    "agm003555711": 2.2403720780025744,
    "mp-554918": 2.2403720780025744,
    "mp-570756": 2.2403720780025744,
    "agm001375463": 2.2403720780025744,
    "agm005208831": 2.2403720780025744,
    "mp-4452": 2.2403720780025744,
    "agm005882616": 2.2403720780025744,