{
  "predictions": {
    "mp-21892": 2.5850922274810015,
    "mp-8070": 0.12184109655683811,
    "mp-558491": 0.7053211844400786,
    "mp-632684": 0.8897600344346087,
    "mp-23329": 5.831144797930907,
    "mp-555150": 1.202439240847265,
    "mp-760755": 0.30572622827678664,
    "mp-6268": 3.455518418123463,
    "mp-559057": 4.070800174299751,
    "mp-1778": 0.49493327719671354,
    "mp-2176": 97.683483014858,
    "mp-22909": 1.309983506998817,
    "mp-9844": 0.9963785584543627,
    "mp-9066": 0.9403030842927121,
    "mp-6126": 2.006158414331759,
    "mp-632229": 2.2169249920205525,
    "mp-21521": 4.210034184795977,
    "mp-1287": 20.58309684103096,
    "mp-756044": 0.9649820691653181,
    "mp-754712": 6.834633295841595,
    "mp-18168": 2.8664510023425356,
    "mp-505702": 3.9735287547130547,
    "mp-559065": 7.33209919055225,
    "mp-559545": 8.278411946406116,
    "mp-549720": 21.046011672919157,
    "mp-561385": 2.4297061950257186,
    "mp-13666": 19.006634354351903,
    "mp-14444": 10.872456552782445,
    "mp-2469": 8.81795337074315,
    "mp-31451": 79.00081877051554,
    "mp-1023924": 8.192349828997227,
    "mp-38011": 6.254496072817912,
    "mp-8884": 95.7196670743619,
    "mp-6980": 5.1909884137036135,
    "mp-4524": 71.24353350098693,
    "mp-11714": 6.746278412028756,
    "mp-1180133": 3.7455662766117346,
    "mp-1225884": 0.2238336305200978,
    "mp-1196457": 0.472532699293695,
    "mp-560894": 0.42133524386925586,
    "mp-1196282": 0.11520406815144747,
    "mp-1219328": 13.792528341277235,
    "mp-1227124": 29.22859748338326,
    "mp-1102285": 2.5805297008742616,
    "mp-1227389": 23.383287461073092,
    "mp-1227110": 0.24374414921202997,
    "mp-1079676": 0.5022052974461393,
    "mp-1228342": 2.052156632015837,
    "mp-17862": 55.20298332874481,
    "mp-504952": 53.92624426878953,
    "mp-1223849": 1.2815756829482847,
    "mp-1208039": 1.968273060810815,
    "mp-625175": 0.5908619287976185,
    "agm003160552": 68.91726025372994,
    "agm003202328": 24.400401803195763,
    "agm002278924": 77.9874978884334,
    "agm003202410": 40.81463753474885,
    "mp-1227011": 35.46259280350305,
    "agm002224865": 11.406320353036147,
    "agm003157565": 1.407330917606898,
    "agm002140778": 1.9279972642271375,
    "agm002041336": 30.368369598830885,
    "agm003219193": 0.20439043076166485,
    "mp-1228160": 0.4875816477765484,
    "mp-1223489": 0.24483655614651817,
    "mp-1221169": 21.162094856881893,
    "mp-4431": 20.564285000213484,
    "mp-1105300": 24.34540882245064,
    "mp-1103351": 15.865648557959064,
    "mp-1029368": 9.535686074578424,
    "mp-1029633": 9.061936216956036,
    "agm002147818": 0.20460035775666466,
    "agm002153139": 1.8961750334744876,
    "mp-555202": 0.8289981610925102,
    "mp-1216976": 20.01655682861603,
    "mp-626172": 0.0658639666409322,
    "agm002156258": 0.2995998586722862,
    "mp-772748": 0.29883616151581727,
    "mp-1223389": 20.10190302098136,
    "mp-9427": 0.8398973439840475,
    "mp-1225916": 1.1099857945041902,
    "agm003237859": 0.44642305429127455,
    "mp-1221971": 8.59980307546271,
    "agm002237807": 34.58954467255524,
    "mp-1215642": 5.299669205070328,
    "agm003213121": 7.649169430525235,
    "agm002297812": 1.407008670350817,
    "mp-29157": 62.608349084487116,
    "mp-555915": 0.9975104150544821,
    "agm002138671": 3.9520711639484873,
    "agm002790067": 34.61100128016697,
    "agm002205114": 51.385424209696374,
    "agm002184995": 60.92861183922167,
    "agm003235252": 0.43490500672118365,
    "agm003206267": 19.455058879373993,
    "agm003705731": 4.913317749062689,
    "agm2000126920": 0.8185181971650846,
    "agm2000137141": 25.459805855212966,
    "agm005848675": 24.035219106299902,
    "mp-2802611": 0.9840768561959643,
    "agm005056300": 5.467705369013837,
    "agm004786326": 15.1419331305695,
    "agm001234439": 4.97275064687084,
    "agm002056302": 0.7426111443658198,
    "agm002137665": 0.2482351246511988,
    "mp-554918": 1.0193518571312277,
    "agm001375463": 36.2640174507302,
    "agm005721583": 16.151417031334983,
    "agm006020719": 0.25753667311625006,
    "agm003112540": 57.36798509373236,
    "agm004787350": 1.437667192141478,
    "agm002176403": 3.335880224110552,
    "agm002161194": 10.395863674882134,
    "agm2000136656": 6.561946299632848,
    "mp-1208179": 2.5956883263451296,
    "agm002017294": 23.456991968131526,
    "agm002041315": 54.794752648448814,
    "agm003469328": 0.3000103186712523,
    "agm005072178": 0.21784333619363536,
    "agm005664742": 3.314637264425906,
    "agm004773455": 4.308061702890808,
    "agm005071058": 2.0972983327955936,
    "agm006047746": 57.83749808683239,
    "agm005754384": 2.79270737596297,
    "agm005748012": 0.3945029145943675
  },
  "metrics": {
    "mae": 8.192584873154752,
    "rmse": 19.784298754341997,
    "spearman": 0.892774193548387,
    "r2_score": 0.5854679451286293
  }
}