{
  "predictions": {
    "mp-21892": 5.485442051310369,
    "mp-8070": 0.4590648455569532,
    "mp-558491": 0.5547983167741336,
    "mp-632684": 0.4933249261263479,
    "mp-23329": 6.407785129155972,
    "mp-555150": 1.0603293820367892,
    "mp-760755": 0.1287658838807265,
    "mp-6268": 4.063603017564968,
    "mp-559057": 2.8310190167499707,
    "mp-1778": 1.5080700595556302,
    "mp-2176": 75.58407855869764,
    "mp-22909": 1.5963332217315929,
    "mp-9844": 0.9124803453252754,
    "mp-9066": 0.7323018907370831,
    "mp-6126": 4.740858418887469,
    "mp-632229": 1.8666530785699655,
    "mp-21521": 5.2272553620299895,
    "mp-1287": 22.481194909067703,
    "mp-756044": 1.4708154942859701,
    "mp-754712": 2.7982177109281325,
    "mp-18168": 3.8635943446236785,
    "mp-505702": 6.1680298931080495,
    "mp-559065": 8.968334100187015,
    "mp-559545": 9.537592858676682,
    "mp-549720": 27.007472456245505,
    "mp-561385": 2.0851306813013997,
    "mp-13666": 31.90260668582224,
    "mp-14444": 13.59541481184489,
    "mp-2469": 12.865455013468567,
    "mp-31451": 73.49552332245133,
    "mp-1023924": 15.873489982758821,
    "mp-38011": 2.0912668456519485,
    "mp-8884": 79.88349657213152,
    "mp-6980": 11.63401259161631,
    "mp-4524": 71.18605392308481,
    "mp-11714": 6.957847458426056,
    "mp-1180133": 8.708203573175629,
    "mp-1225884": 0.5641233658050854,
    "mp-1196457": 0.438263436980081,
    "mp-560894": 0.4615418063833501,
    "mp-1196282": 0.23127255903967125,
    "mp-1219328": 18.662750247345645,
    "mp-1227124": 34.00194269763005,
    "mp-1102285": 4.7490449259091685,
    "mp-1227389": 20.73452036613462,
    "mp-1227110": 0.15478857197288945,
    "mp-1079676": 1.8999937746230535,
    "mp-1228342": 2.029247935251177,
    "mp-17862": 49.03426479716216,
    "mp-504952": 45.165884552114456,
    "mp-1223849": 0.8521498733139946,
    "mp-1208039": 1.0962898574652917,
    "mp-625175": 0.3414741808456691,
    "agm003160552": 65.4711582222812,
    "agm003202328": 25.59778921103941,
    "agm002278924": 61.68530349984398,
    "agm003202410": 58.975737431210135,
    "mp-1227011": 33.49069558523736,
    "agm002224865": 7.938041556010231,
    "agm003157565": 0.5734285862637968,
    "agm002140778": 1.663914333569154,
    "agm002041336": 42.68306926609327,
    "agm003219193": 0.3541412324922395,
    "mp-1228160": 0.18359366979388075,
    "mp-1223489": 0.2523322811226675,
    "mp-1221169": 20.198962350577723,
    "mp-4431": 18.535290500819432,
    "mp-1105300": 29.662246958860827,
    "mp-1103351": 17.00161194792772,
    "mp-1029368": 11.310151464526802,
    "mp-1029633": 15.83620971740267,
    "agm002147818": 0.19678566398586628,
    "agm002153139": 1.6613181407619653,
    "mp-555202": 0.8926565671348164,
    "mp-1216976": 26.519034596908423,
    "mp-626172": 0.113063705070476,
    "agm002156258": 0.7319621426564872,
    "mp-772748": 0.23177563533548504,
    "mp-1223389": 21.090492403080138,
    "mp-9427": 0.6295110709707487,
    "mp-1225916": 1.1720628535059379,
    "agm003237859": 0.997173286769305,
    "mp-1221971": 9.337857435770593,
    "agm002237807": 42.43837476273314,
    "mp-1215642": 8.88634088261694,
    "agm003213121": 7.0493162177675,
    "agm002297812": 1.0443743834493966,
    "mp-29157": 53.34058376335506,
    "mp-555915": 3.891824127016759,
    "agm002138671": 5.859189104245073,
    "agm002790067": 38.20850107606718,
    "agm002205114": 63.03377422895326,
    "agm002184995": 55.50843319127258,
    "agm003235252": 0.35697970232166837,
    "agm003206267": 16.885163225724735,
    "agm003705731": 4.911202177089035,
    "agm2000126920": 2.460528753625921,
    "agm2000137141": 25.095015253311026,
    "agm005848675": 29.00274923626544,
    "mp-2802611": 0.5812951236867083,
    "agm005056300": 7.863469613205487,
    "agm004786326": 12.743425879013579,
    "agm001234439": 12.234746503007726,
    "agm002056302": 1.8027422022950188,
    "agm002137665": 0.21961870492156382,
    "mp-554918": 1.0580889261323094,
    "agm001375463": 63.39282123978664,
    "agm005721583": 17.119864831332055,
    "agm006020719": 0.33471289220822986,
    "agm003112540": 51.342244159971806,
    "agm004787350": 1.7906724656275517,
    "agm002176403": 1.1499734282501057,
    "agm002161194": 13.390383912761944,
    "agm2000136656": 13.606715663833214,
    "mp-1208179": 0.5473365704112058,
    "agm002017294": 22.507728805018864,
    "agm002041315": 57.05823848802724,
    "agm003469328": 0.23051342105055486,
    "agm005072178": 0.18624976152571823,
    "agm005664742": 2.128303872221717,
    "agm004773455": 2.9977552282779243,
    "agm005071058": 1.8561831297314686,
    "agm006047746": 52.15668007817356,
    "agm005754384": 1.8045728253229965,
    "agm005748012": 0.7439583659157252
  },
  "metrics": {
    "mae": 8.307911406274526,
    "rmse": 19.58950682765225,
    "spearman": 0.8942242703533025,
    "r2_score": 0.5935905465350954
  }
}