{
  "predictions": {
    "mp-21892": 6.0757399614034115,
    "mp-8070": 0.4847168546823504,
    "mp-558491": 0.5591203548494383,
    "mp-632684": 0.4553323861818868,
    "mp-23329": 4.820147586687996,
    "mp-555150": 0.7990835805210321,
    "mp-760755": 0.19005871103182714,
    "mp-6268": 3.280554451986616,
    "mp-559057": 2.80403432287547,
    "mp-1778": 3.104858046826442,
    "mp-2176": 72.97648680103961,
    "mp-22909": 1.4446887867371743,
    "mp-9844": 1.0494241017682417,
    "mp-9066": 0.7690988912567469,
    "mp-6126": 8.06606895769291,
    "mp-632229": 2.272053051520801,
    "mp-21521": 4.95535821325856,
    "mp-1287": 20.613555017739376,
    "mp-756044": 1.3817902235574326,
    "mp-754712": 2.780265149697501,
    "mp-18168": 3.618810626289148,
    "mp-505702": 3.929220959807072,
    "mp-559065": 7.277304279028234,
    "mp-559545": 7.878464195757631,
    "mp-549720": 21.413321564154135,
    "mp-561385": 1.685848389054033,
    "mp-13666": 33.231988403235206,
    "mp-14444": 14.771883708133712,
    "mp-2469": 15.389355207311612,
    "mp-31451": 66.63520695019908,
    "mp-1023924": 13.649784496540473,
    "mp-38011": 2.860318451937305,
    "mp-8884": 77.27914208597687,
    "mp-6980": 11.936986958947706,
    "mp-4524": 63.29493088665682,
    "mp-11714": 7.077696823467011,
    "mp-1180133": 10.202447360477288,
    "mp-1225884": 0.5169172353252356,
    "mp-1196457": 0.4628378568450895,
    "mp-560894": 0.5038686003176388,
    "mp-1196282": 0.2780296320776998,
    "mp-1219328": 19.44167526978808,
    "mp-1227124": 37.31969789309965,
    "mp-1102285": 7.999346159492001,
    "mp-1227389": 20.065248418237335,
    "mp-1227110": 0.141457307077804,
    "mp-1079676": 1.6532097132316108,
    "mp-1228342": 2.1049178344550343,
    "mp-17862": 46.22458491304323,
    "mp-504952": 49.86624841974038,
    "mp-1223849": 1.2807559603871632,
    "mp-1208039": 1.2360052431669866,
    "mp-625175": 0.3655769805360795,
    "agm003160552": 49.39237829708176,
    "agm003202328": 26.97486098902516,
    "agm002278924": 57.908947250519134,
    "agm003202410": 59.43009918511233,
    "mp-1227011": 36.850533567294065,
    "agm002224865": 9.514790130883144,
    "agm003157565": 0.3284691307438882,
    "agm002140778": 1.2104411731148994,
    "agm002041336": 41.66631747302891,
    "agm003219193": 0.3924989048279974,
    "mp-1228160": 0.2166374238911274,
    "mp-1223489": 0.2966646626118338,
    "mp-1221169": 17.422942361863427,
    "mp-4431": 20.28722817070094,
    "mp-1105300": 30.679365249706834,
    "mp-1103351": 18.127660736834397,
    "mp-1029368": 17.250257516494695,
    "mp-1029633": 17.48333437238625,
    "agm002147818": 0.21995814057388,
    "agm002153139": 1.8188346193742886,
    "mp-555202": 0.7242658743395135,
    "mp-1216976": 27.19776958604482,
    "mp-626172": 0.1010557188451576,
    "agm002156258": 0.8288646136027009,
    "mp-772748": 0.29848325688317157,
    "mp-1223389": 21.55009063561311,
    "mp-9427": 0.5845623328473647,
    "mp-1225916": 0.9553426805690661,
    "agm003237859": 0.48626207282681155,
    "mp-1221971": 8.85253381761461,
    "agm002237807": 40.10346075543587,
    "mp-1215642": 8.587060890664047,
    "agm003213121": 8.617780589318253,
    "agm002297812": 1.2663575717839541,
    "mp-29157": 44.95086835358558,
    "mp-555915": 3.6128239828996187,
    "agm002138671": 6.101110925217678,
    "agm002790067": 41.63349848838055,
    "agm002205114": 56.19519139607026,
    "agm002184995": 51.65319298959415,
    "agm003235252": 0.3806934650378458,
    "agm003206267": 14.170584728306224,
    "agm003705731": 5.060148393273694,
    "agm2000126920": 2.8762183618528656,
    "agm2000137141": 20.830942674312183,
    "agm005848675": 25.230792676828795,
    "mp-2802611": 0.4708007016280433,
    "agm005056300": 7.752668257433263,
    "agm004786326": 11.39889272484563,
    "agm001234439": 16.031947599856522,
    "agm002056302": 2.465294646800035,
    "agm002137665": 0.18055341767974709,
    "mp-554918": 0.8117614127632187,
    "agm001375463": 62.67848387690889,
    "agm005721583": 18.32865755809516,
    "agm006020719": 0.46321984050154713,
    "agm003112540": 53.93463709541222,
    "agm004787350": 2.014590983412179,
    "agm002176403": 1.5733571089518392,
    "agm002161194": 13.674753180223425,
    "agm2000136656": 15.821913596522338,
    "mp-1208179": 0.7883433229411426,
    "agm002017294": 19.94419885352478,
    "agm002041315": 58.682977010885935,
    "agm003469328": 0.291923820849038,
    "agm005072178": 0.18255423871796,
    "agm005664742": 2.9705547058791195,
    "agm004773455": 2.4777983984015832,
    "agm005071058": 1.711096402869285,
    "agm006047746": 48.66921986064654,
    "agm005754384": 2.32627854863266,
    "agm005748012": 0.41170708142182233
  },
  "metrics": {
    "mae": 8.34150945766498,
    "rmse": 19.831880956964827,
    "spearman": 0.8890015360983101,
    "r2_score": 0.5834716077822214
  }
}