{
  "predictions": {
    "mp-21892": 0.8341188430786133,
    "mp-8070": 1.1945888996124268,
    "mp-558491": 3.432619094848633,
    "mp-632684": 0.5661919713020325,
    "mp-23329": 1.9818403720855713,
    "mp-555150": 1.6561810970306396,
    "mp-6564": 0.23908394575119019,
    "mp-18578": 0.5200779438018799,
    "mp-760755": 0.8131203651428223,
    "mp-28456": 15.429163932800293,
    "mp-4779": 0.3474104702472687,
    "mp-6268": 0.6945750713348389,
    "mp-706621": 0.7813040018081665,
    "mp-559057": 1.098652720451355,
    "mp-24468": -0.1600669026374817,
    "mp-1778": 6.055005073547363,
    "mp-2176": 72.02720642089844,
    "mp-22909": 0.9042495489120483,
    "mp-4187": 5.9708709716796875,
    "mp-10341": 0.7278368473052979,
    "mp-9844": 0.7151748538017273,
    "mp-5784": 1.0965651273727417,
    "mp-20694": 8.799052238464355,
    "mp-9066": 0.6182515621185303,
    "mp-6126": 0.6273972392082214,
    "mp-632229": 2.459257125854492,
    "mp-12177": 1.0323090553283691,
    "mp-21521": 8.663269996643066,
    "mp-1287": 3.2708187103271484,
    "mp-756044": 1.1608071327209473,
    "mp-754712": 1.0243358612060547,
    "mp-4812": 0.7858463525772095,
    "mp-18168": 1.0945230722427368,
    "mp-23866": 1.3377985954284668,
    "mp-558085": 1.028526782989502,
    "mp-230": 1.106776237487793,
    "mp-505702": 1.6176667213439941,
    "mp-559065": 3.6756749153137207,
    "mp-559545": 1.5263090133666992,
    "mp-549720": 32.735416412353516,
    "mp-561385": 1.039139986038208,
    "mp-13666": 38.9021110534668,
    "mp-14444": 17.576446533203125,
    "mp-1550": 64.25362396240234,
    "mp-2469": 28.95924186706543,
    "mp-31451": 77.76094818115234,
    "mp-1023924": 4.54414701461792,
    "mp-1100395": 28.5803279876709,
    "mp-961682": 33.0909538269043,
    "mp-38011": 4.877415657043457,
    "mp-30847": 20.897029876708984,
    "mp-8884": 67.82543182373047,
    "mp-1017534": 41.130348205566406,
    "mp-6980": 37.59782791137695,
    "mp-560588": 21.577348709106445,
    "mp-4524": 67.51009368896484,
    "mp-4514": 14.001947402954102,
    "mp-11714": 5.058902740478516,
    "mp-1180133": 4.069090366363525,
    "mp-675161": 0.4887165427207947,
    "mp-983327": 0.7106605172157288,
    "mp-1225884": 1.097503662109375,
    "mp-1219554": 2.4267849922180176,
    "mp-1196457": 0.7496094703674316,
    "mp-560894": 0.5547619462013245,
    "mp-1196282": 0.4711799621582031,
    "mp-1222122": 15.027538299560547,
    "mp-1219328": 24.032331466674805,
    "mp-1227014": 47.558841705322266,
    "mp-1222205": 8.025419235229492,
    "mp-1227124": 34.79280090332031,
    "mp-1102285": 4.517734527587891,
    "mp-1227389": 28.75837516784668,
    "mp-1180688": 12.176610946655273,
    "mp-1399519": 1.5115056037902832,
    "mp-1227110": 1.3870863914489746,
    "mp-1079676": 0.6227665543556213,
    "mp-24705": 1.423032522201538,
    "mp-1516294": 3.7396655082702637,
    "mp-1228342": 11.543023109436035,
    "mp-17862": 31.62432861328125,
    "mp-504952": 33.02668380737305,
    "mp-1222589": 0.8469700813293457,
    "mp-1223849": 1.1163749694824219,
    "mp-6524": 0.9660242795944214,
    "mp-1208039": 0.7388899922370911,
    "mp-625175": 0.689359724521637,
    "mp-1219000": 48.02614212036133,
    "mp-532424": 0.13115304708480835,
    "mp-1218099": 1.7629709243774414,
    "agm002306806": 30.741382598876953,
    "agm003160552": 78.48226165771484,
    "agm003202328": 20.0197811126709,
    "agm002353946": 22.173200607299805,
    "agm002278924": 38.10683822631836,
    "agm002381637": 53.11448287963867,
    "agm003225028": 10.46561050415039,
    "agm003202410": 17.51243019104004,
    "agm003230659": 3.3461384773254395,
    "agm003128264": 3.603569507598877,
    "mp-781710": 11.837506294250488,
    "mp-1227011": 53.2745475769043,
    "mp-1216118": 7.399972438812256,
    "agm002166075": 36.267967224121094,
    "agm002135972": 81.11627197265625,
    "mp-3267": 20.870389938354492,
    "agm002224865": 0.8399342894554138,
    "agm002347507": 2.440481424331665,
    "agm003157565": 6.801732063293457,
    "mp-1216100": 1.2091197967529297,
    "mp-1195571": 0.3651856482028961,
    "mp-780232": 3.0927062034606934,
    "agm002018869": 84.4148941040039,
    "agm002140778": 3.358713150024414,
    "agm002041336": 21.02275276184082,
    "agm003219193": 0.7300496697425842,
    "mp-1228160": 0.8753455877304077,
    "mp-1223489": 0.28301283717155457,
    "mp-1221169": 14.196575164794922,
    "mp-4431": 29.313838958740234,
    "mp-8393": 46.343788146972656,
    "mp-1105300": 31.121196746826172,
    "mp-36066": 4.148641586303711,
    "mp-1103351": 38.6120719909668,
    "mp-1103228": 24.707378387451172,
    "mp-1029368": 1.7412415742874146,
    "mp-1217825": 19.275720596313477,
    "mp-1029633": 9.442118644714355,
    "agm002147818": 1.376371145248413,
    "agm003248171": 1.0386066436767578,
    "mp-1223526": 1.0202761888504028,
    "agm002153139": 1.4200544357299805,
    "mp-239": 9.3903169631958,
    "agm002137320": 0.9022348523139954,
    "mp-1079609": 7.000085830688477,
    "mp-558219": 2.4346232414245605,
    "mp-555202": 0.5367643237113953,
    "mp-1216976": 27.402603149414062,
    "mp-626172": 0.12728309631347656,
    "agm002156258": 0.8794487714767456,
    "mp-772748": 0.46159109473228455,
    "agm002237467": 8.916825294494629,
    "mp-1223389": 13.87862491607666,
    "agm002155430": 27.718408584594727,
    "mp-9427": 0.60433429479599,
    "mp-1225916": 0.8649357557296753,
    "agm003237859": 0.02426600456237793,
    "agm002156600": 2.5094032287597656,
    "mp-1221971": 10.265515327453613,
    "mp-1220913": 3.728928565979004,
    "agm002237807": 21.886445999145508,
    "mp-1221578": 1.4040615558624268,
    "mp-1191266": 4.4387054443359375,
    "mp-1205304": 14.7478609085083,
    "mp-1218334": 2.967133045196533,
    "agm002215982": 1.1038405895233154,
    "mp-559752": 0.6623319387435913,
    "mp-1215642": 7.791872501373291,
    "agm002813663": 7.005202293395996,
    "mp-1247873": 18.251977920532227,
    "mp-1194479": 1.208382248878479,
    "mp-558521": 1.323394775390625,
    "agm003213121": 3.44869327545166,
    "agm002286033": 4.109623432159424,
    "agm002297812": 0.6610548496246338,
    "mp-1147697": 8.208563804626465,
    "mp-29157": 44.243350982666016,
    "mp-558277": 8.385529518127441,
    "agm003200486": 6.707114219665527,
    "agm002157245": 4.186445713043213,
    "mp-1370": 2.2667107582092285,
    "mp-555915": 14.37928581237793,
    "mp-776226": 2.2439117431640625,
    "agm002138671": 0.46884045004844666,
    "agm002790067": 29.37079620361328,
    "agm002163280": 1.0762054920196533,
    "mp-532444": 0.49308401346206665,
    "agm002177957": 25.052141189575195,
    "agm006045098": 1.0509653091430664,
    "agm002205114": 95.33088684082031,
    "agm2000005406": 0.8453187942504883,
    "agm002184995": 37.234771728515625,
    "agm003235252": 0.6159323453903198,
    "agm002178912": 35.856475830078125,
    "agm002115629": 5.412647247314453,
    "agm003206267": 17.04902458190918,
    "agm004739450": 103.38899993896484,
    "agm003705731": 2.6812596321105957,
    "agm005112928": 3.442996025085449,
    "agm005722808": 1.2535914182662964,
    "agm2000126920": 3.732367515563965,
    "agm2000137141": 29.81513023376465,
    "agm005848675": 24.249786376953125,
    "mp-2802611": 1.1071146726608276,
    "agm002158085": 16.434751510620117,
    "agm005545163": 2.814272403717041,
    "agm005056300": 7.636331558227539,
    "agm004786326": 10.047905921936035,
    "agm003048447": 1.8399059772491455,
    "agm002102212": 1.52715003490448,
    "agm001234439": 1.475271463394165,
    "agm002056302": 0.4407014548778534,
    "agm002137665": 0.7719823122024536,
    "agm003555711": 1.4523510932922363,
    "mp-554918": 0.8645076751708984,
    "mp-570756": 0.821053147315979,
    "agm001375463": 80.66529846191406,
    "agm005208831": 15.48159408569336,
    "mp-4452": 19.928424835205078,
    "agm005882616": 0.3109946548938751,
    "agm2000001907": 0.5126132965087891,
    "agm005721583": 26.91691017150879,