{
  "predictions": {
    "mp-21892": 1.64,
    "mp-8070": 1.65,
    "mp-558491": 1.74,
    "mp-632684": 1.52,
    "mp-23329": 2.0,
    "mp-555150": 1.65,
    "mp-760755": 1.82,
    "mp-6268": 1.72,
    "mp-559057": 2.07,
    "mp-1778": 10.72,
    "mp-2176": 0.0,
    "mp-22909": 2.31,
    "mp-9844": 1.6,
    "mp-9066": 1.55,
    "mp-6126": 1.75,
    "mp-632229": 1.37,
    "mp-21521": 3.62,
    "mp-1287": 0.08,
    "mp-756044": 1.74,
    "mp-754712": 0.024,
    "mp-18168": 1.95,
    "mp-505702": 1.72,
    "mp-559065": 1.64,
    "mp-559545": 1.55,
    "mp-549720": 1.97,
    "mp-561385": 0.0,
    "mp-13666": 2.45,
    "mp-14444": 2.41,
    "mp-2469": 2.82,
    "mp-31451": 0.14,
    "mp-1023924": 0.087,
    "mp-38011": 1.82,
    "mp-8884": 2.04,
    "mp-6980": 0.23,
    "mp-4524": 2.94,
    "mp-11714": 1.73,
    "mp-1180133": 0.32,
    "mp-1225884": 1.03,
    "mp-1196457": 16.35,
    "mp-560894": 4.82,
    "mp-1196282": 1.63,
    "mp-1219328": 2.21,
    "mp-1227124": 2.96,
    "mp-1102285": 2.35,
    "mp-1227389": 2.04,
    "mp-1227110": 2.39,
    "mp-1079676": 2.15,
    "mp-1228342": 0.016989803,
    "mp-17862": 0.274,
    "mp-504952": 1.97,
    "mp-1223849": 0.0,
    "mp-1208039": 1.6,
    "mp-625175": 1.03,
    "agm003160552": 0.28,
    "agm003202328": 0.29,
    "agm002278924": 0.74,
    "agm003202410": 0.037289097,
    "mp-1227011": 2.005,
    "agm002224865": 3.0,
    "agm003157565": 4.84,
    "agm002140778": 1.34,
    "agm002041336": 0.097,
    "agm003219193": 1.59,
    "mp-1228160": 1.59,
    "mp-1223489": 1.58,
    "mp-1221169": 2.08,
    "mp-4431": 1.6,
    "mp-1105300": 1.8,
    "mp-1103351": 1.64,
    "mp-1029368": 1.85,
    "mp-1029633": 0.2779824647966247,
    "agm002147818": 1.5825,
    "agm002153139": 3.59,
    "mp-555202": 1.67,
    "mp-1216976": 0.0,
    "mp-626172": 0.0,
    "agm002156258": 1.72,
    "mp-772748": 5.05,
    "mp-1223389": 2.5064,
    "mp-9427": 1.54,
    "mp-1225916": 1.62,
    "agm003237859": 0.0,
    "mp-1221971": 2.44,
    "agm002237807": 2.1,
    "mp-1215642": 1.92,
    "agm003213121": 1.97,
    "agm002297812": 1.78,
    "mp-29157": 0.0,
    "mp-555915": 2.05,
    "agm002138671": 1.83,
    "agm002790067": 1.59,
    "agm002205114": 2.8,
    "agm002184995": 0.294,
    "agm003235252": 1.56,
    "agm003206267": 0.04,
    "agm003705731": 2.94,
    "agm2000126920": 1.77,
    "agm2000137141": 2.58,
    "agm005848675": 2.49,
    "mp-2802611": 0.03,
    "agm005056300": 2.3,
    "agm004786326": 2.59,
    "agm001234439": 1.71,
    "agm002056302": 2.27,
    "agm002137665": 1.54,
    "mp-554918": 1.67,
    "agm001375463": 0.18,
    "agm005721583": 2.96,
    "agm006020719": 1.47,
    "agm003112540": 3.56,
    "agm004787350": 1.73,
    "agm002176403": 1.64,
    "agm002161194": 2.64,
    "agm2000136656": 2.65,
    "mp-1208179": 1.73,
    "agm002017294": 2.0,
    "agm002041315": 0.708,
    "agm003469328": 1.04,
    "agm005072178": 0.77,
    "agm005664742": 2.15,
    "agm004773455": 2.12,
    "agm005071058": 0.296,
    "agm006047746": 0.32,
    "agm005754384": 1.72,
    "agm005748012": 4.72
  },
  "metrics": {
    "mae": 15.682899562750336,
    "rmse": 34.26775677259005
  }
}