{
  "predictions": {
    "mp-21892": 1.706,
    "mp-8070": 6.2,
    "mp-558491": 1.742,
    "mp-632684": 1.507,
    "mp-23329": 2.7167,
    "mp-555150": 4.04,
    "mp-760755": 4.475,
    "mp-6268": 0.226,
    "mp-559057": 2.34,
    "mp-1778": 1.0664,
    "mp-2176": 2.26,
    "mp-22909": 1.62,
    "mp-9844": 1.64,
    "mp-9066": 1.549,
    "mp-6126": 2.586,
    "mp-632229": 2.66,
    "mp-21521": 0.03,
    "mp-1287": 6.2,
    "mp-756044": 0.72,
    "mp-754712": 0.127,
    "mp-18168": 2.83,
    "mp-505702": 2.12,
    "mp-559065": 2.12,
    "mp-559545": 3.195,
    "mp-549720": 2.12,
    "mp-561385": 2.3,
    "mp-13666": 1.73,
    "mp-14444": 2.64,
    "mp-2469": 2.4875,
    "mp-31451": -3.54,
    "mp-1023924": 0.084,
    "mp-38011": 1.732,
    "mp-8884": 2.26,
    "mp-6980": 0.13,
    "mp-4524": 2.9844,
    "mp-11714": 2.4467,
    "mp-1180133": 0.22,
    "mp-1225884": 0.73,
    "mp-1196457": 6.124,
    "mp-560894": 4.95,
    "mp-1196282": 3.0,
    "mp-1219328": 0.3875,
    "mp-1227124": 2.5,
    "mp-1102285": 3.125,
    "mp-1227389": 2.42,
    "mp-1227110": 0.036,
    "mp-1079676": 2.78,
    "mp-1228342": 0.043,
    "mp-17862": 0.23,
    "mp-504952": 0.74,
    "mp-1223849": 0.027872334,
    "mp-1208039": 4.15,
    "mp-625175": 4.82,
    "agm003160552": 0.44,
    "agm003202328": -2.48,
    "agm002278924": 0.236,
    "agm003202410": 0.04622997740193427,
    "mp-1227011": 0.17,
    "agm002224865": 2.88,
    "agm003157565": 7.36,
    "agm002140778": 1.726,
    "agm002041336": 0.64,
    "agm003219193": 6.42,
    "mp-1228160": 3.987,
    "mp-1223489": 6.96,
    "mp-1221169": 2.62,
    "mp-4431": 2.3,
    "mp-1105300": 3.38,
    "mp-1103351": 2.85,
    "mp-1029368": 2.47,
    "mp-1029633": 0.24,
    "agm002147818": 2.0,
    "agm002153139": 3.772,
    "mp-555202": 4.46,
    "mp-1216976": 0.68,
    "mp-626172": 0.727,
    "agm002156258": 4.62,
    "mp-772748": 0.17,
    "mp-1223389": 2.12,
    "mp-9427": 1.95,
    "mp-1225916": 2.22,
    "agm003237859": 1.63,
    "mp-1221971": 2.33,
    "agm002237807": 2.33,
    "mp-1215642": 2.34,
    "agm003213121": 0.029,
    "agm002297812": 2.0,
    "mp-29157": 0.64,
    "mp-555915": 1.835,
    "agm002138671": 1.37,
    "agm002790067": 1.86,
    "agm002205114": 0.69,
    "agm002184995": 0.483,
    "agm003235252": 1.3,
    "agm003206267": 2.325,
    "agm003705731": 0.296,
    "agm2000126920": 1.76,
    "agm2000137141": 2.47,
    "agm005848675": 2.2,
    "mp-2802611": 1.32,
    "agm005056300": 2.86,
    "agm004786326": 3.626,
    "agm001234439": 2.55,
    "agm002056302": 1.6663,
    "agm002137665": 1.427,
    "mp-554918": 7.4,
    "agm001375463": 0.31,
    "agm005721583": 2.16,
    "agm006020719": 1.46,
    "agm003112540": 2.1,
    "agm004787350": 1.92,
    "agm002176403": 3.667,
    "agm002161194": 4.0,
    "agm2000136656": 2.66,
    "mp-1208179": 0.073,
    "agm002017294": 0.64,
    "agm002041315": 2.09,
    "agm003469328": 0.77,
    "agm005072178": 0.73,
    "agm005664742": 2.12,
    "agm004773455": 1.84,
    "agm005071058": 0.3264726887921159,
    "agm006047746": 0.54,
    "agm005754384": 3.12,
    "agm005748012": 2.32
  },
  "metrics": {
    "mae": 15.954917507178719,
    "rmse": 34.313320554432366
  }
}