{
  "predictions": {
    "mp-21892": 1.63,
    "mp-8070": 6.22,
    "mp-558491": 1.633,
    "mp-632684": 1.63,
    "mp-23329": 2.12,
    "mp-555150": 0.0,
    "mp-760755": 1.507,
    "mp-6268": 3.62,
    "mp-559057": 3.384,
    "mp-1778": 1.366,
    "mp-2176": 0.0,
    "mp-22909": 2.36,
    "mp-9844": 1.577,
    "mp-9066": -4.272257556,
    "mp-6126": 2.328,
    "mp-632229": -2.83,
    "mp-21521": 0.112690785,
    "mp-1287": 0.44,
    "mp-756044": -0.72,
    "mp-754712": 1.34,
    "mp-18168": 2.96,
    "mp-505702": 2.264,
    "mp-559065": 2.12,
    "mp-559545": 4.84,
    "mp-549720": 2.22,
    "mp-561385": 2.3,
    "mp-13666": 3.07,
    "mp-14444": 2.44,
    "mp-2469": 2.47,
    "mp-31451": 0.136,
    "mp-1023924": 0.046,
    "mp-38011": 1.472,
    "mp-8884": 0.239,
    "mp-6980": 0.147,
    "mp-4524": 1.04,
    "mp-11714": 0.214,
    "mp-1180133": 0.226,
    "mp-1225884": 4.872,
    "mp-1196457": 1.372,
    "mp-560894": 4.358737587,
    "mp-1196282": 1.342,
    "mp-1219328": 0.346,
    "mp-1227124": 2.5,
    "mp-1102285": 1.53,
    "mp-1227389": 0.116,
    "mp-1227110": 0.115,
    "mp-1079676": 2.77,
    "mp-1228342": 0.033874176,
    "mp-17862": 0.21,
    "mp-504952": 0.362,
    "mp-1223849": 0.0144,
    "mp-1208039": 4.178,
    "mp-625175": 4.82,
    "agm003160552": 0.29,
    "agm003202328": 0.146,
    "agm002278924": 0.366,
    "agm003202410": 0.086287887,
    "mp-1227011": 0.16,
    "agm002224865": 2.0,
    "agm003157565": 4.83,
    "agm002140778": 1.342,
    "agm002041336": 0.72,
    "agm003219193": 6.41,
    "mp-1228160": 3.987,
    "mp-1223489": 6.93,
    "mp-1221169": 2.62,
    "mp-4431": 2.4087,
    "mp-1105300": 3.03,
    "mp-1103351": 2.85,
    "mp-1029368": 1.83,
    "mp-1029633": 0.44,
    "agm002147818": 0.324,
    "agm002153139": 3.772229772,
    "mp-555202": 4.53,
    "mp-1216976": 0.78,
    "mp-626172": 0.81,
    "agm002156258": 4.62,
    "mp-772748": 0.72,
    "mp-1223389": 2.12,
    "mp-9427": 1.96,
    "mp-1225916": 1.566,
    "agm003237859": 1.625,
    "mp-1221971": 2.83,
    "agm002237807": 2.33,
    "mp-1215642": 2.34,
    "agm003213121": 0.076,
    "agm002297812": 2.5,
    "mp-29157": 0.67,
    "mp-555915": 1.34,
    "agm002138671": 0.12,
    "agm002790067": 1.86,
    "agm002205114": 0.64,
    "agm002184995": 0.284,
    "agm003235252": 1.36,
    "agm003206267": 2.346,
    "agm003705731": 0.188,
    "agm2000126920": 1.86,
    "agm2000137141": 2.48,
    "agm005848675": 2.3,
    "mp-2802611": 0.127,
    "agm005056300": 1.62,
    "agm004786326": 3.62,
    "agm001234439": 2.506,
    "agm002056302": 1.64,
    "agm002137665": 1.54,
    "mp-554918": 0.0398,
    "agm001375463": 0.176,
    "agm005721583": 2.975,
    "agm006020719": 1.44,
    "agm003112540": 3.63,
    "agm004787350": 0.0,
    "agm002176403": 0.126,
    "agm002161194": 3.4433,
    "agm2000136656": 2.636,
    "mp-1208179": 4.87,
    "agm002017294": 0.435,
    "agm002041315": 3.52,
    "agm003469328": 0.72,
    "agm005072178": 0.73,
    "agm005664742": 0.166,
    "agm004773455": 2.12,
    "agm005071058": 0.278,
    "agm006047746": 0.44,
    "agm005754384": 3.74,
    "agm005748012": 4.82
  },
  "metrics": {
    "mae": 15.959336178408392,
    "rmse": 34.323372614732456
  }
}