{
  "predictions": {
    "mp-983357": 1.4471145663884817,
    "mp-8377": 8.823512058757638,
    "mp-18938": 3.576901769182746,
    "mp-5854": 1.0591595324238166,
    "mp-23778": 1.7098433709614425,
    "mp-19219": 0.6943247015248718,
    "mp-9197": 1.3147056089140026,
    "mp-553887": 3.5879423518400215,
    "mp-23407": 11.660326851982656,
    "mp-555150": 1.6779243751029478,
    "mp-6062": 0.5754704410607634,
    "mp-863374": 5.652569497139253,
    "mp-23363": -1.327671562135675,
    "mp-23321": -1.3040525251362907,
    "mp-27755": 1.3939096705604033,
    "mp-3491": 10.262879717137569,
    "mp-540634": 1.1213395406056714,
    "mp-557773": 3.175964356327125,
    "mp-559961": 3.5686603447764025,
    "mp-556966": -1.1119516637561109,
    "mp-7324": 1.363197060622115,
    "mp-622018": 1.2700597633451722,
    "mp-29305": 5.080696181215379,
    "mp-639714": 3.8589279178889178,
    "mp-24118": 0.43189135144498486,
    "mp-555203": -0.31941769249227003,
    "mp-706621": 0.6909815190641668,
    "mp-16792": 0.0315621248482791,
    "mp-639506": -1.0614215906711866,
    "mp-5020": 13.731071529397212,
    "mp-3589": 1.2968713527562272,
    "mp-28264": 0.4508402326345101,
    "mp-570136": 33.69147787215099,
    "mp-862539": 1.2925967739210802,
    "mp-696946": 0.9967330766318354,
    "mp-27726": 2.3990534985111367,
    "mp-30530": 2.020857948241372,
    "mp-626620": 0.93476874772419,
    "mp-2691": 48.773417588642985,
    "mp-21521": 9.560018894477397,
    "mp-4690": 2.3564736205693984,
    "mp-756570": 7.5418650684099715,
    "mp-28918": 8.843994147277456,
    "mp-754585": 7.886522997665492,
    "mp-27914": 6.698497592061607,
    "mp-29910": 3.789245041710893,
    "mp-14367": -0.04916713711560892,
    "mp-557027": 0.2304919024661421,
    "mp-29525": 1.7267029607545312,
    "mp-23866": 1.155729715447739,
    "mp-29524": 8.039144074218415,
    "mp-559065": 5.092830087056185,
    "mp-551629": 0.654034407785982,
    "mp-9064": 49.31106546035162,
    "mp-13666": 28.598885620785545,
    "mp-14444": 10.283745003440893,
    "mp-685145": 19.432342218496267,
    "mp-830": 16.61326618820032,
    "mp-31451": 81.73160075127599,
    "mp-30847": 57.9199239645666,
    "mp-36111": 51.24308257721678,
    "mp-1184046": 66.96665150972427,
    "mp-1215430": 35.837068049075576,
    "mp-1017534": 44.83144638475164,
    "mp-1018093": 12.664930640588818,
    "mp-1008556": 3.457864706120324,
    "mp-4524": 73.46738243923127,
    "mp-10572": 1.7123226702413645,
    "mp-7582": 26.541156754020307,
    "mp-22965": 83.99841323012481,
    "mp-4586": 37.34989016270722,
    "mp-1193269": -0.14984800402641188,
    "mp-1101862": 1.916332905641344,
    "mp-1097061": 1.1643303522882007,
    "mp-998623": 1.839717859209066,
    "mp-1028576": 11.035441206586748,
    "mp-672118": 3.0314000320545467,
    "mp-1215418": 60.98409245709754,
    "mp-23173": 29.383702274536073,
    "mp-863755": 7.010199886534482,
    "mp-1221954": 15.994227434773983,
    "mp-1300570": 4.331286820664039,
    "mp-1210659": 0.3050589317260083,
    "mp-554560": 0.26532742005931376,
    "mp-15776": 56.131176810394145,
    "mp-28873": 6.31620186956104,
    "mp-1102285": 6.959088719058701,
    "mp-1227567": 58.014539098525766,
    "mp-1220190": 31.311331377831383,
    "mp-570084": 1.4493684162970717,
    "mp-17862": 26.174087902849887,
    "mp-1190717": 0.9171869720323186,
    "mp-1217833": 14.353048315171693,
    "mp-675779": 13.414687801635427,
    "mp-27594": 19.665399262550988,
    "mp-1218158": 2.454620440705861,
    "mp-28140": 8.895496500854893,
    "mp-766345": 0.451444554994601,
    "agm002183415": 73.52337447906885,
    "agm003160554": 65.41154837601792,
    "agm002205907": 14.276744098947196,
    "agm002233584": 10.030380454356864,
    "agm003227564": -0.09320631436542481,
    "agm002793928": 15.552903042037695,
    "mp-781710": 21.0917585826648,
    "mp-1227011": 24.518554110217934,
    "mp-1216863": 9.514892036006486,
    "agm002135972": 104.08348838062977,
    "agm003234420": 2.2025940788661376,
    "agm002218325": 85.48751818407715,
    "mp-1216132": 5.388994368980137,
    "mp-779863": 4.777141585622534,
    "mp-38103": 1.2333460551301334,
    "mp-29362": 13.66237196867333,
    "mp-1019715": 0.03013387478115105,
    "agm002054632": 52.52195883707099,
    "mp-1204358": -1.222746584249666,
    "mp-1105300": 22.89829930552855,
    "mp-1228823": 20.353783550975187,
    "mp-15833": 2.332349744621639,
    "mp-1103351": 20.126820186004583,
    "mp-24402": 0.2926395327804746,
    "mp-1095543": 0.6159880152878002,
    "mp-1188121": 0.2019477727695004,
    "mp-625521": 1.8175339785173166,
    "mp-23560": -1.1035065339317063,
    "mp-1227994": 0.8182161784134774,
    "mp-1079609": 2.52654097767111,
    "mp-1192126": 3.419510863360388,
    "agm002197344": 16.560409754674048,
    "agm002177947": 53.100477519943084,
    "mp-696347": 0.7306365287404307,
    "mp-1147693": 7.695560518421861,
    "agm002156258": 1.8025886101441009,
    "mp-772748": 0.2970622551082346,
    "mp-1029422": 15.896100816079443,
    "mp-1120718": 5.073649425296214,
    "mp-1227036": -0.23760733587820188,
    "mp-1194520": 5.024681128310935,
    "mp-1218006": 20.09818893609194,
    "mp-1220913": 3.5879423518400215,
    "mp-1223822": -0.6384030933777006,
    "mp-1147725": 10.131496692841745,
    "mp-984766": 0.2653484640095605,
    "mp-1210722": 2.0197301901738034,
    "agm003263235": 7.777100837086464,
    "agm002215982": 0.32850729236488,
    "mp-568968": 30.557472652760044,
    "mp-27313": 2.515390050763699,
    "mp-556024": 1.942232098368078,
    "mp-28020": 13.815302375884094,
    "mp-1229086": 7.185437209095138,
    "mp-772875": 6.141050883406292,
    "agm002363904": -0.01784531953835968,
    "mp-1223536": 12.70511853186666,
    "mp-1147697": 7.695560518421861,
    "mp-23887": 0.6082142720651321,
    "mp-18609": 35.34475573036348,
    "agm002848041": 0.3467041855238538,
    "agm002133608": -2.43734991161814,
    "agm003268240": 55.75817976894029,
    "mp-1198890": 4.302469817159344,
    "agm003200486": 5.7796992646790155,
    "mp-1096810": 9.675244832778903,
    "mp-1105127": 47.115735081313346,
    "mp-1216944": 9.908105339092561,
    "mp-555915": -1.2144947739858847,
    "mp-776259": 4.777141585622534,
    "agm002133663": -2.976194798920027,
    "agm002790067": 44.125436568443824,
    "agm002162961": 14.011762250474682,
    "mp-767604": 18.095683612493332,
    "agm003445531": 5.969911242902382,
    "agm003206623": 2.6025008494011885,
    "mp-1227366": 10.40723281123737,
    "agm005543540": 2.875551325799047,
    "agm2000012572": 0.002540181692926718,
    "agm002205114": 62.27283268954876,
    "agm003046706": 5.244509946104585,
    "agm004786073": 3.65074556714326,
    "agm003445638": 2.6772553254039044,
    "agm002149208": -0.14285266975223232,
    "agm2000022161": 1.6030629753559251,
    "agm2000001840": 2.0309762063686847,
    "agm002158429": 2.9323920361600315,
    "agm004751295": 0.44439566496396726,
    "agm005848257": 1.6396556934038904,
    "agm2000081842": -0.6619173096714221,
    "agm004879066": 3.235900910501412,
    "agm001347560": 125.13573613901688,
    "agm2000086862": -1.7116546236621386,
    "agm002102214": 0.46174686129986314,
    "mp-23807": 1.2734174297024496,
    "agm004954137": 8.849100350414487,
    "agm004785400": 12.88873341019796,
    "agm001234439": 6.4771605920180075,
    "agm2000011096": -0.9403425802891788,
    "agm2000002067": -1.3686325258430097,
    "agm003716707": 1.1822010921083101,
    "mp-554918": 1.0386191862232321,
    "agm005769896": 110.76021613458884,
    "agm005698720": 23.386613646929494,
    "agm004956590": -0.02569284187092541,
    "agm006124765": 19.650086014346588,
    "mp-1202153": 10.832953342720606,
    "mp-23914": 0.3632649694629235,
    "agm002073747": 1.4134220624978897,
    "agm004442672": 0.10015365869575264,
    "agm004929360": 0.9729399794328991,
    "agm003267560": 62.84839961858861,
    "agm002171920": 18.176307629603976,
    "mp-1215297": 12.712467741647098,