{
  "predictions": {
    "mp-983357": -0.2348445883676975,
    "mp-8377": 8.283709472244611,
    "mp-18938": 1.555641742741251,
    "mp-5854": 1.361267862983507,
    "mp-23778": 0.7852786924838093,
    "mp-19219": 1.8796326396529768,
    "mp-9197": 0.2892769720246768,
    "mp-553887": 0.8422837651522416,
    "mp-23407": 8.617526674939182,
    "mp-555150": 1.8117906395713226,
    "mp-6062": 1.3266849910653427,
    "mp-863374": 3.219979528523211,
    "mp-23363": 1.0869329346905034,
    "mp-23321": -0.3096045805164487,
    "mp-27755": -0.5458034084713294,
    "mp-3491": 6.042176678045649,
    "mp-540634": 2.89322963704811,
    "mp-557773": 3.8197368249338908,
    "mp-559961": 1.2110849791477778,
    "mp-556966": 1.4145278014130507,
    "mp-7324": 0.6162329676208657,
    "mp-622018": 4.243124346541058,
    "mp-29305": 2.9188142045035974,
    "mp-639714": 5.498222618545137,
    "mp-24118": 0.07845085808981912,
    "mp-555203": 0.5710129957207548,
    "mp-706621": 0.6001807429461262,
    "mp-16792": 4.1128765354332515,
    "mp-639506": 0.5942793729810767,
    "mp-5020": 8.551950257664101,
    "mp-3589": 2.5339819713436493,
    "mp-28264": 0.043321172918251855,
    "mp-570136": 10.615528692269825,
    "mp-862539": 0.4418147054835726,
    "mp-696946": 5.622406738049022,
    "mp-27726": 2.566985767134435,
    "mp-30530": 0.7848388003200261,
    "mp-626620": -0.28178138829028615,
    "mp-2691": 37.309852394055596,
    "mp-21521": 3.0076083613034594,
    "mp-4690": -1.5422283307201545,
    "mp-756570": 2.8712913229117074,
    "mp-28918": 8.85381830680177,
    "mp-754585": 7.591274230497352,
    "mp-27914": 2.24451559642531,
    "mp-29910": 8.110686559329894,
    "mp-14367": 2.1379213146115768,
    "mp-557027": 0.4321173867306004,
    "mp-29525": 2.386718730426818,
    "mp-23866": 0.8752582296709479,
    "mp-29524": 2.8291967883156497,
    "mp-559065": 10.02970886383821,
    "mp-551629": 0.8798008946240103,
    "mp-9064": 27.28507797275505,
    "mp-13666": 20.75804231546928,
    "mp-14444": 12.536824904830398,
    "mp-685145": 2.6752294711426194,
    "mp-830": 50.443549603529945,
    "mp-31451": 59.384523409157666,
    "mp-30847": 86.3044377549092,
    "mp-36111": 46.60894150160498,
    "mp-1184046": 7.83803305718763,
    "mp-1215430": 41.37881916947352,
    "mp-1017534": 34.895932803329224,
    "mp-1018093": 39.43439881373536,
    "mp-1008556": 5.149775144596529,
    "mp-4524": 82.11103276238428,
    "mp-10572": 2.007266567165259,
    "mp-7582": 27.770780145839947,
    "mp-22965": 34.27790725047579,
    "mp-4586": 33.63444433285793,
    "mp-1193269": -0.2574300226009877,
    "mp-1101862": 1.5869596854537165,
    "mp-1097061": -1.3632893786275213,
    "mp-998623": 0.0143924563975424,
    "mp-1028576": 6.831243076663231,
    "mp-672118": 3.4741234013397353,
    "mp-1215418": 50.55824685517938,
    "mp-23173": 13.086973336023856,
    "mp-863755": 6.894486525120999,
    "mp-1221954": 4.377922401008008,
    "mp-1300570": 0.834050722934824,
    "mp-1210659": 0.6556236868221821,
    "mp-554560": 1.5621787603174868,
    "mp-15776": 50.11729719296202,
    "mp-28873": 3.8304757767503705,
    "mp-1102285": 4.5255578241784065,
    "mp-1227567": 50.07857200150188,
    "mp-1220190": 0.28629883876175016,
    "mp-570084": 58.93837030746144,
    "mp-17862": 56.540164011743336,
    "mp-1190717": 0.6737511285796117,
    "mp-1217833": 13.948908216794107,
    "mp-675779": 24.11797459312693,
    "mp-27594": 19.949598028871982,
    "mp-1218158": 4.935278165957775,
    "mp-28140": 14.087377762027783,
    "mp-766345": 1.606331910015822,
    "agm002183415": 40.49408017474986,
    "agm003160554": 114.69457284341635,
    "agm002205907": 61.42364262017351,
    "agm002233584": 11.968652977982147,
    "agm003227564": 0.7974619957556164,
    "agm002793928": 22.254383493041825,
    "mp-781710": 14.627213993130379,
    "mp-1227011": 27.358248514117275,
    "mp-1216863": 6.005694262725088,
    "agm002135972": 72.33483566542742,
    "agm003234420": 1.5525629667517182,
    "agm002218325": 42.11153477107878,
    "mp-1216132": 5.131765852159812,
    "mp-779863": 6.452371779814782,
    "mp-38103": 2.4555621245252364,
    "mp-29362": 16.870328343210335,
    "mp-1019715": -0.05437919050148467,
    "agm002054632": 32.1957667954621,
    "mp-1204358": 0.2725117564647354,
    "mp-1105300": 34.37095905028158,
    "mp-1228823": 31.751130850694377,
    "mp-15833": 2.653572298632332,
    "mp-1103351": 16.888277961830415,
    "mp-24402": 1.8257364050334988,
    "mp-1095543": 1.039395984161941,
    "mp-1188121": 0.025690674972792413,
    "mp-625521": 1.4643235410037645,
    "mp-23560": 2.1154903742429862,
    "mp-1227994": 1.1326237558302732,
    "mp-1079609": 2.569399495277172,
    "mp-1192126": 2.418921154095455,
    "agm002197344": 15.218336353126372,
    "agm002177947": 51.46864734777751,
    "mp-696347": 0.5327144545906797,
    "mp-1147693": 8.237315522178452,
    "agm002156258": 0.04039760590852416,
    "mp-772748": 0.3932672977237449,
    "mp-1029422": 29.1416082675862,
    "mp-1120718": 2.1073387185783963,
    "mp-1227036": -0.3158773820960903,
    "mp-1194520": -0.1618211659319438,
    "mp-1218006": 34.071993978673085,
    "mp-1220913": 1.8822479955170424,
    "mp-1223822": -0.8338776110709676,
    "mp-1147725": 8.892032751592552,
    "mp-984766": 0.27446205592028755,
    "mp-1210722": 2.7757064483402387,
    "agm003263235": 5.490985596951487,
    "agm002215982": 0.4508987244651189,
    "mp-568968": 29.576559334096835,
    "mp-27313": -0.8207634148918249,
    "mp-556024": -0.23305314268721805,
    "mp-28020": 11.662183478135004,
    "mp-1229086": 3.3804740454875413,
    "mp-772875": 0.9885096401912348,
    "agm002363904": 1.264831730532023,
    "mp-1223536": 17.126478220088973,
    "mp-1147697": 7.319702370423989,
    "mp-23887": 0.4696823161708924,
    "mp-18609": 32.66791669553208,
    "agm002848041": 0.1354999160979917,
    "agm002133608": 4.284256887287981,
    "agm003268240": 78.37922725322046,
    "mp-1198890": -0.16985094118013747,
    "agm003200486": 0.5711487582533278,
    "mp-1096810": 7.14410935532667,
    "mp-1105127": 59.9044462031044,
    "mp-1216944": 10.958621373644286,
    "mp-555915": 0.07652206486501856,
    "mp-776259": 4.091428676376374,
    "agm002133663": -2.996322801421758,
    "agm002790067": 27.817263471137235,
    "agm002162961": 11.843371595334705,
    "mp-767604": 19.356083444168114,
    "agm003445531": 4.414914987113722,
    "agm003206623": 0.8509205844289398,
    "mp-1227366": 10.3000760878431,
    "agm005543540": 2.24720890033203,
    "agm2000012572": -0.2247264193725938,
    "agm002205114": 56.75425591203005,
    "agm003046706": 6.724936880129662,
    "agm004786073": 2.8791465068908604,
    "agm003445638": 2.667188764574546,
    "agm002149208": 1.4163329780451388,
    "agm2000022161": -0.10712454167731358,
    "agm2000001840": 1.9549597475517857,
    "agm002158429": 6.817861390307133,
    "agm004751295": 0.856849779275688,
    "agm005848257": 3.961449850799164,
    "agm2000081842": -0.33390945763823127,
    "agm004879066": 1.0225445282671402,
    "agm001347560": 117.43762209593443,
    "agm2000086862": 5.182581531831687,
    "agm002102214": -0.20419858747326325,
    "mp-23807": 2.6419879524268937,
    "agm004954137": 14.970565106193561,
    "agm004785400": 18.79959413679112,
    "agm001234439": 4.786889987761802,
    "agm2000011096": 0.32454078014736615,
    "agm2000002067": 0.2366156198691838,
    "agm003716707": 0.5669804999094414,
    "mp-554918": 0.9272193441100047,
    "agm005769896": 74.8324537444579,
    "agm005698720": 10.745772696566247,
    "agm004956590": 0.3400553305001737,
    "agm006124765": 26.068969483842675,
    "mp-1202153": 14.310688655984675,
    "mp-23914": 0.3092197470446809,
    "agm002073747": 0.7323326118986241,
    "agm004442672": 5.430816488602614,
    "agm004929360": 1.5474979730955396,
    "agm003267560": 91.5904853358929,
    "agm002171920": 18.10461220924822,
    "mp-1215297": 13.261154083585426,
    "agm2000005425": -0.3224148454718496,