{
  "predictions": {
    "mp-983357": 0.7089268261048103,
    "mp-8377": 8.546218724178331,
    "mp-18938": 1.1431965661475814,
    "mp-5854": 0.08345319438050776,
    "mp-23778": 0.753421887703495,
    "mp-19219": 1.1099575239523984,
    "mp-9197": -0.10536600721742222,
    "mp-553887": 4.593447618006689,
    "mp-23407": 3.033286531260178,
    "mp-555150": -0.05136935765330095,
    "mp-6062": 0.7533644619438624,
    "mp-863374": 5.824481529454876,
    "mp-23363": 0.9905830689609175,
    "mp-23321": 1.6879458827749372,
    "mp-27755": 1.6091974973400278,
    "mp-3491": 9.592222150543476,
    "mp-540634": 2.254707434957661,
    "mp-557773": 3.7993626545895665,
    "mp-559961": 2.160909905310969,
    "mp-556966": 1.8323115292907046,
    "mp-7324": 0.8727908259857987,
    "mp-622018": 3.884547208967209,
    "mp-29305": 5.316616277705376,
    "mp-639714": 11.39723785842581,
    "mp-24118": 0.5120276424643302,
    "mp-555203": 0.38241198859095066,
    "mp-706621": 0.16995937548401316,
    "mp-16792": 4.5012007193800825,
    "mp-639506": -0.925506806886176,
    "mp-5020": 4.72897784176587,
    "mp-3589": 1.7040089496213717,
    "mp-28264": 0.10950067228187946,
    "mp-570136": 10.014010881294196,
    "mp-862539": 0.40329147263020343,
    "mp-696946": 5.615667562708455,
    "mp-27726": 3.7016525678967223,
    "mp-30530": 2.3243452888428244,
    "mp-626620": 1.202275884960797,
    "mp-2691": 30.566677972518132,
    "mp-21521": 3.02343547292334,
    "mp-4690": 2.2583278216493237,
    "mp-756570": 3.461912572777677,
    "mp-28918": 9.637768813260122,
    "mp-754585": 13.72863596385492,
    "mp-27914": 3.04976362830747,
    "mp-29910": 6.220469160350778,
    "mp-14367": 3.1396622667246974,
    "mp-557027": -0.5687363894587961,
    "mp-29525": 4.162662617644577,
    "mp-23866": 1.7639022771486546,
    "mp-29524": 4.19579277199677,
    "mp-559065": 8.376010617953003,
    "mp-551629": 5.763335953003097,
    "mp-9064": 34.398301619352814,
    "mp-13666": 26.223911857849814,
    "mp-14444": 11.53981202594079,
    "mp-685145": 7.405545140070371,
    "mp-830": 32.044552588012586,
    "mp-31451": 49.96259645399586,
    "mp-30847": 78.13249291361342,
    "mp-36111": 31.420489764957715,
    "mp-1184046": 14.788594551743845,
    "mp-1215430": 40.2747882208021,
    "mp-1017534": 38.50096435058535,
    "mp-1018093": 29.404660810404664,
    "mp-1008556": 5.443744263821536,
    "mp-4524": 84.04017214499055,
    "mp-10572": 1.8730347862348886,
    "mp-7582": 21.84965506729605,
    "mp-22965": 32.67200581950795,
    "mp-4586": 46.01985831310747,
    "mp-1193269": 0.06707418515242201,
    "mp-1101862": 0.7189537437057377,
    "mp-1097061": -0.8145887451983761,
    "mp-998623": 0.7798189480935933,
    "mp-1028576": 8.904011044736722,
    "mp-672118": 6.14704906556094,
    "mp-1215418": 70.72527803033178,
    "mp-23173": 17.24795067639671,
    "mp-863755": 10.89589746912472,
    "mp-1221954": 5.882822599297734,
    "mp-1300570": 0.199487067177828,
    "mp-1210659": 0.2994615449630401,
    "mp-554560": 1.3496104988141402,
    "mp-15776": 53.36352140858362,
    "mp-28873": 1.340385424734015,
    "mp-1102285": 6.008780977236539,
    "mp-1227567": 50.20646209553766,
    "mp-1220190": 12.926606589345223,
    "mp-570084": 53.2982547269459,
    "mp-17862": 46.44728109476991,
    "mp-1190717": 0.34565050707276584,
    "mp-1217833": 11.652390497877825,
    "mp-675779": 26.38707071463119,
    "mp-27594": 30.08662140375775,
    "mp-1218158": 6.92076195889647,
    "mp-28140": 8.460855229211823,
    "mp-766345": 0.9508606497070093,
    "agm002183415": 42.57475795333416,
    "agm003160554": 99.18187016410293,
    "agm002205907": 48.371322384089105,
    "agm002233584": 14.814746352206983,
    "agm003227564": 2.9960387977527363,
    "agm002793928": 24.710991004057377,
    "mp-781710": 39.03373142570469,
    "mp-1227011": 50.21740496061764,
    "mp-1216863": 12.696218849597381,
    "agm002135972": 93.12633289911035,
    "agm003234420": 1.3510915198519982,
    "agm002218325": 40.77716062077184,
    "mp-1216132": 3.500343087066826,
    "mp-779863": 6.034297012132246,
    "mp-38103": 0.9085976672669139,
    "mp-29362": 12.910468987753575,
    "mp-1019715": 0.5189972123286706,
    "agm002054632": 22.511323995088972,
    "mp-1204358": -0.24357032319596228,
    "mp-1105300": 28.234839238897845,
    "mp-1228823": 15.208919517571768,
    "mp-15833": 2.546003698610115,
    "mp-1103351": 15.113821123154406,
    "mp-24402": 0.36432474484339483,
    "mp-1095543": -0.7419852293480017,
    "mp-1188121": 0.4069100622069917,
    "mp-625521": 0.8892038962033972,
    "mp-23560": 3.223261521869214,
    "mp-1227994": 0.2115540814496572,
    "mp-1079609": 1.756964123582899,
    "mp-1192126": 1.5104743554171374,
    "agm002197344": 8.946193735449661,
    "agm002177947": 46.99030741803394,
    "mp-696347": 1.4465492055806688,
    "mp-1147693": 8.463802494737308,
    "agm002156258": 0.5594084031770612,
    "mp-772748": 0.8151766708235729,
    "mp-1029422": 14.34199403519382,
    "mp-1120718": 9.36380426856879,
    "mp-1227036": -0.3378710347687631,
    "mp-1194520": -1.4349658092553796,
    "mp-1218006": 16.773161317089613,
    "mp-1220913": 5.161165611484092,
    "mp-1223822": -0.5802595267664936,
    "mp-1147725": 8.82381856187728,
    "mp-984766": -0.09072531993205703,
    "mp-1210722": 5.872588204598096,
    "agm003263235": 4.917591565957297,
    "agm002215982": 0.6283603310184562,
    "mp-568968": 40.73308072964635,
    "mp-27313": -0.46094976180042624,
    "mp-556024": -0.055163250343723914,
    "mp-28020": 3.4926639707137355,
    "mp-1229086": 1.0871503041518888,
    "mp-772875": 1.8374904660538094,
    "agm002363904": 0.7095922900506233,
    "mp-1223536": 17.85059925155918,
    "mp-1147697": 7.128346611923319,
    "mp-23887": 0.4741986644619445,
    "mp-18609": 56.187731008683514,
    "agm002848041": -0.9966468595873644,
    "agm002133608": 9.567424912041862,
    "agm003268240": 86.84764272384068,
    "mp-1198890": 0.6664869582180675,
    "agm003200486": 1.3901676286875975,
    "mp-1096810": 9.658252125113563,
    "mp-1105127": 39.48978833689862,
    "mp-1216944": 11.787471340557977,
    "mp-555915": 3.563586661809061,
    "mp-776259": 3.5782514930109546,
    "agm002133663": 0.22062494551431405,
    "agm002790067": 31.256777346171827,
    "agm002162961": 26.22759604870308,
    "mp-767604": 19.026605645339824,
    "agm003445531": 2.661135891373919,
    "agm003206623": 1.5481235951992252,
    "mp-1227366": 10.575626750985693,
    "agm005543540": 0.2941610253943004,
    "agm2000012572": -0.8172076919954845,
    "agm002205114": 64.95300093487913,
    "agm003046706": 6.86337383211139,
    "agm004786073": 3.8082569485083173,
    "agm003445638": 2.8796490490466535,
    "agm002149208": 2.501211389092538,
    "agm2000022161": -0.4543706813476307,
    "agm2000001840": 1.1298559175652825,
    "agm002158429": 5.621566221442496,
    "agm004751295": 0.5624678496110377,
    "agm005848257": 2.648637093098805,
    "agm2000081842": -0.04562547695833623,
    "agm004879066": 1.272093773023479,
    "agm001347560": 112.94399026655705,
    "agm2000086862": 5.113923524603763,
    "agm002102214": 0.4975869512400898,
    "mp-23807": 0.5222646580601344,
    "agm004954137": 12.46836678132098,
    "agm004785400": 11.009593805044785,
    "agm001234439": 3.8446716200861517,
    "agm2000011096": 1.531209298656067,
    "agm2000002067": -0.2858405822063012,
    "agm003716707": 0.3622571172206672,
    "mp-554918": 1.0181325631408142,
    "agm005769896": 54.150960557156765,
    "agm005698720": 22.864037141386174,
    "agm004956590": 0.3048506529601228,
    "agm006124765": 25.529796831177393,
    "mp-1202153": 14.644683033603798,
    "mp-23914": 0.3102136963462082,
    "agm002073747": 0.394344503080492,
    "agm004442672": 4.661131004850606,
    "agm004929360": 3.28669041632984,
    "agm003267560": 77.28556193160667,
    "agm002171920": 25.39262462993286,
    "mp-1215297": 9.605782642902724,
    "agm2000005425": -0.11528216160418511,