{
  "predictions": {
    "mp-552663": 7.827962398529053,
    "mp-753401": 2.380671739578247,
    "mp-23363": 0.8983758687973022,
    "mp-559961": 0.8540961146354675,
    "mp-17066": 0.9538359642028809,
    "mp-29155": 0.7500758767127991,
    "mp-542931": 0.6983226537704468,
    "mp-27316": 0.10035455226898193,
    "mp-6126": 0.8933888673782349,
    "mp-997027": 1.7991863489151,
    "mp-21521": 1.052076816558838,
    "mp-8673": 2.951481342315674,
    "mp-23280": 4.87614631652832,
    "mp-561664": 0.5726062655448914,
    "mp-23794": 0.6345028877258301,
    "mp-756570": 2.4772911071777344,
    "mp-27987": 0.33458957076072693,
    "mp-550959": 14.49960994720459,
    "mp-556719": 0.7336310744285583,
    "mp-27914": 2.6564035415649414,
    "mp-29524": 1.9260708093643188,
    "mp-504908": 2.2900733947753906,
    "mp-559065": 5.632938861846924,
    "mp-769218": 48.106658935546875,
    "mp-570213": 35.019405364990234,
    "mp-1023936": 8.455849647521973,
    "mp-560588": 13.3197021484375,
    "mp-1222661": 9.0515775680542,
    "mp-1227993": 15.833812713623047,
    "mp-567246": 8.590324401855469,
    "mp-1184796": 0.8873662948608398,
    "mp-1217830": 8.302515983581543,
    "mp-774907": 2.414278268814087,
    "mp-672158": 14.680184364318848,
    "mp-1228522": 10.159503936767578,
    "mp-504910": 0.820837140083313,
    "mp-568802": 46.48065948486328,
    "mp-1222565": 0.5053733587265015,
    "mp-33723": 33.51150894165039,
    "mp-1227512": 95.73310089111328,
    "mp-1189731": 0.790498673915863,
    "mp-28089": 31.653076171875,
    "mp-36779": 0.822971761226654,
    "mp-560521": 0.6132396459579468,
    "mp-571195": 83.95214080810547,
    "mp-1208039": 0.8669390082359314,
    "mp-1224376": 25.224199295043945,
    "mp-1219501": 10.843008041381836,
    "mp-1218158": 3.212975025177002,
    "mp-17207": 45.25600051879883,
    "agm003202330": 27.16631507873535,
    "agm002254137": 83.51787567138672,
    "agm002186848": 64.30000305175781,
    "agm002224787": 9.671711921691895,
    "agm002153716": 2.273726463317871,
    "mp-1195571": 15.639034271240234,
    "mp-998230": 4.399646759033203,
    "mp-1223489": 0.6123033761978149,
    "mp-1029932": 2.381343364715576,
    "mp-28473": 0.4078759551048279,
    "mp-1228745": 31.389307022094727,
    "mp-1029652": 0.7111504077911377,
    "mp-985293": 0.6199852228164673,
    "mp-1019889": 0.5786809921264648,
    "mp-1227994": 0.9022332429885864,
    "agm002156258": 1.3716926574707031,
    "mp-559373": 4.073037147521973,
    "mp-1215615": 16.575578689575195,
    "mp-1219293": 0.45199882984161377,
    "mp-560699": 7.6434125900268555,
    "agm002156599": 4.763518333435059,
    "mp-1078049": 15.030594825744629,
    "mp-554002": 0.8025746941566467,
    "mp-1226863": 0.8945664167404175,
    "agm002848041": 1.8763039112091064,
    "agm002336867": 116.39759063720703,
    "mp-1222496": 6.020851135253906,
    "agm003160584": 42.661163330078125,
    "mp-568328": 64.83553314208984,
    "agm002137965": 0.7276058197021484,
    "agm002074655": 0.8756129145622253,
    "agm2000085596": 16.180938720703125,
    "agm005539186": 20.635635375976562,
    "agm002073755": 1.1592435836791992,
    "agm002149208": 1.0019391775131226,
    "agm002225219": 21.501388549804688,
    "agm003713453": 4.254756927490234,
    "agm1000019508": 0.6430010795593262,
    "agm2000011039": 0.6153748631477356,
    "agm005769288": 1.6198508739471436,
    "agm005112928": 11.97419548034668,
    "agm001266143": 37.678741455078125,
    "agm005955873": 0.6797692775726318,
    "agm002077911": 12.064584732055664,
    "agm002097562": 1.1667107343673706,
    "agm2000016398": 0.7972970604896545,
    "agm2000145156": 0.318748414516449,
    "agm002056302": 0.6257718801498413,
    "agm002190330": 25.42099380493164,
    "mp-685097": 0.7604255676269531,
    "agm003464867": 22.51584815979004,
    "agm003204906": 16.527019500732422,
    "agm002072309": 1.0598281621932983,
    "agm003612680": 0.8351497054100037,
    "agm002128787": 16.41605567932129,
    "agm2000128632": 4.3928093910217285,
    "agm005882580": 4.948716163635254,
    "agm003743952": 0.9739536643028259,
    "mp-1029408": 3.4301161766052246,
    "agm2000084944": 0.3044702112674713,
    "mp-998591": 3.107954502105713,
    "agm004958126": 1.8605949878692627,
    "agm002233061": 42.8731689453125,
    "agm005605704": 27.734180450439453,
    "mp-1220818": 8.702720642089844,
    "mp-761842": 0.8692121505737305,
    "mp-14568": 0.4376216530799866,
    "agm004947354": 4.194097995758057,
    "agm006056059": 1.1553707122802734,
    "mp-32959": 1.5305699110031128,
    "agm002091778": 3.178950309753418,
    "agm004951594": 3.673635959625244,
    "agm002079795": 3.4842753410339355,
    "agm002018585": 28.856653213500977,
    "agm004786105": 19.868629455566406
  },
  "uncertainties": null,
  "metrics": {
    "mae": 7.640776677753976,
    "rmse": 16.13712980583623,
    "spearman": 0.7162519201228877,
    "r2_score": 0.6559575767465995
  }
}