{
  "predictions": {
    "mp-21892": 1.2447675977628427,
    "mp-8070": 0.3843028194556913,
    "mp-558491": 0.6713219024416247,
    "mp-632684": 0.6743015394205232,
    "mp-23329": 13.151552665795718,
    "mp-555150": 1.5623774337489225,
    "mp-6564": -0.10110774208524047,
    "mp-18578": 12.980270831697382,
    "mp-760755": -0.01416888982749781,
    "mp-28456": 12.785883503945273,
    "mp-4779": 0.6680693024046086,
    "mp-6268": 1.1368020127881915,
    "mp-706621": 0.6094126814829223,
    "mp-559057": 2.667009966638841,
    "mp-24468": 0.45292737316098525,
    "mp-1778": 9.961155437213174,
    "mp-2176": 85.53417163166368,
    "mp-22909": 2.71861772293406,
    "mp-4187": 1.896371001603742,
    "mp-10341": 3.878393884911453,
    "mp-9844": 0.8203910064946667,
    "mp-5784": 2.1447121699169593,
    "mp-20694": 9.476700478838561,
    "mp-9066": 3.2829073005292297,
    "mp-6126": 1.624655781438674,
    "mp-632229": 6.134348391246144,
    "mp-12177": 6.085165827598924,
    "mp-21521": 8.336448452847897,
    "mp-1287": 14.418324838681901,
    "mp-756044": 0.6465336283705237,
    "mp-754712": 6.016037110312824,
    "mp-4812": 4.138490760733915,
    "mp-18168": 2.542884314314447,
    "mp-23866": 2.2094905491834456,
    "mp-558085": 0.6993979671411902,
    "mp-230": 0.999489391237243,
    "mp-505702": 4.645717046394311,
    "mp-559065": 7.7745161967198,
    "mp-559545": 4.098295619681089,
    "mp-549720": 17.711817931273355,
    "mp-561385": 1.7723545276934694,
    "mp-13666": 25.713512012298928,
    "mp-14444": 15.924410242720064,
    "mp-1550": 27.477558577914998,
    "mp-2469": 14.188436106147435,
    "mp-31451": 83.69290974783665,
    "mp-1023924": 6.262418063103204,
    "mp-1100395": 2.7037598180204365,
    "mp-961682": 85.56726498111921,
    "mp-38011": 7.07863254894178,
    "mp-30847": 65.08156664834812,
    "mp-8884": 67.88846361408044,
    "mp-1017534": 30.93922468903719,
    "mp-6980": 19.525544678155395,
    "mp-560588": 11.875557713473986,
    "mp-4524": 78.76691178078723,
    "mp-4514": 15.784850801225893,
    "mp-11714": 8.215763883545284,
    "mp-1180133": 5.231394857358013,
    "mp-675161": -0.061998986061884004,
    "mp-983327": 0.266421793504091,
    "mp-1225884": 2.471087705698134,
    "mp-1219554": 13.881622533103222,
    "mp-1196457": 0.1753497356772573,
    "mp-560894": -0.022963664386190723,
    "mp-1196282": 0.08009648735732007,
    "mp-1222122": 14.60328869995784,
    "mp-1219328": 14.172528795045286,
    "mp-1227014": 68.9909997811161,
    "mp-1222205": 8.389570705117498,
    "mp-1227124": 33.36161313238674,
    "mp-1102285": 9.908832629181317,
    "mp-1227389": 27.480447953275014,
    "mp-1180688": 26.00833796751798,
    "mp-1399519": 9.712987131160993,
    "mp-1227110": 0.3087469370378177,
    "mp-1079676": 8.012359986969102,
    "mp-24705": 0.4352772820909092,
    "mp-1516294": 1.4569629428353532,
    "mp-1228342": 1.2773340572572585,
    "mp-17862": 28.681632837371193,
    "mp-504952": 68.14993160467264,
    "mp-1222589": 0.31690984284013685,
    "mp-1223849": 1.3392881736966582,
    "mp-6524": 1.1014583213352518,
    "mp-1208039": 2.3903218766109267,
    "mp-625175": 0.3056916287851369,
    "mp-1219000": 53.413020873250716,
    "mp-532424": -0.12659232182303146,
    "mp-1218099": 1.1899235359424654,
    "agm002306806": 13.604420796181682,
    "agm003160552": 66.58959377124458,
    "agm003202328": 14.524564162703134,
    "agm002353946": 21.969591796712166,
    "agm002278924": 54.8581252288153,
    "agm002381637": 78.74996842137759,
    "agm003225028": 1.700162039939585,
    "agm003202410": 39.076863410252045,
    "agm003230659": 3.952585783299369,
    "agm003128264": 0.47014569403537243,
    "mp-781710": 20.38716959306573,
    "mp-1227011": 36.38502879395567,
    "mp-1216118": 5.215939053085094,
    "agm002166075": 7.442180965824097,
    "agm002135972": 103.54299501871233,
    "mp-3267": 16.85749692156578,
    "agm002224865": 8.060826918211028,
    "agm002347507": 1.9341388928956937,
    "agm003157565": 4.620403253783912,
    "mp-1216100": 1.6651812637974561,
    "mp-1195571": 1.1279917750230457,
    "mp-780232": 5.15108650050558,
    "agm002018869": 82.8777155384256,
    "agm002140778": 4.509974969539683,
    "agm002041336": 68.99273394106277,
    "agm003219193": 0.28309528363259967,
    "mp-1228160": 0.2546492404246522,
    "mp-1223489": 0.5384037121195829,
    "mp-1221169": 13.249692737975952,
    "mp-4431": 20.850536106242888,
    "mp-8393": 29.901579153811923,
    "mp-1105300": 23.22823416336416,
    "mp-36066": 2.4915135995547155,
    "mp-1103351": 20.53212767656499,
    "mp-1103228": 85.85811680280379,
    "mp-1029368": 11.141817078529412,
    "mp-1217825": 10.82943837663131,
    "mp-1029633": 5.3823133719917795,
    "agm002147818": 0.6235046112851007,
    "agm003248171": 0.31267061272584473,
    "mp-1223526": 0.30843797197230877,
    "agm002153139": 0.7810718002629905,
    "mp-239": 9.672451406495142,
    "agm002137320": 1.1587592105346327,
    "mp-1079609": 2.507662511104314,
    "mp-558219": 6.462879536508261,
    "mp-555202": 1.5898568188018478,
    "mp-1216976": 8.69025726106284,
    "mp-626172": 0.45075246784107975,
    "agm002156258": 0.5110198149639739,
    "mp-772748": 0.1360084840116797,
    "agm002237467": 12.010274264198165,
    "mp-1223389": 16.501550322985818,
    "agm002155430": 38.308280188849594,
    "mp-9427": 0.3428729318923964,
    "mp-1225916": 0.7297858723273848,
    "agm003237859": 0.7467555796068115,
    "agm002156600": 2.110361240431349,
    "mp-1221971": 10.588871276827478,
    "mp-1220913": 5.141977892903414,
    "agm002237807": 38.10894529703911,
    "mp-1221578": 1.1641527334985722,
    "mp-1191266": 6.235404640481938,
    "mp-1205304": 10.584187435311724,
    "mp-1218334": 35.147037549149715,
    "agm002215982": 0.7282679994557365,
    "mp-559752": 0.8661768358950344,
    "mp-1215642": 1.7333102673361322,
    "agm002813663": 1.3056418115683766,
    "mp-1247873": 15.228012248036714,
    "mp-1194479": 0.622407257471183,
    "mp-558521": 1.5203329419538174,
    "agm003213121": 11.852996586077325,
    "agm002286033": 13.867066762723542,
    "agm002297812": 2.355336680891037,
    "mp-1147697": 6.73173413535005,
    "mp-29157": 79.66523718205204,
    "mp-558277": 10.021124070897649,
    "agm003200486": 2.718024854185059,
    "agm002157245": 5.601144743035182,
    "mp-1370": 24.616940323904352,
    "mp-555915": -0.8301419144369064,
    "mp-776226": 5.15108650050558,
    "agm002138671": 5.795179554934839,
    "agm002790067": 36.154116379357305,
    "agm002163280": 5.323062701868286,
    "mp-532444": 0.9765566534595835,
    "agm002177957": 23.171412068469962,
    "agm006045098": 0.9891290479559761,
    "agm002205114": 55.42443987652875,
    "agm2000005406": 0.857581545185659,
    "agm002184995": 77.15419376608013,
    "agm003235252": 0.1141745020996588,
    "agm002178912": 25.791036658184836,
    "agm002115629": 1.9005322116996712,
    "agm003206267": 17.644391590147666,
    "agm004739450": 91.655300078035,
    "agm003705731": 6.712150307958978,
    "agm005112928": 14.986565165095627,
    "agm005722808": 1.0526619678870706,
    "agm2000126920": -0.7618573342332527,
    "agm2000137141": 20.14841008757761,
    "agm005848675": 30.00860196275377,
    "mp-2802611": 0.5530232862604135,
    "agm002158085": 10.11377951402832,
    "agm005545163": 4.058837502420558,
    "agm005056300": 7.507969603983993,
    "agm004786326": 10.527435449209323,
    "agm003048447": 13.841010631443009,
    "agm002102212": 0.8710720834895621,
    "agm001234439": 7.41054127706645,
    "agm002056302": -0.25430676495517335,
    "agm002137665": 0.3499450441021335,
    "agm003555711": 1.3923651552084015,
    "mp-554918": 1.4838962854832807,
    "mp-570756": 0.42113983643495534,
    "agm001375463": 60.356575910178314,
    "agm005208831": 28.067866907742236,
    "mp-4452": 18.73675308286931,
    "agm005882616": 0.36213639625435645,
    "agm2000001907": -0.5279948164766192,
    "agm005721583": 16.453580730968937,