{
  "predictions": {
    "mp-21892": 4.134444444438834,
    "mp-8070": -0.4282694527449944,
    "mp-558491": 0.6700914813134788,
    "mp-632684": 0.46215465805073475,
    "mp-23329": 7.619922869675795,
    "mp-555150": 1.046571268978579,
    "mp-6564": 0.30367376058736956,
    "mp-18578": 5.996652613119323,
    "mp-760755": -1.136957630933188,
    "mp-28456": 16.578301025537936,
    "mp-4779": 0.7589661384575537,
    "mp-6268": 2.515260570139529,
    "mp-706621": 0.7734087135047159,
    "mp-559057": 2.420696256150585,
    "mp-24468": 0.8881797473793466,
    "mp-1778": 1.214136078209416,
    "mp-2176": 72.0472817760397,
    "mp-22909": 1.1527347192441573,
    "mp-4187": 16.802258798556334,
    "mp-10341": 2.902961743033297,
    "mp-9844": 0.3520132957449393,
    "mp-5784": 0.6958581395102952,
    "mp-20694": 28.425456581637416,
    "mp-9066": 0.015490394009697442,
    "mp-6126": 4.764069916338656,
    "mp-632229": 2.802282173026246,
    "mp-12177": 9.336862034679065,
    "mp-21521": 8.780453724050329,
    "mp-1287": 15.399586466543232,
    "mp-756044": 0.4766497148301497,
    "mp-754712": -2.2910116258020605,
    "mp-4812": 1.575023384709821,
    "mp-18168": 3.1209168756024352,
    "mp-23866": 1.527458782792189,
    "mp-558085": 1.1165289236309206,
    "mp-230": 10.495248995227595,
    "mp-505702": 4.510209998906792,
    "mp-559065": 5.528322962866225,
    "mp-559545": 6.468990257647868,
    "mp-549720": 19.10959307589197,
    "mp-561385": 0.9579511609832261,
    "mp-13666": 28.969346225832748,
    "mp-14444": 11.549050051819284,
    "mp-1550": 24.908593757554225,
    "mp-2469": 29.08826185424176,
    "mp-31451": 74.45612010235095,
    "mp-1023924": 8.2276043037272,
    "mp-1100395": -4.024601752424014,
    "mp-961682": 101.61008612935119,
    "mp-38011": 5.456377676846647,
    "mp-30847": 97.5319644916813,
    "mp-8884": 92.73214542198447,
    "mp-1017534": 42.9689294176476,
    "mp-6980": 18.25834697638529,
    "mp-560588": 28.076644310221344,
    "mp-4524": 85.3037327302699,
    "mp-4514": 11.16829333877144,
    "mp-11714": 6.397299443843906,
    "mp-1180133": 3.3450230130219802,
    "mp-675161": 0.2411526936658841,
    "mp-983327": 0.7347763158596848,
    "mp-1225884": 1.9409299830876863,
    "mp-1219554": 14.581083167931117,
    "mp-1196457": 0.06757554430855699,
    "mp-560894": 2.3734031817493237,
    "mp-1196282": -0.11315294076048722,
    "mp-1222122": 31.64067820062329,
    "mp-1219328": 30.91493446566756,
    "mp-1227014": 71.53140464471313,
    "mp-1222205": 7.800306096509722,
    "mp-1227124": 30.098360649038913,
    "mp-1102285": 5.229248673909292,
    "mp-1227389": 18.992548109883845,
    "mp-1180688": 26.660331330525647,
    "mp-1399519": 10.786849548746543,
    "mp-1227110": 0.2619656123763339,
    "mp-1079676": -0.26999218779842316,
    "mp-24705": 0.2785915477156088,
    "mp-1516294": 2.6829536726230403,
    "mp-1228342": 1.7501690682019388,
    "mp-17862": 47.08716281102164,
    "mp-504952": 48.55715702998316,
    "mp-1222589": 0.5130471992297121,
    "mp-1223849": -0.06218230662555663,
    "mp-6524": 1.7673124213367102,
    "mp-1208039": 0.214673756033706,
    "mp-625175": 0.21165125548031133,
    "mp-1219000": 45.33967184122285,
    "mp-532424": -1.5108601741781136,
    "mp-1218099": 5.562557155589962,
    "agm002306806": 20.845128880535714,
    "agm003160552": 56.901204194803185,
    "agm003202328": 26.9695864947871,
    "agm002353946": 26.559011812028476,
    "agm002278924": 39.37082431986682,
    "agm002381637": 91.186500783721,
    "agm003225028": 5.59641183195822,
    "agm003202410": 44.89470045636221,
    "agm003230659": 0.9584919050365953,
    "agm003128264": 6.395105525460092,
    "mp-781710": 24.74116811386069,
    "mp-1227011": 39.06432535047893,
    "mp-1216118": 8.789394797241076,
    "agm002166075": 4.404759106157962,
    "agm002135972": 82.62571243295594,
    "mp-3267": 22.23348288186021,
    "agm002224865": 10.613784711073556,
    "agm002347507": 4.471573205839604,
    "agm003157565": 2.8312836628998177,
    "mp-1216100": 0.21549743719202807,
    "mp-1195571": 0.012052013973186157,
    "mp-780232": 4.698364016266239,
    "agm002018869": 64.31307485892316,
    "agm002140778": 5.555143100935603,
    "agm002041336": 28.756738454621722,
    "agm003219193": 0.43805857502134715,
    "mp-1228160": -0.09394263753265533,
    "mp-1223489": 0.274647574563948,
    "mp-1221169": 23.155152063450547,
    "mp-4431": 18.679504762267293,
    "mp-8393": 45.00928725873246,
    "mp-1105300": 32.22567232041561,
    "mp-36066": 1.9151376262776412,
    "mp-1103351": 16.651685536320336,
    "mp-1103228": 81.89653241471831,
    "mp-1029368": 13.94887607260932,
    "mp-1217825": 10.746119695004618,
    "mp-1029633": 16.924242692211863,
    "agm002147818": 0.28878882857424454,
    "agm003248171": 0.4200438365395941,
    "mp-1223526": 0.6708157852265653,
    "agm002153139": 0.9315870242182871,
    "mp-239": 22.097099837420085,
    "agm002137320": 1.0387459936702776,
    "mp-1079609": 2.0801089419290992,
    "mp-558219": 7.755326982097529,
    "mp-555202": 0.9222061593810222,
    "mp-1216976": 18.229517313768145,
    "mp-626172": 0.5844082696480094,
    "agm002156258": 0.4502847246074531,
    "mp-772748": 0.09956528015936267,
    "agm002237467": 10.898141589505352,
    "mp-1223389": 25.845570159084986,
    "agm002155430": 32.17770064289502,
    "mp-9427": 0.3850752436933116,
    "mp-1225916": 1.5236740828585038,
    "agm003237859": 1.083664084169002,
    "agm002156600": 1.52140403371792,
    "mp-1221971": 11.663612123483922,
    "mp-1220913": 7.287737554121899,
    "agm002237807": 57.94660397401001,
    "mp-1221578": 1.1095186598223232,
    "mp-1191266": 4.762360487872498,
    "mp-1205304": 7.768895849818549,
    "mp-1218334": 30.509147778001285,
    "agm002215982": 1.7343747049903138,
    "mp-559752": 0.508745542106922,
    "mp-1215642": 10.18907907251984,
    "agm002813663": 6.017061219837421,
    "mp-1247873": 36.536578294527004,
    "mp-1194479": 0.4252402861444422,
    "mp-558521": 1.846196387890383,
    "agm003213121": 9.867229676117827,
    "agm002286033": 9.805993273544537,
    "agm002297812": 1.3871045413100584,
    "mp-1147697": 7.0318026091155605,
    "mp-29157": 51.32801565703031,
    "mp-558277": 8.878791354617526,
    "agm003200486": 2.538910898204191,
    "agm002157245": 21.159089738341176,
    "mp-1370": 26.53438098865202,
    "mp-555915": 7.575112965435148,
    "mp-776226": 3.4983410567505198,
    "agm002138671": 5.047846698480825,
    "agm002790067": 42.00320256131388,
    "agm002163280": 4.084853040462803,
    "mp-532444": 1.3971463035918037,
    "agm002177957": 17.156983961908733,
    "agm006045098": 0.610947888490618,
    "agm002205114": 42.43087791118412,
    "agm2000005406": 0.4398252729519164,
    "agm002184995": 77.38200043768687,
    "agm003235252": 0.23526360698905155,
    "agm002178912": 22.630729774538228,
    "agm002115629": 1.887623394804776,
    "agm003206267": 13.321536171966107,
    "agm004739450": 64.39668659987767,
    "agm003705731": 5.906376724359088,
    "agm005112928": 52.506580565901224,
    "agm005722808": -1.1884192310838166,
    "agm2000126920": -1.4714634707411978,
    "agm2000137141": 15.445898950287566,
    "agm005848675": 20.534369389158975,
    "mp-2802611": 0.5239677058297468,
    "agm002158085": 15.029612168857776,
    "agm005545163": 4.570941109187921,
    "agm005056300": 6.469607347855526,
    "agm004786326": 13.78109942612136,
    "agm003048447": 13.992319048999626,
    "agm002102212": -1.5085977244898163,
    "agm001234439": 4.8455245455573515,
    "agm002056302": 1.8817105982470799,
    "agm002137665": 1.330646796540446,
    "agm003555711": 2.710159178744494,
    "mp-554918": -0.28116511152457624,
    "mp-570756": 0.045356769965852264,
    "agm001375463": 67.84508053029218,
    "agm005208831": 48.03383476590837,
    "mp-4452": 17.731096658450387,
    "agm005882616": 0.4844556242448185,
    "agm2000001907": 0.36985813614392266,
    "agm005721583": 14.82303199030734,