{
  "predictions": {
    "mp-21892": 4.545424689850915,
    "mp-8070": -0.5845929989038371,
    "mp-558491": 0.2703854848700975,
    "mp-632684": 0.30958996076521916,
    "mp-23329": 7.693953898106614,
    "mp-555150": 1.7299200291769687,
    "mp-6564": 0.46685996201924734,
    "mp-18578": 4.881366790339945,
    "mp-760755": 0.02168227916004198,
    "mp-28456": 24.475236917716334,
    "mp-4779": 1.0881672970949003,
    "mp-6268": 2.9300999708407285,
    "mp-706621": 0.9924975830707005,
    "mp-559057": 5.262968780647209,
    "mp-24468": 0.5457520796975968,
    "mp-1778": 1.4118135356920998,
    "mp-2176": 71.19720095998568,
    "mp-22909": 0.23710809077090364,
    "mp-4187": 9.703263431703961,
    "mp-10341": 4.04984104374395,
    "mp-9844": 0.3281731728060856,
    "mp-5784": 1.1554607287985212,
    "mp-20694": 23.157100504029376,
    "mp-9066": 0.23051810018453214,
    "mp-6126": 7.492488806001652,
    "mp-632229": 1.1221116703777136,
    "mp-12177": 9.180730106905003,
    "mp-21521": 5.002241454727017,
    "mp-1287": 23.762171342137094,
    "mp-756044": 0.7433467060026255,
    "mp-754712": -3.671019136991662,
    "mp-4812": 1.808734857418384,
    "mp-18168": 3.113814226318299,
    "mp-23866": 1.6732750208498446,
    "mp-558085": 2.346030487193825,
    "mp-230": 9.512621582626053,
    "mp-505702": 4.8809599582444285,
    "mp-559065": 7.816586243588547,
    "mp-559545": 6.269855771585375,
    "mp-549720": 13.051254622077492,
    "mp-561385": 2.067809815347085,
    "mp-13666": 41.226392911659616,
    "mp-14444": 10.29454994681562,
    "mp-1550": 22.75354009863512,
    "mp-2469": 23.866623651438715,
    "mp-31451": 73.97690093898392,
    "mp-1023924": 4.77504605028139,
    "mp-1100395": 0.9476213950642098,
    "mp-961682": 85.73962760310707,
    "mp-38011": 6.76010402307201,
    "mp-30847": 91.43117999637873,
    "mp-8884": 73.92961108019249,
    "mp-1017534": 43.028133853460204,
    "mp-6980": 13.867179889486616,
    "mp-560588": 22.977002883479877,
    "mp-4524": 75.84942730918932,
    "mp-4514": 10.407613593158441,
    "mp-11714": 7.367561964540018,
    "mp-1180133": 8.720107752514112,
    "mp-675161": -0.3836706469673786,
    "mp-983327": 0.4059298404100733,
    "mp-1225884": 0.06730154746197171,
    "mp-1219554": 10.555799289689864,
    "mp-1196457": 0.706458155486512,
    "mp-560894": 2.461727302464735,
    "mp-1196282": -0.742336707227597,
    "mp-1222122": 29.10929589184577,
    "mp-1219328": 26.010416910175536,
    "mp-1227014": 66.12075472467714,
    "mp-1222205": 6.102261852504761,
    "mp-1227124": 35.641831817061735,
    "mp-1102285": 8.513859059162034,
    "mp-1227389": 28.438287441436668,
    "mp-1180688": 23.689962342755834,
    "mp-1399519": 6.533232915767568,
    "mp-1227110": 0.29582710668609746,
    "mp-1079676": 2.2864593138561236,
    "mp-24705": 0.4885120084447516,
    "mp-1516294": 5.098875736407468,
    "mp-1228342": 1.0449304232400183,
    "mp-17862": 58.14190417953618,
    "mp-504952": 35.203211409232715,
    "mp-1222589": 0.3346645070949838,
    "mp-1223849": -0.16881446925236235,
    "mp-6524": 0.15630981283678463,
    "mp-1208039": -0.01828729244172824,
    "mp-625175": 0.11758192830710608,
    "mp-1219000": 56.52474823956865,
    "mp-532424": 0.07428446534524838,
    "mp-1218099": 5.988916605650999,
    "agm002306806": 32.18866798919397,
    "agm003160552": 59.25989656718242,
    "agm003202328": 27.2897334785946,
    "agm002353946": 23.59282055973974,
    "agm002278924": 43.777088644837555,
    "agm002381637": 90.04241987305595,
    "agm003225028": 2.617977194449736,
    "agm003202410": 39.94189512663933,
    "agm003230659": 2.388244526001109,
    "agm003128264": 8.67805863625619,
    "mp-781710": 17.666032554572062,
    "mp-1227011": 34.561926162316034,
    "mp-1216118": 8.653443047136467,
    "agm002166075": 3.2454431354943902,
    "agm002135972": 84.76637317579988,
    "mp-3267": 27.53788966535739,
    "agm002224865": 9.119117121365022,
    "agm002347507": 5.683354754308044,
    "agm003157565": 2.6579572199444987,
    "mp-1216100": 0.23966220829914833,
    "mp-1195571": 0.4708060907141599,
    "mp-780232": 4.24459374813053,
    "agm002018869": 62.65987600608584,
    "agm002140778": 4.507514882171917,
    "agm002041336": 25.304684557830285,
    "agm003219193": 1.2227122775305985,
    "mp-1228160": 0.15100941220848882,
    "mp-1223489": 0.36960842809014444,
    "mp-1221169": 22.319028113671443,
    "mp-4431": 16.352812484914345,
    "mp-8393": 52.718482568233824,
    "mp-1105300": 29.939251129415666,
    "mp-36066": 1.5576973872925892,
    "mp-1103351": 13.79671646958224,
    "mp-1103228": 72.46504437310143,
    "mp-1029368": 15.56347711699187,
    "mp-1217825": 13.1731726964329,
    "mp-1029633": 9.760674976245445,
    "agm002147818": 0.9746565244316571,
    "agm003248171": 0.4397054700083069,
    "mp-1223526": 0.3114239285755477,
    "agm002153139": 0.5988704258978021,
    "mp-239": 9.472023418802392,
    "agm002137320": 0.7338909228688528,
    "mp-1079609": 3.238486807170683,
    "mp-558219": 6.8915576350816545,
    "mp-555202": 0.5254269637846894,
    "mp-1216976": 21.81347650758615,
    "mp-626172": 0.4210398131832087,
    "agm002156258": 1.8174812496635318,
    "mp-772748": 0.01155861570325603,
    "agm002237467": 10.223144062037925,
    "mp-1223389": 24.211994256510362,
    "agm002155430": 34.01189213354836,
    "mp-9427": 0.5182374862476735,
    "mp-1225916": 0.6407006034295909,
    "agm003237859": 0.5495584100455093,
    "agm002156600": 0.014096988410598378,
    "mp-1221971": 10.145046144432747,
    "mp-1220913": 6.974060698087626,
    "agm002237807": 55.885971074811394,
    "mp-1221578": -0.5227039504347708,
    "mp-1191266": 8.385470192352189,
    "mp-1205304": 7.257544044949767,
    "mp-1218334": 28.605114412421237,
    "agm002215982": 0.812685022794492,
    "mp-559752": -0.03899321827230735,
    "mp-1215642": 9.431565661047172,
    "agm002813663": 6.906182040659183,
    "mp-1247873": 36.767805713904444,
    "mp-1194479": 0.4372660107531056,
    "mp-558521": 3.521841155539208,
    "agm003213121": 10.937880365897566,
    "agm002286033": 6.247898381703203,
    "agm002297812": 1.5592283420310822,
    "mp-1147697": 7.278469193723845,
    "mp-29157": 49.19073357840528,
    "mp-558277": 9.019843486636233,
    "agm003200486": 0.6359588002258966,
    "agm002157245": 17.289286053754015,
    "mp-1370": 31.22650573231917,
    "mp-555915": 8.2136211174961,
    "mp-776226": 2.8827842427743167,
    "agm002138671": 10.080018517251736,
    "agm002790067": 52.3120751632374,
    "agm002163280": 5.213511638079386,
    "mp-532444": 2.8409929261130076,
    "agm002177957": 19.772985224776157,
    "agm006045098": 0.20243245334248447,
    "agm002205114": 57.48142942234615,
    "agm2000005406": 0.7362144993943003,
    "agm002184995": 68.27889184298876,
    "agm003235252": -0.022252343324694314,
    "agm002178912": 19.614103015978365,
    "agm002115629": 1.9312833985208246,
    "agm003206267": 15.028055068576972,
    "agm004739450": 69.55724476302042,
    "agm003705731": 5.346203609860395,
    "agm005112928": 40.97351419397991,
    "agm005722808": -0.4390378668761338,
    "agm2000126920": -0.2454055012012396,
    "agm2000137141": 17.405227891662054,
    "agm005848675": 23.53305769598474,
    "mp-2802611": 0.44772778990547113,
    "agm002158085": 11.583767312762927,
    "agm005545163": 1.8309250582815877,
    "agm005056300": 7.573468196293087,
    "agm004786326": 11.459849369509067,
    "agm003048447": 14.984717194157238,
    "agm002102212": -1.0848613224363899,
    "agm001234439": 5.814749228366819,
    "agm002056302": 0.6382599811971252,
    "agm002137665": 0.2924004926156041,
    "agm003555711": 0.9011794688268805,
    "mp-554918": -0.1530235645149959,
    "mp-570756": 0.17541238242549428,
    "agm001375463": 67.532646792476,
    "agm005208831": 36.09017087561841,
    "mp-4452": 18.651113845377633,
    "agm005882616": 0.2715467724987559,
    "agm2000001907": 0.44186333603214234,
    "agm005721583": 18.520391774321673,