{
  "predictions": {
    "mp-21892": 0.038218,
    "mp-8070": 0.534294,
    "mp-558491": 0.725,
    "mp-632684": 0.035,
    "mp-23329": 3.2,
    "mp-555150": 0.038,
    "mp-760755": 0.1,
    "mp-6268": 11.0,
    "mp-559057": 0.067896,
    "mp-1778": 0.514,
    "mp-2176": 94.846271,
    "mp-22909": 0.05,
    "mp-9844": 1.365,
    "mp-9066": 2.5,
    "mp-6126": 4.5,
    "mp-632229": 0.05,
    "mp-21521": 0.05,
    "mp-1287": 3.217,
    "mp-756044": 3.5,
    "mp-754712": 0.03858,
    "mp-18168": 4.5,
    "mp-505702": 5.0,
    "mp-559065": 0.041,
    "mp-559545": 0.5,
    "mp-549720": 1.0,
    "mp-561385": 0.035,
    "mp-13666": 0.05,
    "mp-14444": 5.243,
    "mp-2469": 35.0,
    "mp-31451": 2.5,
    "mp-1023924": 0.082648,
    "mp-38011": 0.038218,
    "mp-8884": 55.0,
    "mp-6980": 0.045,
    "mp-4524": 169.0,
    "mp-11714": 7.16425,
    "mp-1180133": 0.01,
    "mp-1225884": 7.5,
    "mp-1196457": 2.5,
    "mp-560894": 0.038,
    "mp-1196282": 0.01,
    "mp-1219328": 0.034,
    "mp-1227124": 0.03858,
    "mp-1102285": 1.5,
    "mp-1227389": 0.05,
    "mp-1227110": 0.562531,
    "mp-1079676": 1.25,
    "mp-1228342": 0.082648,
    "mp-17862": 1.5,
    "mp-504952": 79.0,
    "mp-1223849": 0.045,
    "mp-1208039": 0.1,
    "mp-625175": 0.036,
    "agm003160552": 3.0,
    "agm003202328": 0.1,
    "agm002278924": 0.04,
    "agm003202410": 0.05,
    "mp-1227011": 4.6729,
    "agm002224865": 0.032,
    "agm003157565": 0.034,
    "agm002140778": 0.038,
    "agm002041336": 0.05,
    "agm003219193": 0.035272,
    "mp-1228160": 1.5,
    "mp-1223489": 0.035272,
    "mp-1221169": 5.35,
    "mp-4431": 102.5,
    "mp-1105300": 3.5,
    "mp-1103351": 2.05,
    "mp-1029368": 3.547812,
    "mp-1029633": 1.5,
    "agm002147818": 0.010082,
    "agm002153139": 0.5,
    "mp-555202": 0.038218,
    "mp-1216976": 0.062,
    "mp-626172": 0.038218,
    "agm002156258": 0.038,
    "mp-772748": 0.75,
    "mp-1223389": 3.5,
    "mp-9427": 0.01,
    "mp-1225916": 0.03858,
    "agm003237859": 0.045,
    "mp-1221971": 5.0,
    "agm002237807": 0.035,
    "mp-1215642": 0.537,
    "agm003213121": 0.021,
    "agm002297812": 3.5,
    "mp-29157": 0.05,
    "mp-555915": 4.0,
    "agm002138671": 3.5,
    "agm002790067": 5.2,
    "agm002205114": 2.5,
    "agm002184995": 7.0,
    "agm003235252": 0.05,
    "agm003206267": 56.167289,
    "agm003705731": 0.03858,
    "agm2000126920": 0.04,
    "agm2000137141": 0.5,
    "agm005848675": 0.038218,
    "mp-2802611": 0.03858,
    "agm005056300": 2.851314,
    "agm004786326": 8.0,
    "agm001234439": 0.02,
    "agm002056302": 0.04,
    "agm002137665": 0.04,
    "mp-554918": 2.8,
    "agm001375463": 0.012,
    "agm005721583": 0.01,
    "agm006020719": 0.038,
    "agm003112540": 42.0,
    "agm004787350": 4.2,
    "agm002176403": 0.012,
    "agm002161194": 4.5,
    "agm2000136656": 0.038218,
    "mp-1208179": 2.5,
    "agm002017294": 0.45,
    "agm002041315": 0.031,
    "agm003469328": 0.035,
    "agm005072178": 0.03,
    "agm005664742": 0.1825,
    "agm004773455": 7.5,
    "agm005071058": 0.02,
    "agm006047746": 8.5,
    "agm005754384": 0.035,
    "agm005748012": 0.03858
  },
  "metrics": {
    "mae": 15.228414882695853,
    "rmse": 33.46718788195884
  },
  "meta": {
    "system_prompt": "\nGiven a description of a crystal structure (composition), predict its second-harmonic generation (SHG) coefficient in the Kurtz-Perry form in pm/V.\nAll the structures you see will be non-centrosymmetric.\nIn our dataset, the SHG coefficients are computed with DFPT at the PBE level.\n\nMost structures exhibit low SHG coefficients (below 10 pm/V), with exemplary materials ranging up to 170 pm/V.\nSimply respond with the value which will be read as a raw float, do not provide any explanation.\n\nBad examples include: \n\n          formula_reduced  spg_symbol  dKP_full_neum  src_bandgap\nmp-12843            YCuS2  P2_12_12_1       0.010081       1.7907\nmp-28270             KCuS      Pna2_1       0.038218       1.8294\nmp-3288             CsNO2      P3_121       0.038580       2.3904\nmp-27608          Be4TeO7       F-43m       0.082648       1.4809\nmp-24509      CdH4(BrO4)2  P2_12_12_1       0.035272       3.9705\n...                   ...         ...            ...          ...\nmp-8673         Li2SnTeO6        Pnn2       6.720265       2.0587\nmp-550959          KNiIO6        P312       7.801526       1.7814\nmp-28797             YHSe       P-6m2       9.125915       1.5589\nmp-568735             SiC        P3m1       7.164250       1.9980\nmp-567551             SiC      P6_3mc       7.277687       1.9706\n\n[200 rows x 4 columns]\n\nGood examples include: \n\n          formula_reduced  spg_symbol  dKP_full_neum  src_bandgap\nmp-422                BeS       F-43m       2.316338       3.2356\nmp-557537       Zn4P6N12O       I-43m       2.398712       3.1303\nmp-561173        Y3CuSiS7        P6_3       4.474791       1.7372\nmp-29305          Re2PbO8        P31m       2.070199       3.7671\nmp-27931          Rb2SnO2  P2_12_12_1       3.545503       2.2261\n...                   ...         ...            ...          ...\nmp-5048           LiGaTe2       I-42d      71.614518       1.5885\nmp-406               CdTe       F-43m      94.846271       1.2285\nmp-4666            CdSiP2       I-42d      89.663214       1.4257\nmp-1340            Ga2Se3          Cc      78.998838       1.6844\nmp-622018   BAs5(Pb3O10)2         P-4      77.720643       3.1525\n\n[200 rows x 4 columns]",
    "subset": 200
  }
}