{
  "predictions": {
    "mp-21892": 0.159,
    "mp-8070": 3.283,
    "mp-558491": 3.1,
    "mp-632684": 3.5,
    "mp-23329": 22.5,
    "mp-555150": 8.0,
    "mp-760755": 0.024,
    "mp-6268": 2.5,
    "mp-559057": 0.038218,
    "mp-1778": 0.5,
    "mp-2176": 0.0,
    "mp-22909": 0.082648,
    "mp-9844": 0.015,
    "mp-9066": 7.5,
    "mp-6126": 1.5,
    "mp-632229": 0.02,
    "mp-21521": 8.7,
    "mp-1287": 5.67,
    "mp-756044": 0.115,
    "mp-754712": 0.086,
    "mp-18168": 0.045,
    "mp-505702": 3.75,
    "mp-559065": 0.5,
    "mp-559545": 2.38,
    "mp-549720": 5.7,
    "mp-561385": 1.5,
    "mp-13666": 7.5,
    "mp-14444": 3.869,
    "mp-2469": 3.984312,
    "mp-31451": 0.02,
    "mp-1023924": 0.5,
    "mp-38011": 0.109312,
    "mp-8884": 10.5,
    "mp-6980": 0.685,
    "mp-4524": 107.982177,
    "mp-11714": 7.277687,
    "mp-1180133": 0.082648,
    "mp-1225884": 0.010081,
    "mp-1196457": 0.415,
    "mp-560894": 0.082648,
    "mp-1196282": 0.045,
    "mp-1219328": 0.05,
    "mp-1227124": 4.8,
    "mp-1102285": 0.079,
    "mp-1227389": 15.42,
    "mp-1227110": 6.5,
    "mp-1079676": 0.281462,
    "mp-1228342": 0.157,
    "mp-17862": 0.223,
    "mp-504952": 5.8,
    "mp-1223849": 0.108,
    "mp-1208039": 0.037,
    "mp-625175": 0.038,
    "agm003160552": 0.01,
    "agm003202328": 2.5,
    "agm002278924": 4.5,
    "agm003202410": 0.08,
    "mp-1227011": 5.3,
    "agm002224865": 0.25,
    "agm003157565": 0.05,
    "agm002140778": 0.010081,
    "agm002041336": 5.386,
    "agm003219193": 0.010081,
    "mp-1228160": 0.05,
    "mp-1223489": 0.024,
    "mp-1221169": 6.732168,
    "mp-4431": 5.2,
    "mp-1105300": 1.5,
    "mp-1103351": 0.048,
    "mp-1029368": 6.75,
    "mp-1029633": 1.5,
    "agm002147818": 0.1,
    "agm002153139": 0.25,
    "mp-555202": 0.05,
    "mp-1216976": 1.822,
    "mp-626172": 0.012,
    "agm002156258": 0.75,
    "mp-772748": 1.25,
    "mp-1223389": 2.5,
    "mp-9427": 0.412,
    "mp-1225916": 12.3,
    "agm003237859": 0.05,
    "mp-1221971": 0.58,
    "agm002237807": 0.02,
    "mp-1215642": 12.343,
    "agm003213121": 0.081,
    "agm002297812": 0.05,
    "mp-29157": 10.5,
    "mp-555915": 0.05,
    "agm002138671": 0.85,
    "agm002790067": 5.5,
    "agm002205114": 0.039,
    "agm002184995": 0.03,
    "agm003235252": 0.5,
    "agm003206267": 67.0,
    "agm003705731": 11.532,
    "agm2000126920": 5.4,
    "agm2000137141": 0.045,
    "agm005848675": 0.45,
    "mp-2802611": 0.820331,
    "agm005056300": 0.057911,
    "agm004786326": 7.34,
    "agm001234439": 0.5,
    "agm002056302": 0.05,
    "agm002137665": 0.067,
    "mp-554918": 0.547,
    "agm001375463": 0.08,
    "agm005721583": 12.5,
    "agm006020719": 0.085,
    "agm003112540": 2.584,
    "agm004787350": 5.2,
    "agm002176403": 0.065,
    "agm002161194": 0.05,
    "agm2000136656": 1.35,
    "mp-1208179": 0.021,
    "agm002017294": 5.8,
    "agm002041315": 0.05,
    "agm003469328": 0.05,
    "agm005072178": 1.25,
    "agm005664742": 0.038,
    "agm004773455": 0.045,
    "agm005071058": 0.055,
    "agm006047746": 6.85,
    "agm005754384": 0.058,
    "agm005748012": 0.038
  },
  "metrics": {
    "mae": 14.918010262043682,
    "rmse": 32.9423610830939
  },
  "meta": {
    "system_prompt": "\nGiven a description of a crystal structure (composition spacegroup), predict its second-harmonic generation (SHG) coefficient in the Kurtz-Perry form in pm/V.\nAll the structures you see will be non-centrosymmetric.\nIn our dataset, the SHG coefficients are computed with DFPT at the PBE level.\n\nMost structures exhibit low SHG coefficients (below 10 pm/V), with exemplary materials ranging up to 170 pm/V.\nSimply respond with the value which will be read as a raw float, do not provide any explanation.\n\nBad examples include: \n\n          formula_reduced  spg_symbol  dKP_full_neum  src_bandgap\nmp-12843            YCuS2  P2_12_12_1       0.010081       1.7907\nmp-28270             KCuS      Pna2_1       0.038218       1.8294\nmp-3288             CsNO2      P3_121       0.038580       2.3904\nmp-27608          Be4TeO7       F-43m       0.082648       1.4809\nmp-24509      CdH4(BrO4)2  P2_12_12_1       0.035272       3.9705\n...                   ...         ...            ...          ...\nmp-8673         Li2SnTeO6        Pnn2       6.720265       2.0587\nmp-550959          KNiIO6        P312       7.801526       1.7814\nmp-28797             YHSe       P-6m2       9.125915       1.5589\nmp-568735             SiC        P3m1       7.164250       1.9980\nmp-567551             SiC      P6_3mc       7.277687       1.9706\n\n[200 rows x 4 columns]\n\nGood examples include: \n\n          formula_reduced  spg_symbol  dKP_full_neum  src_bandgap\nmp-422                BeS       F-43m       2.316338       3.2356\nmp-557537       Zn4P6N12O       I-43m       2.398712       3.1303\nmp-561173        Y3CuSiS7        P6_3       4.474791       1.7372\nmp-29305          Re2PbO8        P31m       2.070199       3.7671\nmp-27931          Rb2SnO2  P2_12_12_1       3.545503       2.2261\n...                   ...         ...            ...          ...\nmp-5048           LiGaTe2       I-42d      71.614518       1.5885\nmp-406               CdTe       F-43m      94.846271       1.2285\nmp-4666            CdSiP2       I-42d      89.663214       1.4257\nmp-1340            Ga2Se3          Cc      78.998838       1.6844\nmp-622018   BAs5(Pb3O10)2         P-4      77.720643       3.1525\n\n[200 rows x 4 columns]",
    "subset": 200
  }
}