{
  "predictions": {
    "mp-983357": 2.3560104370117188,
    "mp-8377": 4.930044174194336,
    "mp-18938": 3.876673698425293,
    "mp-5854": 4.500491142272949,
    "mp-23778": 2.417421579360962,
    "mp-19219": 4.7488017082214355,
    "mp-9197": 5.273491859436035,
    "mp-553887": 4.4033989906311035,
    "mp-23407": 1.9698683023452759,
    "mp-555150": 2.488919734954834,
    "mp-6062": 1.5697568655014038,
    "mp-863374": 4.498607635498047,
    "mp-23363": 5.759435653686523,
    "mp-23321": 8.313285827636719,
    "mp-27755": 5.806983470916748,
    "mp-3491": 6.300002574920654,
    "mp-540634": 3.8375959396362305,
    "mp-557773": 2.0391507148742676,
    "mp-559961": 21.476694107055664,
    "mp-556966": 4.838618278503418,
    "mp-7324": 1.8767881393432617,
    "mp-622018": 3.101720094680786,
    "mp-29305": 3.2401442527770996,
    "mp-639714": 5.340908050537109,
    "mp-24118": 2.5607917308807373,
    "mp-555203": 3.943218231201172,
    "mp-706621": 2.2645962238311768,
    "mp-16792": 3.3788294792175293,
    "mp-639506": 3.469250202178955,
    "mp-5020": 4.176976203918457,
    "mp-3589": 1.6250197887420654,
    "mp-28264": 1.3068872690200806,
    "mp-570136": 1.3169795274734497,
    "mp-862539": 2.541963577270508,
    "mp-696946": 3.3840906620025635,
    "mp-27726": 4.0160603523254395,
    "mp-30530": 3.068596124649048,
    "mp-626620": 1.0771507024765015,
    "mp-2691": 57.38794708251953,
    "mp-21521": 3.811897039413452,
    "mp-4690": 2.710024356842041,
    "mp-756570": 5.1557536125183105,
    "mp-28918": 4.262026309967041,
    "mp-754585": 3.8733067512512207,
    "mp-27914": 4.33281135559082,
    "mp-29910": 8.5787992477417,
    "mp-14367": 3.991107225418091,
    "mp-557027": 1.9684423208236694,
    "mp-29525": 4.408539295196533,
    "mp-23866": 1.1551213264465332,
    "mp-29524": 4.30841064453125,
    "mp-559065": 3.3770835399627686,
    "mp-551629": 2.5389299392700195,
    "mp-9064": 56.74724197387695,
    "mp-13666": 13.671165466308594,
    "mp-14444": 14.138042449951172,
    "mp-685145": 2.509143114089966,
    "mp-830": 6.650892734527588,
    "mp-31451": 64.26313018798828,
    "mp-30847": 73.4540023803711,
    "mp-36111": 47.386505126953125,
    "mp-1184046": 3.2893786430358887,
    "mp-1215430": 62.471675872802734,
    "mp-1017534": 61.29875564575195,
    "mp-1018093": 5.551244735717773,
    "mp-1008556": 6.092123985290527,
    "mp-4524": 59.64505386352539,
    "mp-10572": 5.467626094818115,
    "mp-7582": 14.509893417358398,
    "mp-22965": 51.447174072265625,
    "mp-4586": 53.5404052734375,
    "mp-1193269": 2.3424570560455322,
    "mp-1101862": 1.6685541868209839,
    "mp-1097061": 3.113922357559204,
    "mp-998623": 4.836758613586426,
    "mp-1028576": 40.58349609375,
    "mp-672118": 8.739765167236328,
    "mp-1215418": 53.665428161621094,
    "mp-23173": 21.50142478942871,
    "mp-863755": 12.634153366088867,
    "mp-1221954": 5.523682594299316,
    "mp-1300570": 3.0767924785614014,
    "mp-1210659": 1.8589439392089844,
    "mp-554560": 2.1151223182678223,
    "mp-15776": 43.897621154785156,
    "mp-28873": 2.521456241607666,
    "mp-1102285": 11.03232192993164,
    "mp-1227567": 16.499643325805664,
    "mp-1220190": 4.2508649826049805,
    "mp-570084": 48.339874267578125,
    "mp-17862": 40.89091110229492,
    "mp-1190717": 1.127248764038086,
    "mp-1217833": 23.299230575561523,
    "mp-675779": 8.458359718322754,
    "mp-27594": 17.066190719604492,
    "mp-1218158": 3.368786096572876,
    "mp-28140": 13.194903373718262,
    "mp-766345": 3.343249797821045,
    "agm002183415": 45.913978576660156,
    "agm003160554": 66.68791961669922,
    "agm002205907": 81.646484375,
    "agm002233584": 29.25101661682129,
    "agm003227564": 2.703801393508911,
    "agm002793928": 22.82799530029297,
    "mp-781710": 8.927569389343262,
    "mp-1227011": 30.547882080078125,
    "mp-1216863": 5.224127769470215,
    "agm002135972": 95.64976501464844,
    "agm003234420": 7.2360148429870605,
    "agm002218325": 48.384849548339844,
    "mp-1216132": 15.24452018737793,
    "mp-779863": 7.827342510223389,
    "mp-38103": 2.625188112258911,
    "mp-29362": 2.75935697555542,
    "mp-1019715": 1.8225759267807007,
    "agm002054632": 4.299705982208252,
    "mp-1204358": 1.4199296236038208,
    "mp-1105300": 18.076446533203125,
    "mp-1228823": 53.54896545410156,
    "mp-15833": 7.2979607582092285,
    "mp-1103351": 30.29830551147461,
    "mp-24402": 1.3566803932189941,
    "mp-1095543": 1.4752780199050903,
    "mp-1188121": 1.2493643760681152,
    "mp-625521": 1.955182671546936,
    "mp-23560": 4.612435340881348,
    "mp-1227994": 5.543667793273926,
    "mp-1079609": 1.653154969215393,
    "mp-1192126": 4.704269886016846,
    "agm002197344": 12.41522216796875,
    "agm002177947": 13.536940574645996,
    "mp-696347": 2.291814088821411,
    "mp-1147693": 14.649724006652832,
    "agm002156258": 3.17356538772583,
    "mp-772748": 3.3521885871887207,
    "mp-1029422": 14.433320045471191,
    "mp-1120718": 19.73736000061035,
    "mp-1227036": 2.771243095397949,
    "mp-1194520": 12.289071083068848,
    "mp-1218006": 15.676017761230469,
    "mp-1220913": 4.431704998016357,
    "mp-1223822": 3.990513563156128,
    "mp-1147725": 14.947697639465332,
    "mp-984766": 2.330324411392212,
    "mp-1210722": 3.163670301437378,
    "agm003263235": 1.2986894845962524,
    "agm002215982": 1.3452483415603638,
    "mp-568968": 30.366836547851562,
    "mp-27313": 2.6178390979766846,
    "mp-556024": 2.488089084625244,
    "mp-28020": 3.6543684005737305,
    "mp-1229086": 2.696166753768921,
    "mp-772875": 11.672905921936035,
    "agm002363904": 3.4200754165649414,
    "mp-1223536": 26.600496292114258,
    "mp-1147697": 14.569893836975098,
    "mp-23887": 1.433785080909729,
    "mp-18609": 32.8828125,
    "agm002848041": 9.427813529968262,
    "agm002133608": 13.010831832885742,
    "agm003268240": 33.973262786865234,
    "mp-1198890": 2.2723135948181152,
    "agm003200486": 8.411087036132812,
    "mp-1096810": 14.354901313781738,
    "mp-1105127": 45.835365295410156,
    "mp-1216944": 6.628344535827637,
    "mp-555915": 9.073176383972168,
    "mp-776259": 7.865612030029297,
    "agm002133663": 29.521591186523438,
    "agm002790067": 34.34139633178711,
    "agm002162961": 39.52809143066406,
    "mp-767604": 6.721991062164307,
    "agm003445531": 2.4609265327453613,
    "agm003206623": 1.627856969833374,
    "mp-1227366": 13.187153816223145,
    "agm005543540": 1.6766644716262817,
    "agm2000012572": 1.5499166250228882,
    "agm002205114": 42.118228912353516,
    "agm003046706": 11.20095157623291,
    "agm004786073": 15.107880592346191,
    "agm003445638": 2.0587821006774902,
    "agm002149208": 2.4999868869781494,
    "agm2000022161": 1.381935715675354,
    "agm2000001840": 2.013056516647339,
    "agm002158429": 2.3071765899658203,
    "agm004751295": 2.5562591552734375,
    "agm005848257": 3.770648241043091,
    "agm2000081842": 2.3162178993225098,
    "agm004879066": 2.4452943801879883,
    "agm001347560": 60.39031982421875,
    "agm2000086862": 10.780003547668457,
    "agm002102214": 1.8447057008743286,
    "mp-23807": 1.1972095966339111,
    "agm004954137": 4.141411304473877,
    "agm004785400": 9.827770233154297,
    "agm001234439": 1.1357579231262207,
    "agm2000011096": 2.0339555740356445,
    "agm2000002067": 2.2276370525360107,
    "agm003716707": 3.0229296684265137,
    "mp-554918": 2.099656820297241,
    "agm005769896": 33.84092712402344,
    "agm005698720": 2.492034673690796,
    "agm004956590": 3.0095326900482178,
    "agm006124765": 5.333383560180664,
    "mp-1202153": 6.131523609161377,
    "mp-23914": 2.341207504272461,
    "agm002073747": 2.3588571548461914,
    "agm004442672": 2.167926073074341,
    "agm004929360": 1.5854430198669434,
    "agm003267560": 33.2314338684082,
    "agm002171920": 5.804656028747559,
    "mp-1215297": 4.024188041687012,
    "agm2000005425": 1.9534391164779663,
    "agm004957147": 1.5086511373519897,