{
  "predictions": {
    "mp-983357": 1.7378782033920288,
    "mp-8377": 1.0010825395584106,
    "mp-18938": 59.448795318603516,
    "mp-5854": -0.7454766631126404,
    "mp-23778": 0.9910450577735901,
    "mp-19219": 1.5765801668167114,
    "mp-9197": -1.7541700601577759,
    "mp-553887": 6.283449649810791,
    "mp-23407": 0.9561606645584106,
    "mp-555150": 1.075526475906372,
    "mp-6062": 1.5858479738235474,
    "mp-863374": 2.8977179527282715,
    "mp-23363": 5.182678699493408,
    "mp-23321": 33.82497787475586,
    "mp-27755": 48.44509506225586,
    "mp-3491": 2.695606231689453,
    "mp-540634": 2.1785097122192383,
    "mp-557773": -0.759888231754303,
    "mp-559961": 3.6180639266967773,
    "mp-556966": 4.082615375518799,
    "mp-7324": 1.6638069152832031,
    "mp-622018": -0.17616678774356842,
    "mp-29305": -1.3941749334335327,
    "mp-639714": 8.717534065246582,
    "mp-24118": 1.2572919130325317,
    "mp-555203": 0.6267803311347961,
    "mp-706621": 1.455717921257019,
    "mp-16792": 5.094939708709717,
    "mp-639506": 2.050246000289917,
    "mp-5020": 128.0692138671875,
    "mp-3589": 1.4781049489974976,
    "mp-28264": 1.1053543090820312,
    "mp-570136": 12.078594207763672,
    "mp-862539": 1.1105493307113647,
    "mp-696946": 1.8058459758758545,
    "mp-27726": 1.5388188362121582,
    "mp-30530": 4.049832344055176,
    "mp-626620": 1.3899030685424805,
    "mp-2691": 53.45022201538086,
    "mp-21521": 16.97650146484375,
    "mp-4690": 4.073983192443848,
    "mp-756570": 4.578164100646973,
    "mp-28918": 2.523715019226074,
    "mp-754585": 5.1667704582214355,
    "mp-27914": 0.6356070041656494,
    "mp-29910": 30.189037322998047,
    "mp-14367": 1.4418656826019287,
    "mp-557027": 1.1798614263534546,
    "mp-29525": 12.127429008483887,
    "mp-23866": 1.2013864517211914,
    "mp-29524": 3.1941614151000977,
    "mp-559065": 1.515901803970337,
    "mp-551629": 3.545571804046631,
    "mp-9064": 42.225372314453125,
    "mp-13666": 3.858318567276001,
    "mp-14444": -0.6382566094398499,
    "mp-685145": 1.7752119302749634,
    "mp-830": 14.65324878692627,
    "mp-31451": 40.81657409667969,
    "mp-30847": 148.83004760742188,
    "mp-36111": 3.5392680168151855,
    "mp-1184046": 20.459325790405273,
    "mp-1215430": 86.1506576538086,
    "mp-1017534": 78.01863098144531,
    "mp-1018093": -6.951080799102783,
    "mp-1008556": 6.735461711883545,
    "mp-4524": 5.5965094566345215,
    "mp-10572": 3.622418165206909,
    "mp-7582": -9.02936840057373,
    "mp-22965": 55.26710510253906,
    "mp-4586": 10.375226974487305,
    "mp-1193269": 14.666837692260742,
    "mp-1101862": 1.7007441520690918,
    "mp-1097061": 47.64854431152344,
    "mp-998623": 59.957496643066406,
    "mp-1028576": 61.09422302246094,
    "mp-672118": 3.8722329139709473,
    "mp-1215418": 16.31237030029297,
    "mp-23173": 22.80172348022461,
    "mp-863755": 1.7667039632797241,
    "mp-1221954": 97.54513549804688,
    "mp-1300570": 2.5514321327209473,
    "mp-1210659": 0.9900911450386047,
    "mp-554560": 2.2155234813690186,
    "mp-15776": 41.35655975341797,
    "mp-28873": 2.1729791164398193,
    "mp-1102285": -0.20480641722679138,
    "mp-1227567": 8.690454483032227,
    "mp-1220190": 9.861832618713379,
    "mp-570084": 11.062820434570312,
    "mp-17862": 7.4355974197387695,
    "mp-1190717": 1.634120225906372,
    "mp-1217833": 102.1356201171875,
    "mp-675779": 83.38862609863281,
    "mp-27594": 2.784874200820923,
    "mp-1218158": 3.565342903137207,
    "mp-28140": 1.2601114511489868,
    "mp-766345": 36.851776123046875,
    "agm002183415": 49.863800048828125,
    "agm003160554": 65.85505676269531,
    "agm002205907": 27.087806701660156,
    "agm002233584": 15.325899124145508,
    "agm003227564": 2.3281898498535156,
    "agm002793928": 1.3339461088180542,
    "mp-781710": 5.513682842254639,
    "mp-1227011": 2.234372138977051,
    "mp-1216863": 6.031055450439453,
    "agm002135972": 33.903167724609375,
    "agm003234420": 6.624508380889893,
    "agm002218325": -5.460268974304199,
    "mp-1216132": 55.93498992919922,
    "mp-779863": 3.460913896560669,
    "mp-38103": 2.517983913421631,
    "mp-29362": 9.238402366638184,
    "mp-1019715": 1.3758236169815063,
    "agm002054632": 35.283409118652344,
    "mp-1204358": 1.170926809310913,
    "mp-1105300": 3.226646900177002,
    "mp-1228823": 80.48168182373047,
    "mp-15833": 16.336414337158203,
    "mp-1103351": 27.796842575073242,
    "mp-24402": 1.1644484996795654,
    "mp-1095543": 1.254670262336731,
    "mp-1188121": 1.3857921361923218,
    "mp-625521": 1.059980869293213,
    "mp-23560": 0.6721832156181335,
    "mp-1227994": 1.8519034385681152,
    "mp-1079609": 1.6071823835372925,
    "mp-1192126": 7.926661968231201,
    "agm002197344": -1.6539894342422485,
    "agm002177947": 2.8503878116607666,
    "mp-696347": 1.1369311809539795,
    "mp-1147693": 1.402024507522583,
    "agm002156258": 3.0945467948913574,
    "mp-772748": 3.0728235244750977,
    "mp-1029422": 3.019542694091797,
    "mp-1120718": 80.12406921386719,
    "mp-1227036": 0.5115448236465454,
    "mp-1194520": 64.18775939941406,
    "mp-1218006": 26.796655654907227,
    "mp-1220913": 5.516085147857666,
    "mp-1223822": -0.12954500317573547,
    "mp-1147725": 0.9901039004325867,
    "mp-984766": 1.1673637628555298,
    "mp-1210722": 7.342453956604004,
    "agm003263235": -4.897191524505615,
    "agm002215982": 1.3803653717041016,
    "mp-568968": 3.6569595336914062,
    "mp-27313": 5.76292085647583,
    "mp-556024": 9.181921005249023,
    "mp-28020": 21.011062622070312,
    "mp-1229086": 2.0368659496307373,
    "mp-772875": 5.387698173522949,
    "agm002363904": 7.175910472869873,
    "mp-1223536": 5.561126708984375,
    "mp-1147697": 0.7991533875465393,
    "mp-23887": 1.1798841953277588,
    "mp-18609": 2.8783655166625977,
    "agm002848041": 8.176674842834473,
    "agm002133608": 11.163535118103027,
    "agm003268240": 114.4693603515625,
    "mp-1198890": 2.0752172470092773,
    "agm003200486": 33.77964782714844,
    "mp-1096810": 57.25336456298828,
    "mp-1105127": 15.078920364379883,
    "mp-1216944": 5.963964939117432,
    "mp-555915": -6.001120567321777,
    "mp-776259": 3.2778308391571045,
    "agm002133663": 71.8435287475586,
    "agm002790067": 39.34516525268555,
    "agm002162961": 134.91738891601562,
    "mp-767604": 2.927382707595825,
    "agm003445531": 2.7821078300476074,
    "agm003206623": 1.6173663139343262,
    "mp-1227366": 37.4980354309082,
    "agm005543540": 1.8257715702056885,
    "agm2000012572": 0.9326625466346741,
    "agm002205114": 14.083036422729492,
    "agm003046706": 1.340545654296875,
    "agm004786073": -5.031033992767334,
    "agm003445638": 2.452613115310669,
    "agm002149208": 53.112430572509766,
    "agm2000022161": 0.5995826721191406,
    "agm2000001840": 3.199605941772461,
    "agm002158429": -2.9474897384643555,
    "agm004751295": 1.0316921472549438,
    "agm005848257": 1.5106215476989746,
    "agm2000081842": 2.1256704330444336,
    "agm004879066": 26.38526725769043,
    "agm001347560": 9.189047813415527,
    "agm2000086862": 58.56431198120117,
    "agm002102214": 0.9025778770446777,
    "mp-23807": 1.0522546768188477,
    "agm004954137": 1.0925310850143433,
    "agm004785400": -3.3311634063720703,
    "agm001234439": 0.725517213344574,
    "agm2000011096": 0.6974642872810364,
    "agm2000002067": 1.6373965740203857,
    "agm003716707": -5.183584690093994,
    "mp-554918": 1.8241381645202637,
    "agm005769896": 1.6609584093093872,
    "agm005698720": 4.612072944641113,
    "agm004956590": 6.446644306182861,
    "agm006124765": 7.710744380950928,
    "mp-1202153": 8.034517288208008,
    "mp-23914": 1.207987666130066,
    "agm002073747": 4.118655204772949,
    "agm004442672": 2.7794010639190674,
    "agm004929360": 6.025144577026367,
    "agm003267560": 4.243202209472656,
    "agm002171920": 9.552692413330078,
    "mp-1215297": 1.5879920721054077,
    "agm2000005425": 0.07527424395084381,