{
  "predictions": {
    "mp-983357": 1.5012489557266235,
    "mp-8377": 0.420379102230072,
    "mp-18938": 7.968564987182617,
    "mp-5854": 1.3328136205673218,
    "mp-23778": 3.5843868255615234,
    "mp-19219": 3.9501333236694336,
    "mp-9197": 0.7645546197891235,
    "mp-553887": 37.147735595703125,
    "mp-23407": 2.2273454666137695,
    "mp-555150": 1.1646463871002197,
    "mp-6062": 0.8265248537063599,
    "mp-863374": 7.166077136993408,
    "mp-23363": 10.863677978515625,
    "mp-23321": 1.3339377641677856,
    "mp-27755": 2.784595489501953,
    "mp-3491": 4.187063217163086,
    "mp-540634": 1.363577961921692,
    "mp-557773": 2.5263047218322754,
    "mp-559961": 4.804190635681152,
    "mp-556966": 3.7484078407287598,
    "mp-7324": 1.306997299194336,
    "mp-622018": 1.0790903568267822,
    "mp-29305": 4.369762420654297,
    "mp-639714": 13.974516868591309,
    "mp-24118": 0.4206526279449463,
    "mp-555203": 1.0921416282653809,
    "mp-706621": 0.17652669548988342,
    "mp-16792": 8.50726318359375,
    "mp-639506": 1.4397207498550415,
    "mp-5020": 38.750553131103516,
    "mp-3589": 1.1851482391357422,
    "mp-28264": 0.5461937189102173,
    "mp-570136": 2.195711612701416,
    "mp-862539": 1.161521077156067,
    "mp-696946": 4.45541524887085,
    "mp-27726": 1.1941637992858887,
    "mp-30530": 5.038806915283203,
    "mp-626620": 1.1581974029541016,
    "mp-2691": 67.69193267822266,
    "mp-21521": 3.0425777435302734,
    "mp-4690": 1.338805079460144,
    "mp-756570": 8.53693675994873,
    "mp-28918": 3.4859251976013184,
    "mp-754585": 30.121631622314453,
    "mp-27914": 13.218213081359863,
    "mp-29910": 4.548883438110352,
    "mp-14367": 1.131542444229126,
    "mp-557027": 0.6700968742370605,
    "mp-29525": 11.468070030212402,
    "mp-23866": 0.22177544236183167,
    "mp-29524": 2.502399444580078,
    "mp-559065": 2.1118664741516113,
    "mp-551629": 8.708075523376465,
    "mp-9064": 30.484792709350586,
    "mp-13666": 3.3463082313537598,
    "mp-14444": 2.484757423400879,
    "mp-685145": 0.5556740760803223,
    "mp-830": 7.486004829406738,
    "mp-31451": 105.9585189819336,
    "mp-30847": 132.79571533203125,
    "mp-36111": 9.267970085144043,
    "mp-1184046": 25.57120132446289,
    "mp-1215430": 140.40354919433594,
    "mp-1017534": 128.49819946289062,
    "mp-1018093": 1.4615089893341064,
    "mp-1008556": 4.528141498565674,
    "mp-4524": 5.678555488586426,
    "mp-10572": 1.8556444644927979,
    "mp-7582": 2.502317428588867,
    "mp-22965": 126.3271713256836,
    "mp-4586": 10.400774002075195,
    "mp-1193269": 26.359298706054688,
    "mp-1101862": 1.2133848667144775,
    "mp-1097061": 4.479763984680176,
    "mp-998623": 25.819225311279297,
    "mp-1028576": 89.21839141845703,
    "mp-672118": 4.703282356262207,
    "mp-1215418": 14.341324806213379,
    "mp-23173": 2.3196001052856445,
    "mp-863755": 8.859363555908203,
    "mp-1221954": 39.6378059387207,
    "mp-1300570": 3.307816505432129,
    "mp-1210659": 0.9820414185523987,
    "mp-554560": 1.2553348541259766,
    "mp-15776": 11.87552547454834,
    "mp-28873": 4.8223981857299805,
    "mp-1102285": 16.21381378173828,
    "mp-1227567": 96.37391662597656,
    "mp-1220190": 7.00935173034668,
    "mp-570084": 4.32760763168335,
    "mp-17862": 6.920910835266113,
    "mp-1190717": -0.17084133625030518,
    "mp-1217833": 13.571330070495605,
    "mp-675779": 65.0862808227539,
    "mp-27594": 22.882600784301758,
    "mp-1218158": 2.630746841430664,
    "mp-28140": 21.116968154907227,
    "mp-766345": 21.799388885498047,
    "agm002183415": 7.63985013961792,
    "agm003160554": 7.383995056152344,
    "agm002205907": 9.944754600524902,
    "agm002233584": 5.342886924743652,
    "agm003227564": 8.398999214172363,
    "agm002793928": 6.450998783111572,
    "mp-781710": 5.388150215148926,
    "mp-1227011": 4.537407398223877,
    "mp-1216863": 33.187286376953125,
    "agm002135972": 4.328247547149658,
    "agm003234420": 1.4020543098449707,
    "agm002218325": 7.994312286376953,
    "mp-1216132": 19.376876831054688,
    "mp-779863": 3.5817270278930664,
    "mp-38103": 1.0166255235671997,
    "mp-29362": 18.950927734375,
    "mp-1019715": 1.0224568843841553,
    "agm002054632": 9.790157318115234,
    "mp-1204358": 1.165890097618103,
    "mp-1105300": 5.487433910369873,
    "mp-1228823": 2.0592455863952637,
    "mp-15833": 2.383763313293457,
    "mp-1103351": 6.130425453186035,
    "mp-24402": 0.7216329574584961,
    "mp-1095543": 1.1901867389678955,
    "mp-1188121": 0.9777880907058716,
    "mp-625521": 0.3900461792945862,
    "mp-23560": 10.010068893432617,
    "mp-1227994": 1.0160815715789795,
    "mp-1079609": 0.7386509776115417,
    "mp-1192126": 6.649988651275635,
    "agm002197344": 2.5756959915161133,
    "agm002177947": 2.2802140712738037,
    "mp-696347": 1.6951234340667725,
    "mp-1147693": 5.240220069885254,
    "agm002156258": 18.893173217773438,
    "mp-772748": 1.128902792930603,
    "mp-1029422": 6.561831474304199,
    "mp-1120718": 69.17057037353516,
    "mp-1227036": 1.3480778932571411,
    "mp-1194520": 19.491086959838867,
    "mp-1218006": 18.04278564453125,
    "mp-1220913": 36.36267852783203,
    "mp-1223822": 0.9591877460479736,
    "mp-1147725": 9.929265022277832,
    "mp-984766": 1.1203832626342773,
    "mp-1210722": 6.399735450744629,
    "agm003263235": 16.526691436767578,
    "agm002215982": 0.8303508162498474,
    "mp-568968": 0.5737000107765198,
    "mp-27313": 18.432388305664062,
    "mp-556024": 12.929586410522461,
    "mp-28020": 18.65835189819336,
    "mp-1229086": 1.8218748569488525,
    "mp-772875": 26.304574966430664,
    "agm002363904": 3.656202793121338,
    "mp-1223536": 8.22940444946289,
    "mp-1147697": 5.926870822906494,
    "mp-23887": -0.24097084999084473,
    "mp-18609": 1.5679497718811035,
    "agm002848041": 6.776700496673584,
    "agm002133608": 33.30778121948242,
    "agm003268240": 98.9058609008789,
    "mp-1198890": 0.3219878077507019,
    "agm003200486": 5.711488246917725,
    "mp-1096810": 25.961076736450195,
    "mp-1105127": 1.9276279211044312,
    "mp-1216944": 10.501644134521484,
    "mp-555915": 9.000809669494629,
    "mp-776259": 3.5796542167663574,
    "agm002133663": 56.65645980834961,
    "agm002790067": 2.0373306274414062,
    "agm002162961": 124.93970489501953,
    "mp-767604": 5.380198955535889,
    "agm003445531": 1.9675753116607666,
    "agm003206623": 0.7522145509719849,
    "mp-1227366": 23.842500686645508,
    "agm005543540": 1.3094747066497803,
    "agm2000012572": 4.61203145980835,
    "agm002205114": 1.9322943687438965,
    "agm003046706": 11.89601993560791,
    "agm004786073": 2.5646395683288574,
    "agm003445638": 2.7384543418884277,
    "agm002149208": 8.09045696258545,
    "agm2000022161": 4.433598518371582,
    "agm2000001840": 1.9122765064239502,
    "agm002158429": 2.2285690307617188,
    "agm004751295": 1.3220421075820923,
    "agm005848257": 2.49906587600708,
    "agm2000081842": 1.013686180114746,
    "agm004879066": 42.1927490234375,
    "agm001347560": 11.399620056152344,
    "agm2000086862": 8.63518238067627,
    "agm002102214": 0.6237590909004211,
    "mp-23807": 0.8699503540992737,
    "agm004954137": 10.224296569824219,
    "agm004785400": 1.6805223226547241,
    "agm001234439": 3.499844551086426,
    "agm2000011096": 1.0628952980041504,
    "agm2000002067": 1.4599897861480713,
    "agm003716707": 2.142610549926758,
    "mp-554918": 0.9752482175827026,
    "agm005769896": 1.8741307258605957,
    "agm005698720": 3.13454008102417,
    "agm004956590": 2.119593620300293,
    "agm006124765": 2.8299880027770996,
    "mp-1202153": 4.779082298278809,
    "mp-23914": 0.14860162138938904,
    "agm002073747": 4.052551746368408,
    "agm004442672": 2.794790267944336,
    "agm004929360": 5.845390796661377,
    "agm003267560": 109.83377075195312,
    "agm002171920": 5.849022388458252,
    "mp-1215297": 12.275591850280762,
    "agm2000005425": 5.610396862030029,
    "agm004957147": 6.811880111694336,