{
  "predictions": {
    "mp-552663": 1.6497827768,
    "mp-753401": 3.8652625084,
    "mp-23363": 0.0004163586,
    "mp-559961": 3.9374127388,
    "mp-17066": 1.3362270594,
    "mp-29155": 1.7817693949,
    "mp-542931": 2.449365139,
    "mp-27316": 0.1504312307,
    "mp-6126": 0.5511956811000001,
    "mp-997027": 1.3075309992,
    "mp-21521": 0.5112376809,
    "mp-8673": 3.8265271187,
    "mp-23280": 0.5059466958000001,
    "mp-561664": 1.0567184687,
    "mp-23794": 0.7217412591,
    "mp-756570": 5.669491291,
    "mp-27987": 0.7213302255,
    "mp-550959": 9.1303920746,
    "mp-556719": 1.3399416208,
    "mp-27914": 2.9652848244000003,
    "mp-29524": 2.4545903206,
    "mp-504908": 3.609849453,
    "mp-559065": 8.2861261368,
    "mp-769218": 24.0877494812,
    "mp-570213": 28.671831131,
    "mp-1023936": 5.5170264244,
    "mp-560588": 29.8900680542,
    "mp-1222661": 52.0371322632,
    "mp-1227993": 13.0341444016,
    "mp-567246": 13.1388435364,
    "mp-1184796": 0.22381456200000002,
    "mp-1217830": 16.7033920288,
    "mp-774907": 4.5780138969,
    "mp-672158": 6.0298523903,
    "mp-1228522": 5.0250668526,
    "mp-504910": 1.8975731134,
    "mp-568802": 52.7461204529,
    "mp-1222565": 0.5008483529000001,
    "mp-33723": 26.7240619659,
    "mp-1227512": 80.9849472046,
    "mp-1189731": 2.0040259361,
    "mp-28089": 43.8166122437,
    "mp-36779": 2.6366400719,
    "mp-560521": 0.8244004846,
    "mp-571195": 56.3455467224,
    "mp-1208039": 0.9152246118,
    "mp-1224376": 23.4041786194,
    "mp-1219501": 13.9353561401,
    "mp-1218158": 4.5068211555,
    "mp-17207": 59.6384544373,
    "agm003202330": 84.1620941162,
    "agm002254137": 97.9800720215,
    "agm002186848": 74.3313827515,
    "agm002224787": 7.3067631721,
    "agm002153716": 2.6504483223,
    "mp-1195571": 0.6476655602,
    "mp-998230": 5.4955496788,
    "mp-1223489": 0.1863609105,
    "mp-1029932": 22.6051502228,
    "mp-28473": 0.25030288100000003,
    "mp-1228745": 23.8654022217,
    "mp-1029652": 2.3850598335,
    "mp-985293": 0.1455875188,
    "mp-1019889": 0.3377090394,
    "mp-1227994": 1.1887766123,
    "agm002156258": 0.3169294298,
    "mp-559373": 1.2965866327,
    "mp-1215615": 21.2818698883,
    "mp-1219293": 0.834841311,
    "mp-560699": 4.5574908257,
    "agm002156599": 1.6117149591,
    "mp-1078049": 16.9290409088,
    "mp-554002": 0.2255674154,
    "mp-1226863": 0.22351415460000001,
    "agm002848041": 2.7594103813,
    "agm002336867": 136.3671722412,
    "mp-1222496": 2.9944033623,
    "agm003160584": 51.0487632751,
    "mp-568328": 45.7629547119,
    "agm002137965": 0.36701449750000004,
    "agm002074655": 0.37653407450000004,
    "agm2000085596": 4.6298766136000005,
    "agm005539186": 11.3390779495,
    "agm002073755": 0.6256805062,
    "agm002149208": 0.276197046,
    "agm002225219": 16.2027378082,
    "agm003713453": 3.1992192268,
    "agm1000019508": 0.8163848519,
    "agm2000011039": 0.9306550622,
    "agm005769288": 7.9620699883,
    "agm005112928": 1.6789385079999999,
    "agm001266143": 57.5439529419,
    "agm005955873": 0.2848545015,
    "agm002077911": 14.6902246475,
    "agm002097562": 1.0210729837,
    "agm2000016398": -0.0702594891,
    "agm2000145156": 0.0385232754,
    "agm002056302": 2.3877882957,
    "agm002190330": 37.9565315247,
    "mp-685097": 3.4431004524,
    "agm003464867": 16.4524402618,
    "agm003204906": 12.7858095169,
    "agm002072309": 2.5136084557,
    "agm003612680": 0.7595744729,
    "agm002128787": 7.05073452,
    "agm2000128632": 0.7463975549,
    "agm005882580": 1.1422468424,
    "agm003743952": 2.9281115532,
    "mp-1029408": 6.9705014229,
    "agm2000084944": 0.2234445363,
    "mp-998591": 6.9063520432,
    "agm004958126": 1.0814443827,
    "agm002233061": 23.8776454926,
    "agm005605704": 14.8125648499,
    "mp-1220818": 26.2252254486,
    "mp-761842": 4.0007309914,
    "mp-14568": 0.2083354741,
    "agm004947354": 7.1329593658,
    "agm006056059": 0.0419011898,
    "mp-32959": 0.41283759470000003,
    "agm002091778": 3.8501086235,
    "agm004951594": 8.3887481689,
    "agm002079795": 2.5489773749999998,
    "agm002018585": 16.859292984,
    "agm004786105": 30.2826328278
  },
  "uncertainties": null,
  "metrics": {
    "mae": 7.15183272786325,
    "rmse": 16.47667440110051,
    "spearman": 0.8106605222734254,
    "r2_score": 0.6413271263975726
  }
}