{
  "predictions": {
    "mp-552663": 1.3179737329,
    "mp-753401": 3.8549189568,
    "mp-23363": -0.0053476491,
    "mp-559961": 1.9146047831000002,
    "mp-17066": 1.0674225092,
    "mp-29155": 0.9345212579000001,
    "mp-542931": 2.3298325539,
    "mp-27316": 0.2550302446,
    "mp-6126": 3.1192421913,
    "mp-997027": 2.4681344032,
    "mp-21521": 2.8943858147,
    "mp-8673": 4.1540646553,
    "mp-23280": -0.0651897565,
    "mp-561664": 0.81697613,
    "mp-23794": 0.2245107442,
    "mp-756570": 0.4085555971,
    "mp-27987": 0.4487930238,
    "mp-550959": 4.3491806984,
    "mp-556719": 1.0661407709,
    "mp-27914": 2.1335215569,
    "mp-29524": 0.2661691606,
    "mp-504908": 6.4045314789,
    "mp-559065": 10.3341608047,
    "mp-769218": 25.1371841431,
    "mp-570213": 33.0937767029,
    "mp-1023936": 7.2962031364,
    "mp-560588": 29.3714866638,
    "mp-1222661": 27.2394237518,
    "mp-1227993": 15.0092172623,
    "mp-567246": 16.0468425751,
    "mp-1184796": 0.12210138890000001,
    "mp-1217830": 9.5660676956,
    "mp-774907": 6.1332788467,
    "mp-672158": 7.0584788322,
    "mp-1228522": 5.5444684029,
    "mp-504910": 1.1603256464,
    "mp-568802": 79.2868804932,
    "mp-1222565": 1.2711607218,
    "mp-33723": 21.3873748779,
    "mp-1227512": 128.3933563232,
    "mp-1189731": 1.9805656672,
    "mp-28089": 17.1370620728,
    "mp-36779": 1.8430629969,
    "mp-560521": 0.23998411,
    "mp-571195": 97.8655853271,
    "mp-1208039": 0.873203814,
    "mp-1224376": 16.9763851166,
    "mp-1219501": 17.0267772675,
    "mp-1218158": 4.3437666893,
    "mp-17207": 36.9354362488,
    "agm003202330": 37.0318107605,
    "agm002254137": 115.3203353882,
    "agm002186848": 69.4529037476,
    "agm002224787": 8.7984046936,
    "agm002153716": 1.6785122156,
    "mp-1195571": 1.3383756876000001,
    "mp-998230": 2.3905711174,
    "mp-1223489": 0.2494245321,
    "mp-1029932": 23.3081760406,
    "mp-28473": 0.20934922990000002,
    "mp-1228745": 6.8376932144,
    "mp-1029652": 2.1167216301,
    "mp-985293": 0.1228919849,
    "mp-1019889": 0.5230517983,
    "mp-1227994": 1.0602308512,
    "agm002156258": 0.960763514,
    "mp-559373": 0.6750474572,
    "mp-1215615": 17.5508117676,
    "mp-1219293": 0.5250201821,
    "mp-560699": 2.7257809639,
    "agm002156599": 1.1440292597,
    "mp-1078049": 15.589529991100001,
    "mp-554002": 0.1547876149,
    "mp-1226863": 1.208976388,
    "agm002848041": 1.2445169687,
    "agm002336867": 139.4746704102,
    "mp-1222496": 3.9609065056,
    "agm003160584": 92.3247528076,
    "mp-568328": 41.8490142822,
    "agm002137965": 0.6388879418,
    "agm002074655": 3.0748333931,
    "agm2000085596": 6.9667482376,
    "agm005539186": 10.7782907486,
    "agm002073755": 0.8127589822,
    "agm002149208": 0.2301889211,
    "agm002225219": 15.3591070175,
    "agm003713453": 3.827023983,
    "agm1000019508": 0.33603248,
    "agm2000011039": 0.4840522707,
    "agm005769288": 4.5998215675,
    "agm005112928": 4.1523947716,
    "agm001266143": 55.8787117004,
    "agm005955873": 0.6025519967,
    "agm002077911": 14.5549354553,
    "agm002097562": 0.36993846300000005,
    "agm2000016398": 0.0819803104,
    "agm2000145156": -0.21029226480000002,
    "agm002056302": 1.7417398691,
    "agm002190330": 136.681350708,
    "mp-685097": 4.4179577827,
    "agm003464867": 16.3804130554,
    "agm003204906": 11.7628536224,
    "agm002072309": 3.1088795662,
    "agm003612680": 0.2913824022,
    "agm002128787": 13.0096635818,
    "agm2000128632": 0.8612409234,
    "agm005882580": 1.7568222284,
    "agm003743952": 13.6537303925,
    "mp-1029408": 7.2535014153,
    "agm2000084944": 0.30637797710000003,
    "mp-998591": 7.2983994484,
    "agm004958126": 0.9561353326,
    "agm002233061": 44.0086936951,
    "agm005605704": 27.417263031,
    "mp-1220818": 5.2988390923,
    "mp-761842": 2.0300097466,
    "mp-14568": 0.0475478955,
    "agm004947354": 9.2880239487,
    "agm006056059": 0.1998811513,
    "mp-32959": 0.7696462274,
    "agm002091778": 6.247367382,
    "agm004951594": 8.0173425674,
    "agm002079795": 1.2064977884,
    "agm002018585": 11.0137033463,
    "agm004786105": 24.1295185089
  },
  "uncertainties": null,
  "metrics": {
    "mae": 6.960003146143693,
    "rmse": 19.004715720307374,
    "spearman": 0.8146728110599077,
    "r2_score": 0.5228200708579325
  }
}