{
  "predictions": {
    "mp-552663": 2.81883724172598,
    "mp-753401": 1.8860218631523045,
    "mp-23363": -0.2880389384406649,
    "mp-559961": 1.8971176162051364,
    "mp-17066": 2.2077086785919833,
    "mp-29155": 1.2477460657046928,
    "mp-542931": 2.500755176093778,
    "mp-27316": -0.2035789701067276,
    "mp-6126": 6.985948020192803,
    "mp-997027": 14.04807381998597,
    "mp-21521": 4.63321676770896,
    "mp-8673": 7.249676613826514,
    "mp-23280": 5.265012523709917,
    "mp-561664": 4.064965449032318,
    "mp-23794": 3.2068264596872798,
    "mp-756570": 6.844499820940018,
    "mp-27987": 1.8821403879263405,
    "mp-550959": 15.369387062952883,
    "mp-556719": 2.0447619279039335,
    "mp-27914": 1.4583752178046143,
    "mp-29524": 1.2629846038025518,
    "mp-504908": 4.655412872236184,
    "mp-559065": 6.0495972745865245,
    "mp-769218": 64.82763889956875,
    "mp-570213": 66.91223725981607,
    "mp-1023936": 3.6631020229789946,
    "mp-560588": 32.94444374638912,
    "mp-1222661": 46.514526376650394,
    "mp-1227993": 11.855161748142434,
    "mp-567246": 14.763191354020408,
    "mp-1184796": 0.1879727582098909,
    "mp-1217830": 6.685029274753852,
    "mp-774907": 8.824942255775625,
    "mp-672158": 6.936408295206167,
    "mp-1228522": 9.118731761314887,
    "mp-504910": 4.0293107972305435,
    "mp-568802": 31.30697974736062,
    "mp-1222565": 0.7919935374907483,
    "mp-33723": 56.29310526198739,
    "mp-1227512": 85.46661012082595,
    "mp-1189731": 2.9416693723596916,
    "mp-28089": 14.807064756945127,
    "mp-36779": 1.2929173597479635,
    "mp-560521": 1.13892719820731,
    "mp-571195": 89.5050779926598,
    "mp-1208039": 0.2837270543613194,
    "mp-1224376": 38.034060206475964,
    "mp-1219501": 25.347191206569576,
    "mp-1218158": 3.60661947589793,
    "mp-17207": 35.692799666113906,
    "agm003202330": 40.33538597263431,
    "agm002254137": 80.9711780773331,
    "agm002186848": 50.2903043987725,
    "agm002224787": 11.090789404948888,
    "agm002153716": 1.6354711398524142,
    "mp-1195571": 0.2911831735992732,
    "mp-998230": 8.429790978640268,
    "mp-1223489": 0.17244669479587987,
    "mp-1029932": 7.794083789248196,
    "mp-28473": 0.3317880097672643,
    "mp-1228745": 25.480559109952743,
    "mp-1029652": 6.907401093165389,
    "mp-985293": 1.1464143123613748,
    "mp-1019889": 0.16387206834159068,
    "mp-1227994": 2.579488094806056,
    "agm002156258": 0.9452841191173881,
    "mp-559373": 4.081782685538506,
    "mp-1215615": 11.369731302345379,
    "mp-1219293": -0.29648574520024984,
    "mp-560699": 6.68820621339375,
    "agm002156599": 0.7153471130998059,
    "mp-1078049": 14.396156499867141,
    "mp-554002": 0.6082511474793132,
    "mp-1226863": 0.4683957002054799,
    "agm002848041": 1.150011642392817,
    "agm002336867": 104.72925814187694,
    "mp-1222496": 5.693968713525541,
    "agm003160584": 47.182441574271586,
    "mp-568328": 63.081638943214784,
    "agm002137965": 0.9005747496105685,
    "agm002074655": 1.9864426284544643,
    "agm2000085596": 7.391047481991048,
    "agm005539186": 13.34519955287974,
    "agm002073755": 0.6443924943456472,
    "agm002149208": -0.8533960249983696,
    "agm002225219": 22.556505830618807,
    "agm003713453": 8.58434254515837,
    "agm1000019508": -0.3702151233780095,
    "agm2000011039": -0.17417598705608348,
    "agm005769288": 1.2020045640823267,
    "agm005112928": 56.84396612253414,
    "agm001266143": 41.423072080433954,
    "agm005955873": 0.729917764647829,
    "agm002077911": 9.49975053923749,
    "agm002097562": 0.7733520407824073,
    "agm2000016398": -0.27787644146320395,
    "agm2000145156": -0.5086386768269351,
    "agm002056302": 2.2264930199581103,
    "agm002190330": 47.83434659885018,
    "mp-685097": 2.288487922111033,
    "agm003464867": 17.277544660601983,
    "agm003204906": 9.714644701823085,
    "agm002072309": 4.122596343005024,
    "agm003612680": 0.4213481298743221,
    "agm002128787": 33.28037800853585,
    "agm2000128632": 0.15051240539400498,
    "agm005882580": 2.625362494467165,
    "agm003743952": 4.191843728486952,
    "mp-1029408": 12.559172561638219,
    "agm2000084944": 0.37178405192817965,
    "mp-998591": 5.897076857757096,
    "agm004958126": 6.433132702457475,
    "agm002233061": 39.538438688705284,
    "agm005605704": 21.050404248016676,
    "mp-1220818": 6.317539752799766,
    "mp-761842": 3.322284843861164,
    "mp-14568": -0.07742754742337125,
    "agm004947354": 9.047290539404438,
    "agm006056059": 0.43101782387818643,
    "mp-32959": 0.7313915686892535,
    "agm002091778": 4.178124486955391,
    "agm004951594": 10.655683786117773,
    "agm002079795": 2.748021746749089,
    "agm002018585": 47.38125723681426,
    "agm004786105": 27.64157693042388
  },
  "metrics": {
    "mae": 7.301577124513583,
    "rmse": 14.945985396711647,
    "spearman": 0.8432073732718893,
    "r2_score": 0.7048732874376815
  }
}