{
  "predictions": {
    "mp-552663": 2.705840992669259,
    "mp-753401": 2.156496981302145,
    "mp-23363": 0.9514127885036578,
    "mp-559961": 5.828620344756586,
    "mp-17066": 1.398304004627736,
    "mp-29155": 2.3871132736686604,
    "mp-542931": 1.1651553077334156,
    "mp-27316": 0.47658949295336134,
    "mp-6126": 1.5580694415780303,
    "mp-997027": 29.792575234581637,
    "mp-21521": 7.288512348690415,
    "mp-8673": 2.056019642521904,
    "mp-23280": 4.446841174735962,
    "mp-561664": 3.2999145540380366,
    "mp-23794": -1.6279920051188346,
    "mp-756570": 4.1012365603497205,
    "mp-27987": 3.4367414189519168,
    "mp-550959": 16.729010426655286,
    "mp-556719": 1.325621953310378,
    "mp-27914": 0.4020147592831726,
    "mp-29524": 3.333378722265123,
    "mp-504908": 2.6075926758233785,
    "mp-559065": 6.18386589716111,
    "mp-769218": 49.77401238221776,
    "mp-570213": 58.67294863927137,
    "mp-1023936": 0.8407058775981295,
    "mp-560588": 10.25447795135815,
    "mp-1222661": 47.3880901511531,
    "mp-1227993": 9.886484889709036,
    "mp-567246": 26.81164352845584,
    "mp-1184796": 0.5780607748876043,
    "mp-1217830": 4.980826791033211,
    "mp-774907": 13.703456724028895,
    "mp-672158": 2.5070365344399757,
    "mp-1228522": 8.36374651961583,
    "mp-504910": 2.0472196870397292,
    "mp-568802": 53.29133164128174,
    "mp-1222565": 1.0695101605417963,
    "mp-33723": 47.033417318320915,
    "mp-1227512": 93.96641576916028,
    "mp-1189731": 6.781130068972058,
    "mp-28089": 30.236085482147356,
    "mp-36779": 3.63219503247252,
    "mp-560521": 0.5998609813004286,
    "mp-571195": 78.33846390779063,
    "mp-1208039": 1.7902587248548953,
    "mp-1224376": 42.57666677301717,
    "mp-1219501": 17.868203863684485,
    "mp-1218158": 2.773816937201616,
    "mp-17207": 24.100144898701526,
    "agm003202330": 39.34995737920426,
    "agm002254137": 113.12647480084999,
    "agm002186848": 69.16304848425712,
    "agm002224787": 9.642955821650869,
    "agm002153716": 4.127033327494817,
    "mp-1195571": 2.3329087140780977,
    "mp-998230": 3.6248977704027694,
    "mp-1223489": 0.3100680299092637,
    "mp-1029932": 17.56559380933393,
    "mp-28473": 0.531027931606728,
    "mp-1228745": 21.878321444929753,
    "mp-1029652": 0.8481483933994228,
    "mp-985293": 0.17598620039753718,
    "mp-1019889": 0.22716303654007886,
    "mp-1227994": 0.507707251069955,
    "agm002156258": 0.4224025817940811,
    "mp-559373": 2.9229054518261828,
    "mp-1215615": 19.671115321925257,
    "mp-1219293": -1.1752091383144467,
    "mp-560699": 5.4958331738190145,
    "agm002156599": 2.3548676308476892,
    "mp-1078049": 18.81847229969291,
    "mp-554002": 0.17598620039753718,
    "mp-1226863": 0.10749785557188031,
    "agm002848041": 3.8711522962751603,
    "agm002336867": 116.09886240153914,
    "mp-1222496": 3.971098079017002,
    "agm003160584": 62.2868118861193,
    "mp-568328": 76.96094977199921,
    "agm002137965": 0.663081836363712,
    "agm002074655": 1.3524400981831186,
    "agm2000085596": 4.454748249093178,
    "agm005539186": 14.69659727912296,
    "agm002073755": 0.5470816088045706,
    "agm002149208": -0.3515494507269345,
    "agm002225219": 17.678408597994313,
    "agm003713453": 1.1369321913202992,
    "agm1000019508": -2.4549280082030407,
    "agm2000011039": -1.6159416087317542,
    "agm005769288": 6.377492872243744,
    "agm005112928": 16.912377538339104,
    "agm001266143": 59.09316010398858,
    "agm005955873": 0.0854848203723612,
    "agm002077911": 13.777443279967205,
    "agm002097562": 1.3558376321046288,
    "agm2000016398": -1.0414779649180321,
    "agm2000145156": -1.875987348398664,
    "agm002056302": 0.9116795656569635,
    "agm002190330": 65.66996669832301,
    "mp-685097": 7.4689550542137475,
    "agm003464867": 15.9810524896484,
    "agm003204906": 11.145606755559955,
    "agm002072309": 2.5963924757932473,
    "agm003612680": 0.8601367681203191,
    "agm002128787": 21.35192078553706,
    "agm2000128632": 1.58029430286867,
    "agm005882580": 5.209748942725689,
    "agm003743952": 1.225487568412746,
    "mp-1029408": 13.025409349652959,
    "agm2000084944": -1.288941917666492,
    "mp-998591": 4.5139181365931575,
    "agm004958126": -0.5111685619855101,
    "agm002233061": 40.46166153175925,
    "agm005605704": 14.909983334840847,
    "mp-1220818": 3.8516888877480864,
    "mp-761842": 1.4977979107324286,
    "mp-14568": 0.7595560522947297,
    "agm004947354": 3.4067860274295265,
    "agm006056059": 0.35408574621165506,
    "mp-32959": 2.3053331720091403,
    "agm002091778": 3.065162115073167,
    "agm004951594": 8.54406170219831,
    "agm002079795": 0.8804308842748603,
    "agm002018585": 60.180528886950306,
    "agm004786105": 31.893632136404136
  },
  "metrics": {
    "mae": 6.904596922925711,
    "rmse": 13.838454701802293,
    "spearman": 0.8067477830236599,
    "r2_score": 0.7469917946856688
  }
}