{
  "predictions": {
    "mp-552663": 0.5926779813276921,
    "mp-753401": 2.0011723537871458,
    "mp-23363": -0.4667095649292743,
    "mp-559961": 1.3472899201962867,
    "mp-17066": 1.969066147991257,
    "mp-29155": 3.3166325062900968,
    "mp-542931": 3.3636453722726385,
    "mp-27316": -0.0652981504477067,
    "mp-6126": 6.997980309862532,
    "mp-997027": 11.851657308690829,
    "mp-21521": 2.6766541713845564,
    "mp-8673": 12.107066528948202,
    "mp-23280": 8.362445764775984,
    "mp-561664": 2.47746371013542,
    "mp-23794": 3.0088722714442326,
    "mp-756570": 1.095210721294706,
    "mp-27987": 0.9644635453304102,
    "mp-550959": 8.278304150856174,
    "mp-556719": 2.4345614991858846,
    "mp-27914": 0.5781084060767459,
    "mp-29524": 1.9272312660598077,
    "mp-504908": 10.11915354152669,
    "mp-559065": 9.143160259396558,
    "mp-769218": 63.02671951100299,
    "mp-570213": 43.66801887511519,
    "mp-1023936": 24.28976235915891,
    "mp-560588": 23.96232443469978,
    "mp-1222661": 41.384805244269785,
    "mp-1227993": 9.57250587773564,
    "mp-567246": 20.73925167852214,
    "mp-1184796": 0.9364622653564988,
    "mp-1217830": 6.570042767537445,
    "mp-774907": 9.242897735611647,
    "mp-672158": 1.2812238265533333,
    "mp-1228522": 10.797908579215633,
    "mp-504910": 4.442512620018579,
    "mp-568802": 19.661313375116737,
    "mp-1222565": 0.6261426254021435,
    "mp-33723": 42.83374138584923,
    "mp-1227512": 79.35083035255707,
    "mp-1189731": 4.464745270488841,
    "mp-28089": 30.492367009465106,
    "mp-36779": 2.1409402815337777,
    "mp-560521": 1.771330619472942,
    "mp-571195": 74.45306667337437,
    "mp-1208039": 0.2271094173200921,
    "mp-1224376": 39.016483492794386,
    "mp-1219501": 22.914127913821485,
    "mp-1218158": 3.735696225266027,
    "mp-17207": 29.543074872705155,
    "agm003202330": 42.973425342756514,
    "agm002254137": 81.95185413877734,
    "agm002186848": 58.663705692137164,
    "agm002224787": 12.6629856325421,
    "agm002153716": 2.216067562455356,
    "mp-1195571": 1.1429934720843202,
    "mp-998230": 2.775745731395777,
    "mp-1223489": 0.24733263818734846,
    "mp-1029932": 8.12617232989581,
    "mp-28473": 0.6485962264700631,
    "mp-1228745": 34.37446931269098,
    "mp-1029652": 7.055907772561235,
    "mp-985293": 0.8400904582465227,
    "mp-1019889": 0.11772572638137838,
    "mp-1227994": 2.8285230093122227,
    "agm002156258": 1.0905580259575858,
    "mp-559373": 6.825078318445076,
    "mp-1215615": 14.579421834015273,
    "mp-1219293": 0.31920394495506293,
    "mp-560699": 7.262412715571901,
    "agm002156599": 0.4438863874349407,
    "mp-1078049": 14.021966202573267,
    "mp-554002": 0.671695830245096,
    "mp-1226863": 0.8327507878849382,
    "agm002848041": -0.6547401478285771,
    "agm002336867": 100.66949917483177,
    "mp-1222496": 5.575902706942124,
    "agm003160584": 38.956248975604744,
    "mp-568328": 78.12345148515156,
    "agm002137965": -0.21740287860275068,
    "agm002074655": 1.107164780716672,
    "agm2000085596": 7.378661416645611,
    "agm005539186": 10.898427565040569,
    "agm002073755": 0.6546086447571811,
    "agm002149208": -0.5878470204633957,
    "agm002225219": 18.70915213601319,
    "agm003713453": 5.1497407995025375,
    "agm1000019508": 0.5136607423551911,
    "agm2000011039": 0.439554306832717,
    "agm005769288": 0.9509419533938702,
    "agm005112928": 43.612785474661806,
    "agm001266143": 51.919540015977816,
    "agm005955873": 1.7533787162760137,
    "agm002077911": 8.721558712228676,
    "agm002097562": 0.12181124206435454,
    "agm2000016398": 0.2951356621662737,
    "agm2000145156": 0.9414798225473654,
    "agm002056302": 3.209666995795349,
    "agm002190330": 45.09598550610787,
    "mp-685097": 2.0803558605699743,
    "agm003464867": 16.1314477778298,
    "agm003204906": 7.830004165526644,
    "agm002072309": 1.8247467905787174,
    "agm003612680": 0.29683496222003625,
    "agm002128787": 30.4503815140592,
    "agm2000128632": -1.66644100372252,
    "agm005882580": 1.9439370014203678,
    "agm003743952": 4.515216881521084,
    "mp-1029408": 6.9637998158897645,
    "agm2000084944": 0.14312845165584248,
    "mp-998591": 1.4567833780185928,
    "agm004958126": 6.89904859838505,
    "agm002233061": 34.38212669360723,
    "agm005605704": 19.68298807043615,
    "mp-1220818": 4.709786951668751,
    "mp-761842": 2.9109599792292786,
    "mp-14568": 0.4389788825318032,
    "agm004947354": 8.51950486776188,
    "agm006056059": 0.37301933940517584,
    "mp-32959": 0.8141484659374456,
    "agm002091778": 0.6421663159350665,
    "agm004951594": 11.702197465126286,
    "agm002079795": 3.697033081943646,
    "agm002018585": 37.31136559315386,
    "agm004786105": 27.28961639654628
  },
  "metrics": {
    "mae": 8.085883218583698,
    "rmse": 16.197706220817285,
    "spearman": 0.7985683563748078,
    "r2_score": 0.6533697592585397
  }
}