{
  "predictions": {
    "mp-983357": 0.024,
    "mp-8377": 0.082648,
    "mp-18938": 0.038218,
    "mp-5854": 9.76,
    "mp-23778": 0.045,
    "mp-19219": 1.543,
    "mp-9197": 1.6,
    "mp-553887": 1.5,
    "mp-23407": 0.723,
    "mp-555150": 1.6,
    "mp-6062": 0.039,
    "mp-863374": 1.0,
    "mp-23363": 0.048,
    "mp-23321": 1.82,
    "mp-27755": 0.122,
    "mp-3491": 0.088,
    "mp-540634": 0.05,
    "mp-557773": 0.045,
    "mp-559961": 0.035272,
    "mp-556966": 0.015,
    "mp-7324": 3.469818,
    "mp-622018": 0.08,
    "mp-29305": 0.487521,
    "mp-639714": 2.817921,
    "mp-24118": 0.025,
    "mp-555203": 0.035,
    "mp-706621": 63.214579,
    "mp-16792": 2.3,
    "mp-639506": 0.025,
    "mp-5020": 26.5,
    "mp-3589": 0.065,
    "mp-28264": 0.02,
    "mp-570136": 4.0,
    "mp-862539": 0.039,
    "mp-696946": 6.92,
    "mp-27726": 1.8,
    "mp-30530": 0.08,
    "mp-626620": 24.5,
    "mp-2691": 0.010081,
    "mp-21521": 33.582229,
    "mp-4690": 0.045,
    "mp-756570": 1.75,
    "mp-28918": 0.095,
    "mp-754585": 2.5,
    "mp-27914": 0.082648,
    "mp-29910": 0.5,
    "mp-14367": 0.035272,
    "mp-557027": 2.0,
    "mp-29525": 0.035,
    "mp-23866": 0.035,
    "mp-29524": 0.082648,
    "mp-559065": 0.010081,
    "mp-551629": 0.082648,
    "mp-9064": 0.015,
    "mp-13666": 0.038,
    "mp-14444": 8.234,
    "mp-685145": 1.525,
    "mp-830": 0.082648,
    "mp-31451": 0.050112,
    "mp-30847": 0.082648,
    "mp-36111": 0.05,
    "mp-1184046": 1.2,
    "mp-1215430": 20.0,
    "mp-1017534": 3.125,
    "mp-1018093": 0.05,
    "mp-1008556": 0.038,
    "mp-4524": 89.663214,
    "mp-10572": 0.065,
    "mp-7582": 45.325,
    "mp-22965": 42.5,
    "mp-4586": 70.0,
    "mp-1193269": 0.03858,
    "mp-1101862": 0.042,
    "mp-1097061": 0.038,
    "mp-998623": 0.5,
    "mp-1028576": 0.035,
    "mp-672118": 0.02,
    "mp-1215418": 0.052,
    "mp-23173": 0.038218,
    "mp-863755": 9.5,
    "mp-1221954": 0.03858,
    "mp-1300570": 0.035272,
    "mp-1210659": 0.082648,
    "mp-554560": 0.082648,
    "mp-15776": 1.02,
    "mp-28873": 0.07385,
    "mp-1102285": 0.008,
    "mp-1227567": 0.04,
    "mp-1220190": 0.035,
    "mp-570084": 5.2,
    "mp-17862": 0.082648,
    "mp-1190717": 0.038,
    "mp-1217833": 0.08,
    "mp-675779": 0.01,
    "mp-27594": 0.03858,
    "mp-1218158": 0.03858,
    "mp-28140": 0.075,
    "mp-766345": 0.038218,
    "agm002183415": 3.2,
    "agm003160554": 0.082648,
    "agm002205907": 0.082648,
    "agm002233584": 0.045,
    "agm003227564": 0.012,
    "agm002793928": 71.614518,
    "mp-781710": 0.5,
    "mp-1227011": 8.25,
    "mp-1216863": 7.5,
    "agm002135972": 1.5,
    "agm003234420": 0.912317,
    "agm002218325": 11.583499,
    "mp-1216132": 0.05,
    "mp-779863": 2.88,
    "mp-38103": 0.067214,
    "mp-29362": 0.045,
    "mp-1019715": 0.042,
    "agm002054632": 0.75,
    "mp-1204358": 2.183,
    "mp-1105300": 3.5,
    "mp-1228823": 0.1,
    "mp-15833": 0.082648,
    "mp-1103351": 8.75,
    "mp-24402": 0.035,
    "mp-1095543": 0.038218,
    "mp-1188121": 2.9,
    "mp-625521": 0.035,
    "mp-23560": 0.15,
    "mp-1227994": 1.78,
    "mp-1079609": 1.7,
    "mp-1192126": 1.295491,
    "agm002197344": 0.083,
    "agm002177947": 0.036,
    "mp-696347": 0.5,
    "mp-1147693": 0.5,
    "agm002156258": 0.038,
    "mp-772748": 2.851,
    "mp-1029422": 14.551175,
    "mp-1120718": 6.5,
    "mp-1227036": 1.622386,
    "mp-1194520": 1.5,
    "mp-1218006": 0.052,
    "mp-1220913": 1.16,
    "mp-1223822": 0.081,
    "mp-1147725": 1.46,
    "mp-984766": 0.052314,
    "mp-1210722": 0.035,
    "agm003263235": 0.023,
    "agm002215982": 0.15,
    "mp-568968": 0.038218,
    "mp-27313": 0.038,
    "mp-556024": 0.03858,
    "mp-28020": 0.035,
    "mp-1229086": 0.035,
    "mp-772875": 0.082648,
    "agm002363904": 0.03858,
    "mp-1223536": 1.5,
    "mp-1147697": 2.5,
    "mp-23887": 0.5,
    "mp-18609": 0.05,
    "agm002848041": 0.034722,
    "agm002133608": 0.047,
    "agm003268240": 0.083,
    "mp-1198890": 0.082648,
    "agm003200486": 0.038,
    "mp-1096810": 5.5,
    "mp-1105127": 0.029,
    "mp-1216944": 0.17,
    "mp-555915": 0.010081,
    "mp-776259": 0.34,
    "agm002133663": 0.082648,
    "agm002790067": 55.0,
    "agm002162961": 36.0,
    "mp-767604": 0.732,
    "agm003445531": 0.015,
    "agm003206623": 0.042611,
    "mp-1227366": 0.015,
    "agm005543540": 0.079,
    "agm2000012572": 0.01,
    "agm002205114": 0.042,
    "agm003046706": 3.5,
    "agm004786073": 2.8,
    "agm003445638": 0.135,
    "agm002149208": 0.832322,
    "agm2000022161": 0.005,
    "agm2000001840": 0.035272,
    "agm002158429": 2.5,
    "agm004751295": 0.038,
    "agm005848257": 0.041,
    "agm2000081842": 0.05,
    "agm004879066": 0.053,
    "agm001347560": 0.085,
    "agm2000086862": 0.8,
    "agm002102214": 0.88,
    "mp-23807": 0.380142,
    "agm004954137": 0.039,
    "agm004785400": 3.0,
    "agm001234439": 5.764,
    "agm2000011096": 0.05,
    "agm2000002067": 0.012,
    "agm003716707": 0.023,
    "mp-554918": 0.5,
    "agm005769896": 1.25,
    "agm005698720": 0.15,
    "agm004956590": 0.018,
    "agm006124765": 1.2,
    "mp-1202153": 3.55,
    "mp-23914": 0.045,
    "agm002073747": 1.5,
    "agm004442672": 0.045,
    "agm004929360": 0.05,
    "agm003267560": 0.203622,
    "agm002171920": 5.2,
    "mp-1215297": 13.450184,
    "agm2000005425": 0.038,
    "agm004957147": 0.035,
    "agm005723638": 18.5,
    "mp-1080058": 1.29,
    "agm004954098": 0.5,
    "agm005069643": 0.85,
    "agm002153441": 0.03,
    "agm003220800": 0.038218,
    "agm005849998": 8.0,
    "agm002138386": 1.0,
    "agm004788917": 0.038218,
    "agm2000128635": 0.025,
    "agm2000015113": 0.582,
    "agm002861773": 71.614518,
    "agm004852876": 0.5,
    "mp-1215966": 8.672341,
    "agm005607967": 0.05,
    "agm1000019892": 0.01,
    "agm003048415": 32.541782,
    "agm2000139348": 0.038218,
    "agm002158908": 0.05,
    "agm002041688": 0.08,
    "agm005049826": 0.05,
    "mp-35799": 0.082648,
    "agm002072314": 0.95,
    "agm002147787": 0.89,
    "agm005408965": 0.091274,
    "mp-15840": 0.135,
    "agm005839737": 9.547812,
    "agm003110472": 0.5,
    "agm005189644": 0.04,
    "mp-4681": 3.5,
    "agm005086011": 0.03858,
    "agm002845532": 89.663214,
    "agm005086003": 0.039,
    "agm2000101795": 1.5,
    "agm005074722": 0.05,
    "agm005180379": 0.02
  },
  "metrics": {
    "mae": 12.872655947526178,
    "rmse": 28.293242882993667
  },