{
  "predictions": {
    "mp-983357": 0.010081,
    "mp-8377": 0.082648,
    "mp-18938": 0.035,
    "mp-5854": 0.345,
    "mp-23778": 0.03858,
    "mp-19219": 0.035272,
    "mp-9197": 1.8,
    "mp-553887": 0.03,
    "mp-23407": 0.035272,
    "mp-555150": 0.845,
    "mp-6062": 1.0,
    "mp-863374": 1.1,
    "mp-23363": 0.042,
    "mp-23321": 0.15,
    "mp-27755": 2.5,
    "mp-3491": 0.082648,
    "mp-540634": 0.732,
    "mp-557773": 0.035,
    "mp-559961": 0.831271,
    "mp-556966": 0.035,
    "mp-7324": 1.642,
    "mp-622018": 0.06,
    "mp-29305": 0.023,
    "mp-639714": 12.342,
    "mp-24118": 0.038218,
    "mp-555203": 0.05,
    "mp-706621": 4.75,
    "mp-16792": 0.035,
    "mp-639506": 0.082648,
    "mp-5020": 14.551175,
    "mp-3589": 0.5,
    "mp-28264": 0.035,
    "mp-570136": 0.038,
    "mp-862539": 0.058,
    "mp-696946": 0.035272,
    "mp-27726": 0.03,
    "mp-30530": 0.06,
    "mp-626620": 0.025,
    "mp-2691": 0.742,
    "mp-21521": 0.047,
    "mp-4690": 1.15,
    "mp-756570": 0.042,
    "mp-28918": 0.035,
    "mp-754585": 0.05,
    "mp-27914": 0.05,
    "mp-29910": 0.1,
    "mp-14367": 0.9,
    "mp-557027": 2.102,
    "mp-29525": 0.035,
    "mp-23866": 0.512,
    "mp-29524": 0.1,
    "mp-559065": 0.035,
    "mp-551629": 0.038,
    "mp-9064": 0.038218,
    "mp-13666": 0.082648,
    "mp-14444": 0.05,
    "mp-685145": 0.05,
    "mp-830": 2.5,
    "mp-31451": 0.038218,
    "mp-30847": 0.05,
    "mp-36111": 0.5,
    "mp-1184046": 0.03858,
    "mp-1215430": 0.020781,
    "mp-1017534": 1.295491,
    "mp-1018093": 0.035272,
    "mp-1008556": 0.035,
    "mp-4524": 168.0,
    "mp-10572": 0.020291,
    "mp-7582": 0.03858,
    "mp-22965": 37.234,
    "mp-4586": 5.8,
    "mp-1193269": 0.038218,
    "mp-1101862": 0.035,
    "mp-1097061": 0.850321,
    "mp-998623": 0.025,
    "mp-1028576": 0.03858,
    "mp-672118": 0.042,
    "mp-1215418": 1.3,
    "mp-23173": 0.03858,
    "mp-863755": 0.532,
    "mp-1221954": 0.05,
    "mp-1300570": 0.215,
    "mp-1210659": 0.038218,
    "mp-554560": 1.789,
    "mp-15776": 12.5,
    "mp-28873": 0.038,
    "mp-1102285": 0.5,
    "mp-1227567": 0.5,
    "mp-1220190": 0.08,
    "mp-570084": 0.5,
    "mp-17862": 0.05,
    "mp-1190717": 0.037,
    "mp-1217833": 0.04,
    "mp-675779": 0.035272,
    "mp-27594": 2.5,
    "mp-1218158": 0.042,
    "mp-28140": 0.015,
    "mp-766345": 0.5,
    "agm002183415": 0.03858,
    "agm003160554": 0.010081,
    "agm002205907": 0.038218,
    "agm002233584": 0.04,
    "agm003227564": 0.035,
    "agm002793928": 0.038218,
    "mp-781710": 0.082648,
    "mp-1227011": 1.0,
    "mp-1216863": 0.05,
    "agm002135972": 0.03858,
    "agm003234420": 0.073142,
    "agm002218325": 58.237,
    "mp-1216132": 0.038,
    "mp-779863": 0.082648,
    "mp-38103": 0.038,
    "mp-29362": 0.038,
    "mp-1019715": 0.08,
    "agm002054632": 0.04,
    "mp-1204358": 0.035,
    "mp-1105300": 0.03858,
    "mp-1228823": 0.04,
    "mp-15833": 0.035,
    "mp-1103351": 7.53,
    "mp-24402": 2.561234,
    "mp-1095543": 0.212,
    "mp-1188121": 0.032,
    "mp-625521": 0.035,
    "mp-23560": 0.035,
    "mp-1227994": 0.020915,
    "mp-1079609": 4.231,
    "mp-1192126": 0.010081,
    "agm002197344": 0.0,
    "agm002177947": 0.01,
    "mp-696347": 0.5,
    "mp-1147693": 3.842321,
    "agm002156258": 0.045,
    "mp-772748": 3.2,
    "mp-1029422": 0.032,
    "mp-1120718": 0.035272,
    "mp-1227036": 0.748382,
    "mp-1194520": 0.036214,
    "mp-1218006": 0.05,
    "mp-1220913": 0.032,
    "mp-1223822": 0.038,
    "mp-1147725": 0.5,
    "mp-984766": 0.010081,
    "mp-1210722": 7.35,
    "agm003263235": 0.038218,
    "agm002215982": 6.0,
    "mp-568968": 0.038218,
    "mp-27313": 0.03858,
    "mp-556024": 0.010081,
    "mp-28020": 0.035,
    "mp-1229086": 0.050392,
    "mp-772875": 0.027,
    "agm002363904": 0.035272,
    "mp-1223536": 0.038218,
    "mp-1147697": 0.038218,
    "mp-23887": 0.08,
    "mp-18609": 1.147,
    "agm002848041": 0.03858,
    "agm002133608": 0.038,
    "agm003268240": 0.038218,
    "mp-1198890": 3.772025,
    "agm003200486": 0.035,
    "mp-1096810": 0.025,
    "mp-1105127": 0.039,
    "mp-1216944": 0.035,
    "mp-555915": 0.03858,
    "mp-776259": 0.035,
    "agm002133663": 0.045,
    "agm002790067": 8.5,
    "agm002162961": 0.03858,
    "mp-767604": 0.08,
    "agm003445531": 0.035,
    "agm003206623": 0.05,
    "mp-1227366": 2.317918,
    "agm005543540": 0.038,
    "agm2000012572": 0.01,
    "agm002205114": 0.03858,
    "agm003046706": 0.038218,
    "agm004786073": 0.038218,
    "agm003445638": 0.38,
    "agm002149208": 0.5,
    "agm2000022161": 0.05,
    "agm2000001840": 0.05,
    "agm002158429": 1.622386,
    "agm004751295": 1.8,
    "agm005848257": 5.0,
    "agm2000081842": 0.010081,
    "agm004879066": 0.038218,
    "agm001347560": 0.038218,
    "agm2000086862": 0.035,
    "agm002102214": 0.03858,
    "mp-23807": 1.35,
    "agm004954137": 2.5,
    "agm004785400": 110.0,
    "agm001234439": 0.03858,
    "agm2000011096": 0.010081,
    "agm2000002067": 0.5,
    "agm003716707": 0.03858,
    "mp-554918": 1.2,
    "agm005769896": 0.015,
    "agm005698720": 0.02,
    "agm004956590": 0.025,
    "agm006124765": 3.8,
    "mp-1202153": 0.082648,
    "mp-23914": 0.035,
    "agm002073747": 0.05,
    "agm004442672": 5.0,
    "agm004929360": 0.035,
    "agm003267560": 0.038218,
    "agm002171920": 5.123,
    "mp-1215297": 0.062,
    "agm2000005425": 0.05,
    "agm004957147": 0.012,
    "agm005723638": 0.04,
    "mp-1080058": 0.030482,
    "agm004954098": 2.1,
    "agm005069643": 0.038218,
    "agm002153441": 0.041,
    "agm003220800": 0.03858,
    "agm005849998": 5.0,
    "agm002138386": 0.035,
    "agm004788917": 5.23,
    "agm2000128635": 0.035,
    "agm2000015113": 12.0,
    "agm002861773": 0.038218,
    "agm004852876": 0.035,
    "mp-1215966": 0.012,
    "agm005607967": 0.05,
    "agm1000019892": 0.03858,
    "agm003048415": 5.0,
    "agm2000139348": 0.038,
    "agm002158908": 3.21,
    "agm002041688": 0.03856,
    "agm005049826": 0.082648,
    "mp-35799": 0.082648,
    "agm002072314": 0.03,
    "agm002147787": 0.010081,
    "agm005408965": 0.038218,
    "mp-15840": 1.02,
    "agm005839737": 0.035,
    "agm003110472": 0.03858,
    "agm005189644": 0.05,
    "mp-4681": 0.010081,
    "agm005086011": 0.035,
    "agm002845532": 0.037,
    "agm005086003": 0.010081,
    "agm2000101795": 45.0,
    "agm005074722": 0.452,
    "agm005180379": 0.035
  },
  "metrics": {
    "mae": 12.872144781992748,
    "rmse": 28.230287002291227
  },