{
  "predictions": {
    "mp-21892": 1.427701354,
    "mp-8070": 0.13786831500000002,
    "mp-558491": 0.9255403280000001,
    "mp-632684": 0.70923841,
    "mp-23329": 5.5675253868,
    "mp-555150": 0.4483112395,
    "mp-760755": 0.009377867,
    "mp-6268": 2.178542614,
    "mp-559057": 3.7718625069,
    "mp-1778": 0.6351541281,
    "mp-2176": 118.5067749023,
    "mp-22909": 0.7661126852,
    "mp-9844": 0.9781402349,
    "mp-9066": 0.43468704820000004,
    "mp-6126": 2.0205807686,
    "mp-632229": 3.0488123894,
    "mp-21521": 2.4901585579,
    "mp-1287": 0.8028997183000001,
    "mp-756044": 0.5576375723,
    "mp-754712": 0.800074935,
    "mp-18168": 1.2860645056,
    "mp-505702": 2.328643322,
    "mp-559065": 10.5717439651,
    "mp-559545": 7.5211653709,
    "mp-549720": 38.5293159485,
    "mp-561385": 2.5503182411000003,
    "mp-13666": 20.5920524597,
    "mp-14444": 15.510225296,
    "mp-2469": 19.0373439789,
    "mp-31451": 81.071685791,
    "mp-1023924": 3.6181807517999998,
    "mp-38011": 2.5453820229,
    "mp-8884": 101.4828491211,
    "mp-6980": 42.2397384644,
    "mp-4524": 72.7297744751,
    "mp-11714": 7.1266136169,
    "mp-1180133": 11.6132793427,
    "mp-1225884": 0.8201497793,
    "mp-1196457": 0.3448566496,
    "mp-560894": 0.5330680609,
    "mp-1196282": 0.07976856830000001,
    "mp-1219328": 6.0101399422,
    "mp-1227124": 36.0830993652,
    "mp-1102285": 14.5799646378,
    "mp-1227389": 9.0599422455,
    "mp-1227110": 0.1697629988,
    "mp-1079676": 0.9329541922000001,
    "mp-1228342": 1.2550491095,
    "mp-17862": 61.0388221741,
    "mp-504952": 49.7168312073,
    "mp-1223849": 0.4438795149,
    "mp-1208039": 1.3705972433,
    "mp-625175": 0.2190774977,
    "agm003160552": 56.5319099426,
    "agm003202328": 33.7169036865,
    "agm002278924": 104.657585144,
    "agm003202410": 72.2380142212,
    "mp-1227011": 20.5637397766,
    "agm002224865": 3.1125349998,
    "agm003157565": 1.3018125296,
    "agm002140778": 1.5062354803,
    "agm002041336": 39.0160293579,
    "agm003219193": 0.07923355700000001,
    "mp-1228160": 0.5619157553,
    "mp-1223489": 0.2796730101,
    "mp-1221169": 10.1745195389,
    "mp-4431": 22.8192768097,
    "mp-1105300": 28.0539798737,
    "mp-1103351": 10.3921260834,
    "mp-1029368": 9.6165723801,
    "mp-1029633": 15.8524007797,
    "agm002147818": 0.19041958450000002,
    "agm002153139": 1.841509223,
    "mp-555202": 0.5449832678000001,
    "mp-1216976": 23.6905994415,
    "mp-626172": 0.0169309676,
    "agm002156258": 0.3293079436,
    "mp-772748": 0.4046653807,
    "mp-1223389": 22.7541160583,
    "mp-9427": 0.5733112097,
    "mp-1225916": 0.7578872442,
    "agm003237859": 0.3906950057,
    "mp-1221971": 8.1052646637,
    "agm002237807": 46.5280723572,
    "mp-1215642": 3.982776165,
    "agm003213121": 3.8745102881999998,
    "agm002297812": 0.5767987967,
    "mp-29157": 17.8249969482,
    "mp-555915": 3.1113095284,
    "agm002138671": 3.321791172,
    "agm002790067": 35.7058753967,
    "agm002205114": 68.2231292725,
    "agm002184995": 105.5416641235,
    "agm003235252": 0.22229328750000002,
    "agm003206267": 15.4666604996,
    "agm003705731": 6.2601604462000005,
    "agm2000126920": 0.38893929120000004,
    "agm2000137141": 5.4871764183,
    "agm005848675": 18.667678833,
    "mp-2802611": 1.1379665136,
    "agm005056300": 8.0544862747,
    "agm004786326": 8.4094409943,
    "agm001234439": 3.9175839424000003,
    "agm002056302": 1.8246091604,
    "agm002137665": 0.263073355,
    "mp-554918": 0.8878291845,
    "agm001375463": 37.8148956299,
    "agm005721583": 9.7079925537,
    "agm006020719": 0.1741136611,
    "agm003112540": 64.2778930664,
    "agm004787350": 1.6096709967,
    "agm002176403": 1.6976979971000001,
    "agm002161194": 10.1259660721,
    "agm2000136656": 3.6013379097,
    "mp-1208179": 0.7571491003,
    "agm002017294": 38.8539161682,
    "agm002041315": 55.6548614502,
    "agm003469328": 0.3099016249,
    "agm005072178": 0.3440021574,
    "agm005664742": 1.2428420782,
    "agm004773455": 4.5549044609,
    "agm005071058": 0.7363027334000001,
    "agm006047746": 33.0667114258,
    "agm005754384": 1.8641027212,
    "agm005748012": 0.6538242102
  },
  "uncertainties": null,
  "metrics": {
    "mae": 7.178966707645296,
    "rmse": 16.07155731779138,
    "spearman": 0.9343164362519201,
    "r2_score": 0.7264525193935982
  }
}