{
  "predictions": {
    "mp-983357": 0.3607302804921466,
    "mp-8377": 6.651829386424956,
    "mp-18938": 4.9314015475548265,
    "mp-5854": 2.380672324280022,
    "mp-23778": 0.6219856984479537,
    "mp-19219": 2.612540730917424,
    "mp-9197": 1.402768278473343,
    "mp-553887": 4.8161151696700495,
    "mp-23407": 6.078885359415421,
    "mp-555150": 1.655657846482085,
    "mp-6062": 0.8394082676844135,
    "mp-863374": 5.8559113660502184,
    "mp-23363": 0.5474772143617807,
    "mp-23321": 1.726799038317091,
    "mp-27755": 0.49660652857497745,
    "mp-3491": 7.74296217313753,
    "mp-540634": 2.2315078217729574,
    "mp-557773": 2.915540462964407,
    "mp-559961": 3.898517069972657,
    "mp-556966": 1.7389342015086613,
    "mp-7324": 0.4126661610185311,
    "mp-622018": 3.6973800327334656,
    "mp-29305": 5.258132267049441,
    "mp-639714": 6.417013888706365,
    "mp-24118": 0.404450648602203,
    "mp-555203": 0.8908309133926576,
    "mp-706621": 0.47969663323639206,
    "mp-16792": 7.953519471923199,
    "mp-639506": 0.3393058767654231,
    "mp-5020": 11.072085476531065,
    "mp-3589": 0.44298710887640896,
    "mp-28264": 1.0940057393164109,
    "mp-570136": 25.63818644857448,
    "mp-862539": 0.46352241715710213,
    "mp-696946": 6.730834766835432,
    "mp-27726": 2.28967733482627,
    "mp-30530": 4.779085097267437,
    "mp-626620": 1.3530214792114779,
    "mp-2691": 37.23702152029684,
    "mp-21521": 8.473278141551097,
    "mp-4690": 2.670095931270404,
    "mp-756570": 3.7187080110373274,
    "mp-28918": 7.2826203006789925,
    "mp-754585": 4.4703133113619895,
    "mp-27914": 4.13895817381453,
    "mp-29910": 5.8537761189009805,
    "mp-14367": 4.362166346261243,
    "mp-557027": 0.740161536961463,
    "mp-29525": 4.1415153670828575,
    "mp-23866": 2.311451894075305,
    "mp-29524": 3.4819379420338117,
    "mp-559065": 6.497640618388147,
    "mp-551629": 1.6200094381320178,
    "mp-9064": 37.14234431086013,
    "mp-13666": 31.90897585870823,
    "mp-14444": 15.134635241484377,
    "mp-685145": 8.544835234025413,
    "mp-830": 23.614869149697157,
    "mp-31451": 66.93015003536067,
    "mp-30847": 37.736556422334374,
    "mp-36111": 39.69762694365755,
    "mp-1184046": 32.760584692952705,
    "mp-1215430": 35.84842781520199,
    "mp-1017534": 39.69800189920595,
    "mp-1018093": 36.767378461177806,
    "mp-1008556": 5.105428754419942,
    "mp-4524": 64.86390729411252,
    "mp-10572": 2.1718466709519464,
    "mp-7582": 18.250662653332032,
    "mp-22965": 39.85998459424342,
    "mp-4586": 47.2368407868003,
    "mp-1193269": 0.2544506410575129,
    "mp-1101862": 0.4451581874061181,
    "mp-1097061": 1.3310979453765115,
    "mp-998623": 2.1613699105077075,
    "mp-1028576": 11.602237123342553,
    "mp-672118": 8.323645816809835,
    "mp-1215418": 59.136607407468375,
    "mp-23173": 11.165892881781385,
    "mp-863755": 9.922718588699913,
    "mp-1221954": 5.823811053553834,
    "mp-1300570": 2.539853309061731,
    "mp-1210659": 0.7652815505247801,
    "mp-554560": 0.5505924516392962,
    "mp-15776": 50.84592566367757,
    "mp-28873": 2.1024941565529143,
    "mp-1102285": 8.33535323650816,
    "mp-1227567": 58.323975663266545,
    "mp-1220190": 10.119644748528634,
    "mp-570084": 67.22172534539978,
    "mp-17862": 49.350809260137304,
    "mp-1190717": 0.4639205969199399,
    "mp-1217833": 14.69948965816813,
    "mp-675779": 19.930979551515215,
    "mp-27594": 26.07559483279135,
    "mp-1218158": 5.293650702204334,
    "mp-28140": 17.77072300630178,
    "mp-766345": 0.7269288221072516,
    "agm002183415": 48.58662638295317,
    "agm003160554": 65.70841667830251,
    "agm002205907": 69.05705232153613,
    "agm002233584": 11.99439886042842,
    "agm003227564": 1.970747950313894,
    "agm002793928": 13.76353027439372,
    "mp-781710": 18.300532384479872,
    "mp-1227011": 28.36128515130136,
    "mp-1216863": 8.22307436032725,
    "agm002135972": 78.156299908707,
    "agm003234420": 4.302386677953553,
    "agm002218325": 45.045141948510675,
    "mp-1216132": 7.694552675096329,
    "mp-779863": 5.476881191355709,
    "mp-38103": 0.5692208325197307,
    "mp-29362": 12.434739007122836,
    "mp-1019715": 0.6297533659951772,
    "agm002054632": 32.544477686469506,
    "mp-1204358": 0.5261013260702004,
    "mp-1105300": 23.801587230753167,
    "mp-1228823": 27.75071451482664,
    "mp-15833": 2.5907120935331625,
    "mp-1103351": 15.543137457665102,
    "mp-24402": 0.5984507515891575,
    "mp-1095543": 0.4490979728421106,
    "mp-1188121": 0.4494640849176486,
    "mp-625521": 1.6717126854966409,
    "mp-23560": 3.41027332778178,
    "mp-1227994": 2.1090986755487675,
    "mp-1079609": 1.8348563258651998,
    "mp-1192126": 2.81332054380371,
    "agm002197344": 11.382415948568724,
    "agm002177947": 30.512481184914723,
    "mp-696347": 0.46341580338950805,
    "mp-1147693": 9.140441320365891,
    "agm002156258": 0.9223733562763714,
    "mp-772748": 0.4548781790651342,
    "mp-1029422": 18.036549577747156,
    "mp-1120718": 9.967701523233917,
    "mp-1227036": 0.47276176475446363,
    "mp-1194520": 5.855749085509436,
    "mp-1218006": 21.43603968649365,
    "mp-1220913": 5.284477609883961,
    "mp-1223822": 0.8885110415254925,
    "mp-1147725": 10.133351112446304,
    "mp-984766": 0.4527195373582113,
    "mp-1210722": 4.43217868329141,
    "agm003263235": 7.050420779941204,
    "agm002215982": 1.3917673968746527,
    "mp-568968": 29.053066229032343,
    "mp-27313": 0.903264707500067,
    "mp-556024": 0.45322847310630654,
    "mp-28020": 8.758278283958234,
    "mp-1229086": 4.4243918825012205,
    "mp-772875": 7.757370670651158,
    "agm002363904": 1.6516759200181301,
    "mp-1223536": 17.199846247774783,
    "mp-1147697": 8.825906378628225,
    "mp-23887": 0.4532501737129017,
    "mp-18609": 39.255583117869556,
    "agm002848041": 1.557172978985117,
    "agm002133608": 10.263854290186858,
    "agm003268240": 58.286752914917955,
    "mp-1198890": 2.0984617040251243,
    "agm003200486": 1.8102361932871573,
    "mp-1096810": 9.646828453274981,
    "mp-1105127": 35.88410536277667,
    "mp-1216944": 8.932602217616559,
    "mp-555915": 7.7954623484384875,
    "mp-776259": 5.450366169477175,
    "agm002133663": 9.125515662803387,
    "agm002790067": 44.082978089918015,
    "agm002162961": 17.07202334535392,
    "mp-767604": 17.30825478750169,
    "agm003445531": 3.06710665982618,
    "agm003206623": 1.8188459460872992,
    "mp-1227366": 10.639021158517401,
    "agm005543540": 1.8929419940001873,
    "agm2000012572": 0.31824452539862924,
    "agm002205114": 52.426709125745326,
    "agm003046706": 9.371314811710274,
    "agm004786073": 7.904214572961897,
    "agm003445638": 2.619272392833226,
    "agm002149208": 0.32114888669200686,
    "agm2000022161": 0.2975249141170853,
    "agm2000001840": 1.9549080813008675,
    "agm002158429": 2.115549157081817,
    "agm004751295": 0.3600300055798559,
    "agm005848257": 1.7306567203313694,
    "agm2000081842": 0.3638147650636406,
    "agm004879066": 3.2187353458111763,
    "agm001347560": 98.83428378655292,
    "agm2000086862": 4.404973474864023,
    "agm002102214": 0.6409898828047221,
    "mp-23807": 0.9358328921211612,
    "agm004954137": 5.2107937449289645,
    "agm004785400": 13.432353711846304,
    "agm001234439": 9.469303861019489,
    "agm2000011096": 0.5065953078524668,
    "agm2000002067": 0.2672626639230166,
    "agm003716707": 0.507009489750303,
    "mp-554918": 1.0261563162014389,
    "agm005769896": 68.23086671871756,
    "agm005698720": 16.651583439921158,
    "agm004956590": 0.31331822869630704,
    "agm006124765": 23.29234601064872,
    "mp-1202153": 10.660516402552766,
    "mp-23914": 0.5596048413089241,
    "agm002073747": 0.5250961534380766,
    "agm004442672": 4.526263775309052,
    "agm004929360": 2.2692143386758534,
    "agm003267560": 68.48055156887139,
    "agm002171920": 12.124875154664828,
    "mp-1215297": 9.083705753830083,
    "agm2000005425": 0.2525362719397927,