{
  "predictions": {
    "mp-983357": 0.5213062087044089,
    "mp-8377": 4.238817253547942,
    "mp-18938": 5.570678037931584,
    "mp-5854": 2.455863544662287,
    "mp-23778": 0.8512627730982216,
    "mp-19219": 2.1771194366635256,
    "mp-9197": 1.6263405244271611,
    "mp-553887": 6.047946452066981,
    "mp-23407": 6.023931145339867,
    "mp-555150": 2.0862410646277763,
    "mp-6062": 0.9185634475134887,
    "mp-863374": 3.861303819903151,
    "mp-23363": 1.993595649393368,
    "mp-23321": 0.9810165335904781,
    "mp-27755": 1.5396629593075581,
    "mp-3491": 6.623766850555022,
    "mp-540634": 4.718981224351259,
    "mp-557773": 2.2998214258810146,
    "mp-559961": 5.335517616411832,
    "mp-556966": 1.818116705489053,
    "mp-7324": 0.7006650994611693,
    "mp-622018": 3.900240347191229,
    "mp-29305": 5.787962309147505,
    "mp-639714": 5.483593727719243,
    "mp-24118": 0.6720787502945497,
    "mp-555203": 1.0576017225082956,
    "mp-706621": 0.7015338337667023,
    "mp-16792": 2.5360780023901133,
    "mp-639506": 0.6732891587589687,
    "mp-5020": 10.873082107390367,
    "mp-3589": 0.6960517821479248,
    "mp-28264": 0.7376105673589762,
    "mp-570136": 17.308816707516456,
    "mp-862539": 0.6266504330116129,
    "mp-696946": 2.926361131650806,
    "mp-27726": 1.5010438975184497,
    "mp-30530": 3.1137383920950867,
    "mp-626620": 1.0781935958485993,
    "mp-2691": 27.633147296774972,
    "mp-21521": 4.772786682453573,
    "mp-4690": 1.6410096931322022,
    "mp-756570": 2.849499051772993,
    "mp-28918": 5.315695836740126,
    "mp-754585": 7.016530301823826,
    "mp-27914": 2.3812530433597896,
    "mp-29910": 3.394136201685227,
    "mp-14367": 1.8087333672543198,
    "mp-557027": 0.8071023026218893,
    "mp-29525": 2.5127180551999184,
    "mp-23866": 1.7768808377168492,
    "mp-29524": 2.7152924983993985,
    "mp-559065": 6.344431758150733,
    "mp-551629": 2.443860162347486,
    "mp-9064": 25.845053974151828,
    "mp-13666": 16.143247224296562,
    "mp-14444": 13.783834520773844,
    "mp-685145": 11.79407060849557,
    "mp-830": 13.640493264101002,
    "mp-31451": 70.3473299786272,
    "mp-30847": 32.24572337467864,
    "mp-36111": 30.023799627237416,
    "mp-1184046": 62.68964008134624,
    "mp-1215430": 31.371607963303312,
    "mp-1017534": 46.77873849895222,
    "mp-1018093": 24.644242162616393,
    "mp-1008556": 3.0640741278493584,
    "mp-4524": 65.86998185188587,
    "mp-10572": 1.8205349204378785,
    "mp-7582": 21.644272419066922,
    "mp-22965": 75.3319076663768,
    "mp-4586": 35.54652872850731,
    "mp-1193269": 0.4895007901268138,
    "mp-1101862": 0.7839172288410317,
    "mp-1097061": 2.9224298931921897,
    "mp-998623": 3.977484884164551,
    "mp-1028576": 22.241813062614302,
    "mp-672118": 9.197073121941349,
    "mp-1215418": 48.53680560147794,
    "mp-23173": 15.980169168055633,
    "mp-863755": 11.079777170114923,
    "mp-1221954": 9.926886300390072,
    "mp-1300570": 4.742519691844003,
    "mp-1210659": 1.1049408301038646,
    "mp-554560": 1.0423536062842096,
    "mp-15776": 42.267824116280124,
    "mp-28873": 3.8327891265349803,
    "mp-1102285": 6.140394093029737,
    "mp-1227567": 64.7622419598423,
    "mp-1220190": 19.16416384218055,
    "mp-570084": 44.19467690874562,
    "mp-17862": 49.37468367826059,
    "mp-1190717": 0.681892776384974,
    "mp-1217833": 12.410509283414811,
    "mp-675779": 14.905594596521405,
    "mp-27594": 34.892451103938235,
    "mp-1218158": 5.82727249272468,
    "mp-28140": 23.70950766447949,
    "mp-766345": 1.168865135664668,
    "agm002183415": 49.95397043922606,
    "agm003160554": 58.01167827597873,
    "agm002205907": 85.045212056343,
    "agm002233584": 13.167381483070864,
    "agm003227564": 3.5986672707157474,
    "agm002793928": 14.771204470977505,
    "mp-781710": 17.168553971235106,
    "mp-1227011": 37.58585572637089,
    "mp-1216863": 7.382161995967635,
    "agm002135972": 72.15035307701756,
    "agm003234420": 1.6234917315994029,
    "agm002218325": 52.117276370067906,
    "mp-1216132": 9.73046537628339,
    "mp-779863": 4.58596042491049,
    "mp-38103": 0.691939537111055,
    "mp-29362": 13.218221916345959,
    "mp-1019715": 0.7399817837695043,
    "agm002054632": 31.21568380369346,
    "mp-1204358": 0.8336811667385176,
    "mp-1105300": 21.697799126288082,
    "mp-1228823": 30.943989019150614,
    "mp-15833": 3.4707662422268406,
    "mp-1103351": 13.39801982223855,
    "mp-24402": 0.7000853873082394,
    "mp-1095543": 0.7817074852130932,
    "mp-1188121": 0.6985418479443021,
    "mp-625521": 2.4593367164258244,
    "mp-23560": 4.280901333139216,
    "mp-1227994": 1.0246287857906997,
    "mp-1079609": 1.8282717615395265,
    "mp-1192126": 4.707197352905399,
    "agm002197344": 10.72098692172103,
    "agm002177947": 32.41387010047524,
    "mp-696347": 0.6902460353404539,
    "mp-1147693": 7.645021716372911,
    "agm002156258": 1.3469754974034638,
    "mp-772748": 0.704788137348663,
    "mp-1029422": 15.0235627423129,
    "mp-1120718": 10.663213670691073,
    "mp-1227036": 1.234281125389331,
    "mp-1194520": 16.24617294135475,
    "mp-1218006": 32.60984333270754,
    "mp-1220913": 6.047946452066981,
    "mp-1223822": 1.5293122844963336,
    "mp-1147725": 10.295915083578823,
    "mp-984766": 0.8176615245615172,
    "mp-1210722": 3.9675864285472278,
    "agm003263235": 5.850445294862803,
    "agm002215982": 1.4362362686658434,
    "mp-568968": 32.23322283061092,
    "mp-27313": 13.243607402225761,
    "mp-556024": 1.6878908254258127,
    "mp-28020": 14.608935717444007,
    "mp-1229086": 5.209170157967276,
    "mp-772875": 8.870689895790862,
    "agm002363904": 2.035704408945539,
    "mp-1223536": 23.55608356082525,
    "mp-1147697": 7.645021716372911,
    "mp-23887": 0.6791889627595228,
    "mp-18609": 34.93015508302592,
    "agm002848041": 2.4124201351307906,
    "agm002133608": 15.018151575843229,
    "agm003268240": 48.70728866277884,
    "mp-1198890": 4.093943723372769,
    "agm003200486": 3.767817443669566,
    "mp-1096810": 11.032617930922886,
    "mp-1105127": 40.67207621317809,
    "mp-1216944": 8.001211966692809,
    "mp-555915": 2.1226472765607802,
    "mp-776259": 4.58596042491049,
    "agm002133663": 14.276531597923826,
    "agm002790067": 35.043379251781296,
    "agm002162961": 32.73724449185198,
    "mp-767604": 13.161624677052355,
    "agm003445531": 3.449579382530871,
    "agm003206623": 1.8332086767365683,
    "mp-1227366": 10.861303431659158,
    "agm005543540": 2.4904957627908826,
    "agm2000012572": 0.5575232915740265,
    "agm002205114": 38.645589739163285,
    "agm003046706": 9.650297233587443,
    "agm004786073": 6.556009460325458,
    "agm003445638": 1.9952917945121131,
    "agm002149208": 0.6850719507475408,
    "agm2000022161": 0.5575232915740265,
    "agm2000001840": 2.538485306759888,
    "agm002158429": 2.5384660293182764,
    "agm004751295": 0.5895652466501116,
    "agm005848257": 2.5862375968230724,
    "agm2000081842": 0.5673459757992196,
    "agm004879066": 6.193926343993251,
    "agm001347560": 107.2384766266054,
    "agm2000086862": 3.399275959346883,
    "agm002102214": 1.0118256035877131,
    "mp-23807": 0.7275610791155229,
    "agm004954137": 4.8769638633573855,
    "agm004785400": 11.970519798136644,
    "agm001234439": 6.330516805618285,
    "agm2000011096": 0.9049192328614666,
    "agm2000002067": 0.5024687357871515,
    "agm003716707": 0.6366759359619727,
    "mp-554918": 1.0302696517856276,
    "agm005769896": 65.9922714390116,
    "agm005698720": 18.710659942024183,
    "agm004956590": 0.6210902110475632,
    "agm006124765": 21.792967226748615,
    "mp-1202153": 9.755979787752125,
    "mp-23914": 0.6860084316099759,
    "agm002073747": 0.7614754628952091,
    "agm004442672": 4.460127216448515,
    "agm004929360": 2.3382932621738286,
    "agm003267560": 63.04053334123254,
    "agm002171920": 13.261573855756177,
    "mp-1215297": 8.630269396166067,
    "agm2000005425": 0.4953698838973927,
    "agm004957147": 0.5144368089030892,