{
  "predictions": {
    "mp-983357": 0.3960767790727091,
    "mp-8377": 8.435212831477724,
    "mp-18938": 4.995400135555419,
    "mp-5854": 2.537498306249881,
    "mp-23778": 0.7078431272887151,
    "mp-19219": 3.3863006291883657,
    "mp-9197": 1.3564460721822007,
    "mp-553887": 5.669688588920085,
    "mp-23407": 6.484774869231868,
    "mp-555150": 1.005919353257722,
    "mp-6062": 0.9345491332776313,
    "mp-863374": 7.341360476280289,
    "mp-23363": 0.506605857866722,
    "mp-23321": 1.2269075964651794,
    "mp-27755": 0.8470892571416296,
    "mp-3491": 6.323110696947046,
    "mp-540634": 2.530584169814783,
    "mp-557773": 3.9105084793274068,
    "mp-559961": 4.124130400106776,
    "mp-556966": 1.760368324678966,
    "mp-7324": 0.39360231450915834,
    "mp-622018": 3.474811059066638,
    "mp-29305": 6.399263684996141,
    "mp-639714": 6.076530539593429,
    "mp-24118": 0.4734493718341212,
    "mp-555203": 0.8480592158719484,
    "mp-706621": 0.5985174193900915,
    "mp-16792": 7.880922494959655,
    "mp-639506": 0.27114533996973755,
    "mp-5020": 7.8956049367024175,
    "mp-3589": 0.42617993436461377,
    "mp-28264": 0.9160146860734265,
    "mp-570136": 26.320448155713624,
    "mp-862539": 0.5658899391394313,
    "mp-696946": 10.300042877135741,
    "mp-27726": 1.2687453833146802,
    "mp-30530": 5.478413909596872,
    "mp-626620": 1.2331559363469757,
    "mp-2691": 37.20569062327246,
    "mp-21521": 6.755082476612293,
    "mp-4690": 1.5430950041971039,
    "mp-756570": 5.271457449307772,
    "mp-28918": 10.186015971171313,
    "mp-754585": 5.6025577296135065,
    "mp-27914": 5.904771392912738,
    "mp-29910": 5.476480373387627,
    "mp-14367": 5.086843700487793,
    "mp-557027": 0.7446284451123176,
    "mp-29525": 4.4195665600260865,
    "mp-23866": 3.0808859679064096,
    "mp-29524": 5.275384468007255,
    "mp-559065": 7.643201273374001,
    "mp-551629": 1.9348169174941316,
    "mp-9064": 33.36526519463854,
    "mp-13666": 34.7709766598052,
    "mp-14444": 16.742760095589155,
    "mp-685145": 10.34775307619678,
    "mp-830": 23.2887054046583,
    "mp-31451": 62.79500481040171,
    "mp-30847": 65.18718445683392,
    "mp-36111": 38.99933277611005,
    "mp-1184046": 26.518118945219708,
    "mp-1215430": 36.2648703427388,
    "mp-1017534": 35.30161363632574,
    "mp-1018093": 30.354369704819128,
    "mp-1008556": 5.462131620213451,
    "mp-4524": 61.30691552687771,
    "mp-10572": 1.844352510550358,
    "mp-7582": 17.946691549948834,
    "mp-22965": 32.73743614179674,
    "mp-4586": 51.94341098529272,
    "mp-1193269": 0.20700875513915548,
    "mp-1101862": 0.5301037463335195,
    "mp-1097061": 1.1242934638708593,
    "mp-998623": 2.8374538833530405,
    "mp-1028576": 13.156064104272179,
    "mp-672118": 10.563700094210608,
    "mp-1215418": 70.69151353538987,
    "mp-23173": 14.320601083698735,
    "mp-863755": 10.564680076776026,
    "mp-1221954": 3.7095003142567613,
    "mp-1300570": 1.19621294395053,
    "mp-1210659": 0.6397911955946846,
    "mp-554560": 0.6069271858524413,
    "mp-15776": 44.03803461628224,
    "mp-28873": 2.393662179114931,
    "mp-1102285": 10.742225631064349,
    "mp-1227567": 54.16765262478799,
    "mp-1220190": 9.24545492824599,
    "mp-570084": 60.09375560835922,
    "mp-17862": 48.044461166445814,
    "mp-1190717": 0.4472456591213333,
    "mp-1217833": 16.67751762109468,
    "mp-675779": 21.789522354890728,
    "mp-27594": 29.49227471025561,
    "mp-1218158": 4.873309012539812,
    "mp-28140": 18.55570201056831,
    "mp-766345": 0.6944032217873047,
    "agm002183415": 45.87456328717454,
    "agm003160554": 67.02263746168151,
    "agm002205907": 47.266598055474354,
    "agm002233584": 16.497156985059952,
    "agm003227564": 1.6980216008030615,
    "agm002793928": 14.767547487437247,
    "mp-781710": 16.471304669592733,
    "mp-1227011": 33.47291899972745,
    "mp-1216863": 9.308550082482668,
    "agm002135972": 71.46714867333075,
    "agm003234420": 3.425293697121179,
    "agm002218325": 45.334890240862606,
    "mp-1216132": 7.249401653023577,
    "mp-779863": 5.343617416207221,
    "mp-38103": 0.5928414039266484,
    "mp-29362": 12.596549636548836,
    "mp-1019715": 0.7088949024165458,
    "agm002054632": 25.50969102618079,
    "mp-1204358": 0.5294056320654217,
    "mp-1105300": 22.76055178096202,
    "mp-1228823": 24.341462801344896,
    "mp-15833": 2.8727069605537245,
    "mp-1103351": 17.49331894007465,
    "mp-24402": 0.48926336036705875,
    "mp-1095543": 0.487519536201221,
    "mp-1188121": 0.47242356941535385,
    "mp-625521": 1.297965082336228,
    "mp-23560": 3.478780473522658,
    "mp-1227994": 2.363152122316402,
    "mp-1079609": 1.8642013713452166,
    "mp-1192126": 3.0462428772997314,
    "agm002197344": 12.33186382061401,
    "agm002177947": 32.39589873792906,
    "mp-696347": 0.4410758645357729,
    "mp-1147693": 9.345922833577378,
    "agm002156258": 0.9257668033690988,
    "mp-772748": 0.4192058563909646,
    "mp-1029422": 23.364533538232887,
    "mp-1120718": 10.842813584958915,
    "mp-1227036": 0.3858702451396173,
    "mp-1194520": 6.413170594075645,
    "mp-1218006": 25.678029602381535,
    "mp-1220913": 6.262650029097623,
    "mp-1223822": 0.8646273774615031,
    "mp-1147725": 10.341733088767226,
    "mp-984766": 0.4597962802361055,
    "mp-1210722": 4.1865014336773525,
    "agm003263235": 7.2455170429225335,
    "agm002215982": 1.520885549036872,
    "mp-568968": 32.67247910209982,
    "mp-27313": 1.222588342359135,
    "mp-556024": 0.3152324943117575,
    "mp-28020": 9.777505657322685,
    "mp-1229086": 2.8115527355495153,
    "mp-772875": 7.599317297151446,
    "agm002363904": 1.2370341565253724,
    "mp-1223536": 17.714476752344854,
    "mp-1147697": 9.265550123467522,
    "mp-23887": 0.46648447383145536,
    "mp-18609": 38.95790729092066,
    "agm002848041": 1.3589140536927615,
    "agm002133608": 9.889661147817556,
    "agm003268240": 61.76216809649522,
    "mp-1198890": 3.0710662113048524,
    "agm003200486": 1.3673453289783328,
    "mp-1096810": 9.885783043325903,
    "mp-1105127": 34.65670467039553,
    "mp-1216944": 9.067826137570439,
    "mp-555915": 7.048260625384769,
    "mp-776259": 5.231707162774182,
    "agm002133663": 11.505284376001589,
    "agm002790067": 42.21775816833437,
    "agm002162961": 27.329834464370798,
    "mp-767604": 15.575369312192699,
    "agm003445531": 3.7804261339534353,
    "agm003206623": 2.2660875595124783,
    "mp-1227366": 11.651335033635347,
    "agm005543540": 1.614887781810883,
    "agm2000012572": 0.30860962025860794,
    "agm002205114": 57.19750624286033,
    "agm003046706": 10.162241699039974,
    "agm004786073": 7.796703382957744,
    "agm003445638": 3.5596214190367017,
    "agm002149208": 0.3058798255124653,
    "agm2000022161": 0.32215399266357997,
    "agm2000001840": 2.000804448616001,
    "agm002158429": 2.557658862025802,
    "agm004751295": 0.3552989435204142,
    "agm005848257": 1.8512672325828547,
    "agm2000081842": 0.3238324930688581,
    "agm004879066": 2.862241216751997,
    "agm001347560": 92.4595381046502,
    "agm2000086862": 4.694537180938039,
    "agm002102214": 0.6422628590867702,
    "mp-23807": 0.9171699455793565,
    "agm004954137": 6.416958396329053,
    "agm004785400": 13.812202166028776,
    "agm001234439": 11.599565355349359,
    "agm2000011096": 0.7549993095317279,
    "agm2000002067": 0.2458081766291694,
    "agm003716707": 0.6812307279067994,
    "mp-554918": 1.010836120456232,
    "agm005769896": 73.7061796519594,
    "agm005698720": 18.334764338902723,
    "agm004956590": 0.25499040384540417,
    "agm006124765": 24.487705250347272,
    "mp-1202153": 9.539163683169413,
    "mp-23914": 0.632572379814501,
    "agm002073747": 0.5597378779908646,
    "agm004442672": 4.750349325049108,
    "agm004929360": 2.923218231062762,
    "agm003267560": 58.8409706711586,
    "agm002171920": 14.839767457728726,
    "mp-1215297": 9.206765955192164,
    "agm2000005425": 0.1977802483868181,
    "agm004957147": 0.2355546222767705,