{
  "predictions": {
    "mp-983357": 0.6114504933,
    "mp-8377": 3.2648947239,
    "mp-18938": 0.7773259282,
    "mp-5854": 1.3679516315,
    "mp-23778": 1.1074879169,
    "mp-19219": 1.7884876728,
    "mp-9197": 0.6817706227,
    "mp-553887": 3.2867643833,
    "mp-23407": 3.8313543797,
    "mp-555150": 0.8166392446,
    "mp-6062": 1.8111689091,
    "mp-863374": 2.9366724491,
    "mp-23363": -0.3254077137,
    "mp-23321": -0.0744206458,
    "mp-27755": 0.004649444500000001,
    "mp-3491": 9.0447587967,
    "mp-540634": 0.5909588933000001,
    "mp-557773": 1.7242929935,
    "mp-559961": 2.4368526936,
    "mp-556966": 0.3985092938,
    "mp-7324": 0.5223935246,
    "mp-622018": 1.3021471500000001,
    "mp-29305": 1.9379665851999999,
    "mp-639714": 3.0977938175,
    "mp-24118": 0.3253786862,
    "mp-555203": 0.6841366887,
    "mp-706621": 0.30478504300000003,
    "mp-16792": 2.1160814762,
    "mp-639506": 0.0624525994,
    "mp-5020": 13.4962615967,
    "mp-3589": 0.8856948018,
    "mp-28264": 0.3820240796,
    "mp-570136": 5.454600811,
    "mp-862539": 0.7302392125,
    "mp-696946": 3.0320503712,
    "mp-27726": 1.7055151463,
    "mp-30530": 1.7891170979000002,
    "mp-626620": 1.6080448627,
    "mp-2691": 27.370098114,
    "mp-21521": 1.8413422108000002,
    "mp-4690": 0.4345934689,
    "mp-756570": 4.6869664192,
    "mp-28918": 4.8113760948,
    "mp-754585": 3.7352230549,
    "mp-27914": 4.7715401649,
    "mp-29910": 0.3503182232,
    "mp-14367": 0.0177672356,
    "mp-557027": 0.11155824360000001,
    "mp-29525": 2.431299448,
    "mp-23866": 1.0945913792,
    "mp-29524": 3.4195349216,
    "mp-559065": 6.9659376144,
    "mp-551629": 1.2543919086,
    "mp-9064": 65.9601516724,
    "mp-13666": 17.9912872314,
    "mp-14444": 18.345539093,
    "mp-685145": 2.4032804966,
    "mp-830": 5.9640107155,
    "mp-31451": 91.075012207,
    "mp-30847": 25.3683223724,
    "mp-36111": 41.6910171509,
    "mp-1184046": 74.9843826294,
    "mp-1215430": 42.0881118774,
    "mp-1017534": 40.6192550659,
    "mp-1018093": 13.9816589355,
    "mp-1008556": 2.0095627308,
    "mp-4524": 87.4664764404,
    "mp-10572": 2.7209055424,
    "mp-7582": 34.8400230408,
    "mp-22965": 90.4015579224,
    "mp-4586": 36.5918579102,
    "mp-1193269": -0.2703454196,
    "mp-1101862": 0.341724664,
    "mp-1097061": 1.4629261494,
    "mp-998623": 2.7707607746000003,
    "mp-1028576": 8.7784337997,
    "mp-672118": 1.2962429523,
    "mp-1215418": 69.7422943115,
    "mp-23173": 6.9803886414,
    "mp-863755": 7.5426225662,
    "mp-1221954": 10.8276138306,
    "mp-1300570": 0.4230330288,
    "mp-1210659": 0.464733392,
    "mp-554560": 0.7695496678,
    "mp-15776": 43.0442810059,
    "mp-28873": 1.7311766148,
    "mp-1102285": 3.9350779057,
    "mp-1227567": 74.1447372437,
    "mp-1220190": 2.7133181095000003,
    "mp-570084": 106.2160110474,
    "mp-17862": 80.1492538452,
    "mp-1190717": 0.2740080655,
    "mp-1217833": 10.1524143219,
    "mp-675779": 5.6952576637,
    "mp-27594": 25.7737731934,
    "mp-1218158": 4.8851037025,
    "mp-28140": 28.2443943024,
    "mp-766345": 0.9277318120000001,
    "agm002183415": 50.9923973083,
    "agm003160554": 65.7388763428,
    "agm002205907": 67.2956771851,
    "agm002233584": 6.9803309441,
    "agm003227564": -0.043302252900000004,
    "agm002793928": 15.9197301865,
    "mp-781710": 21.6975917816,
    "mp-1227011": 30.9151630402,
    "mp-1216863": 10.2818689346,
    "agm002135972": 29.2305011749,
    "agm003234420": 5.5086102486,
    "agm002218325": 50.6667861938,
    "mp-1216132": 4.1839079857,
    "mp-779863": 6.4865927696,
    "mp-38103": 0.9398339391,
    "mp-29362": 6.0979909897,
    "mp-1019715": 0.6982310414,
    "agm002054632": 36.8280067444,
    "mp-1204358": 0.2108424157,
    "mp-1105300": 29.6170825958,
    "mp-1228823": 22.6930446625,
    "mp-15833": 3.4023125172,
    "mp-1103351": 9.8395957947,
    "mp-24402": -0.0031563798000000002,
    "mp-1095543": 0.0431683511,
    "mp-1188121": 0.6657097936,
    "mp-625521": 0.3090498745,
    "mp-23560": 4.0331130028,
    "mp-1227994": 1.7441809177,
    "mp-1079609": 1.4539749622,
    "mp-1192126": 1.9587833881,
    "agm002197344": 10.8621435165,
    "agm002177947": 25.9663314819,
    "mp-696347": 0.2548153698,
    "mp-1147693": 8.1336679459,
    "agm002156258": 0.38602474330000003,
    "mp-772748": 0.1991560906,
    "mp-1029422": 16.1448631287,
    "mp-1120718": 9.7151851654,
    "mp-1227036": -0.2117173225,
    "mp-1194520": 1.900301218,
    "mp-1218006": 11.4683322906,
    "mp-1220913": 2.3266308308,
    "mp-1223822": 0.0651238412,
    "mp-1147725": 8.5557975769,
    "mp-984766": 0.5040038228,
    "mp-1210722": 3.2225067616,
    "agm003263235": 3.558709383,
    "agm002215982": 0.7941773534000001,
    "mp-568968": 33.0459785461,
    "mp-27313": -0.5581480861,
    "mp-556024": 0.2981980145,
    "mp-28020": 4.2224898338,
    "mp-1229086": 2.1574499607,
    "mp-772875": 3.997371912,
    "agm002363904": 1.3154509068,
    "mp-1223536": 15.9373092651,
    "mp-1147697": 7.3831377029,
    "mp-23887": 0.2455237359,
    "mp-18609": 45.841091156,
    "agm002848041": 3.4965927601,
    "agm002133608": 2.9889652729,
    "agm003268240": 71.9714050293,
    "mp-1198890": 2.2900183201,
    "agm003200486": 0.0507338494,
    "mp-1096810": 7.6810073853,
    "mp-1105127": 65.6276473999,
    "mp-1216944": 16.3703899384,
    "mp-555915": 1.7138340473,
    "mp-776259": 3.0029156208,
    "agm002133663": 1.8178465366,
    "agm002790067": 36.9576377869,
    "agm002162961": 16.5800018311,
    "mp-767604": 19.5256919861,
    "agm003445531": 3.8822844028,
    "agm003206623": 1.8983309269,
    "mp-1227366": 8.9547538757,
    "agm005543540": 3.2144720554,
    "agm2000012572": 0.006530090200000001,
    "agm002205114": 67.8361282349,
    "agm003046706": 5.5762610435,
    "agm004786073": 3.8739197254,
    "agm003445638": 3.6465809345,
    "agm002149208": 0.42700222130000004,
    "agm2000022161": -0.23164530100000003,
    "agm2000001840": 1.1619045734,
    "agm002158429": 3.2429554462,
    "agm004751295": 0.597070992,
    "agm005848257": 1.5093958378,
    "agm2000081842": -0.0905720741,
    "agm004879066": 1.5539953709,
    "agm001347560": 126.2991104126,
    "agm2000086862": 0.8433983922,
    "agm002102214": 0.9191268086000001,
    "mp-23807": 0.4507735074,
    "agm004954137": 9.1136608124,
    "agm004785400": 16.2938327789,
    "agm001234439": 5.3923926353,
    "agm2000011096": 0.0464899987,
    "agm2000002067": 0.1569598168,
    "agm003716707": 0.617969811,
    "mp-554918": 0.28330639,
    "agm005769896": 65.1008300781,
    "agm005698720": 4.1333975792,
    "agm004956590": 0.020430848,
    "agm006124765": 35.1379623413,
    "mp-1202153": 14.8309469223,
    "mp-23914": 0.3613798916,
    "agm002073747": 0.5765135884,
    "agm004442672": 4.6717572212,
    "agm004929360": 1.0088474751,
    "agm003267560": 11.846991539,
    "agm002171920": 18.8305702209,
    "mp-1215297": 14.0044221878,
    "agm2000005425": -0.023813918200000003,
    "agm004957147": 0.14421682060000002,
    "agm005723638": 23.9984493256,
    "mp-1080058": 12.1663293839,
    "agm004954098": 7.2788610458,
    "agm005069643": 5.1071801186,
    "agm002153441": 0.5648873448,
    "agm003220800": 1.6527979374,
    "agm005849998": 59.317943573,
    "agm002138386": -0.049704268600000004,
    "agm004788917": 4.5101332664000005,
    "agm2000128635": 0.32284954190000004,
    "agm2000015113": 18.2995529175,
    "agm002861773": 9.1897535324,
    "agm004852876": 11.0686445236,
    "mp-1215966": 10.3323163986,
    "agm005607967": 0.4287846386,
    "agm1000019892": -0.31427451970000003,
    "agm003048415": 9.5099411011,
    "agm2000139348": 0.6240828633000001,
    "agm002158908": 22.350687027,
    "agm002041688": 12.00253582,
    "agm005049826": 2.1702682972,
    "mp-35799": 5.0248532295,
    "agm002072314": 3.3779652119,
    "agm002147787": 0.0675814599,
    "agm005408965": 0.9567130208,
    "mp-15840": 0.2180121392,
    "agm005839737": 0.8236783147000001,