{
  "predictions": {
    "mp-21892": 0.038,
    "mp-8070": 0.5,
    "mp-558491": 0.9,
    "mp-632684": 0.053,
    "mp-23329": 5.62,
    "mp-555150": 0.038218,
    "mp-6564": 0.052,
    "mp-18578": 4.5,
    "mp-760755": 0.842,
    "mp-28456": 13.5,
    "mp-4779": 0.759,
    "mp-6268": 5.12,
    "mp-706621": 2.0,
    "mp-559057": 0.932,
    "mp-24468": 0.03858,
    "mp-1778": 0.5,
    "mp-2176": 89.663214,
    "mp-22909": 0.035,
    "mp-4187": 0.03858,
    "mp-10341": 0.082648,
    "mp-9844": 1.5,
    "mp-5784": 6.2,
    "mp-20694": 1.526412,
    "mp-9066": 1.2,
    "mp-6126": 1.1,
    "mp-632229": 0.05,
    "mp-12177": 0.038,
    "mp-21521": 0.03858,
    "mp-1287": 0.038218,
    "mp-756044": 0.8,
    "mp-754712": 0.041,
    "mp-4812": 0.0,
    "mp-18168": 1.5,
    "mp-23866": 0.012,
    "mp-558085": 0.036218,
    "mp-230": 0.5,
    "mp-505702": 0.082648,
    "mp-559065": 1.5,
    "mp-559545": 0.03858,
    "mp-549720": 0.038,
    "mp-561385": 0.385,
    "mp-13666": 0.082648,
    "mp-14444": 0.05,
    "mp-1550": 0.5,
    "mp-2469": 2.5,
    "mp-31451": 0.052,
    "mp-1023924": 0.025,
    "mp-1100395": 0.048,
    "mp-961682": 0.045,
    "mp-38011": 0.04,
    "mp-30847": 0.04,
    "mp-8884": 0.8,
    "mp-1017534": 0.03858,
    "mp-6980": 0.038,
    "mp-560588": 2.5,
    "mp-4524": 89.663214,
    "mp-4514": 0.512,
    "mp-11714": 10.0,
    "mp-1180133": 1.087066,
    "mp-675161": 0.05,
    "mp-983327": 0.5,
    "mp-1225884": 1.5,
    "mp-1219554": 3.5,
    "mp-1196457": 0.08,
    "mp-560894": 0.035,
    "mp-1196282": 0.042,
    "mp-1222122": 0.783,
    "mp-1219328": 0.03858,
    "mp-1227014": 84.0,
    "mp-1222205": 0.122,
    "mp-1227124": 0.055,
    "mp-1102285": 0.035,
    "mp-1227389": 0.012,
    "mp-1180688": 0.035272,
    "mp-1399519": 0.58,
    "mp-1227110": 0.79,
    "mp-1079676": 2.363,
    "mp-24705": 0.038218,
    "mp-1516294": 0.04,
    "mp-1228342": 3.5,
    "mp-17862": 0.038,
    "mp-504952": 2.8,
    "mp-1222589": 5.71,
    "mp-1223849": 0.053,
    "mp-6524": 0.075,
    "mp-1208039": 7.013,
    "mp-625175": 0.045,
    "mp-1219000": 0.8,
    "mp-532424": 0.03,
    "mp-1218099": 0.035,
    "agm002306806": 0.04,
    "agm003160552": 0.036,
    "agm003202328": 0.035,
    "agm002353946": 0.05,
    "agm002278924": 0.038218,
    "agm002381637": 2.5,
    "agm003225028": 6.5,
    "agm003202410": 0.015,
    "agm003230659": 0.05,
    "agm003128264": 0.038,
    "mp-781710": 0.5,
    "mp-1227011": 3.051163,
    "mp-1216118": 2.5,
    "agm002166075": 0.5,
    "agm002135972": 0.5,
    "mp-3267": 15.272,
    "agm002224865": 23.485,
    "agm002347507": 0.036,
    "agm003157565": 0.5,
    "mp-1216100": 0.038,
    "mp-1195571": 0.25,
    "mp-780232": 0.065,
    "agm002018869": 5.8,
    "agm002140778": 0.03858,
    "agm002041336": 0.5,
    "agm003219193": 0.026,
    "mp-1228160": 5.85,
    "mp-1223489": 0.035272,
    "mp-1221169": 0.112,
    "mp-4431": 88.0,
    "mp-8393": 6.5,
    "mp-1105300": 0.035,
    "mp-36066": 0.03858,
    "mp-1103351": 0.2,
    "mp-1103228": 0.12,
    "mp-1029368": 42.5,
    "mp-1217825": 0.082648,
    "mp-1029633": 0.872,
    "agm002147818": 0.05,
    "agm003248171": 0.035,
    "mp-1223526": 0.051,
    "agm002153139": 0.03858,
    "mp-239": 0.03858,
    "agm002137320": 0.172,
    "mp-1079609": 3.2,
    "mp-558219": 0.073,
    "mp-555202": 1.5,
    "mp-1216976": 6.5,
    "mp-626172": 0.035,
    "agm002156258": 5.5,
    "mp-772748": 0.051,
    "agm002237467": 0.038218,
    "mp-1223389": 3.824,
    "agm002155430": 1.234,
    "mp-9427": 0.021,
    "mp-1225916": 0.03858,
    "agm003237859": 0.043,
    "agm002156600": 0.01,
    "mp-1221971": 0.012,
    "mp-1220913": 0.539,
    "agm002237807": 0.038,
    "mp-1221578": 0.082648,
    "mp-1191266": 0.03858,
    "mp-1205304": 0.082648,
    "mp-1218334": 3.5,
    "agm002215982": 0.756,
    "mp-559752": 0.0,
    "mp-1215642": 0.5,
    "agm002813663": 3.54,
    "mp-1247873": 0.03858,
    "mp-1194479": 0.015,
    "mp-558521": 0.045,
    "agm003213121": 4.5,
    "agm002286033": 2.152836,
    "agm002297812": 4.8,
    "mp-1147697": 2.0,
    "mp-29157": 0.010081,
    "mp-558277": 0.08,
    "agm003200486": 0.042,
    "agm002157245": 16.7,
    "mp-1370": 0.039,
    "mp-555915": 0.03858,
    "mp-776226": 0.082648,
    "agm002138671": 0.95,
    "agm002790067": 0.972815,
    "agm002163280": 2.1,
    "mp-532444": 0.053214,
    "agm002177957": 0.573,
    "agm006045098": 1.834162,
    "agm002205114": 0.1,
    "agm2000005406": 0.05,
    "agm002184995": 0.01,
    "agm003235252": 2.5,
    "agm002178912": 0.125,
    "agm002115629": 5.6,
    "agm003206267": 23.65,
    "agm004739450": 0.045,
    "agm003705731": 0.5,
    "agm005112928": 2.5,
    "agm005722808": 0.75,
    "agm2000126920": 0.05,
    "agm2000137141": 4.582,
    "agm005848675": 0.035,
    "mp-2802611": 0.05,
    "agm002158085": 0.5,
    "agm005545163": 0.03858,
    "agm005056300": 2.5,
    "agm004786326": 1.5,
    "agm003048447": 0.5,
    "agm002102212": 0.04,
    "agm001234439": 0.045,
    "agm002056302": 0.52,
    "agm002137665": 0.03858,
    "agm003555711": 0.158,
    "mp-554918": 0.043,
    "mp-570756": 0.55,
    "agm001375463": 0.010081,
    "agm005208831": 0.2,
    "mp-4452": 0.045,
    "agm005882616": 0.03858,
    "agm2000001907": 0.05,
    "agm005721583": 3.45,
    "agm001281942": 0.041,
    "agm003267560": 0.5,
    "agm004773887": 0.045,
    "agm004852816": 0.085,
    "agm006020719": 0.035,
    "agm004957157": 0.5,
    "agm003112540": 2.50235,
    "agm002293392": 2.705,
    "agm005785567": 0.038,
    "agm004948831": 0.12,
    "agm004787350": 0.831,
    "agm005954902": 2.15,
    "agm005199361": 0.045,
    "agm2000035672": 0.03858,
    "agm002032016": 0.5,
    "agm005180377": 1.422,
    "agm002176403": 0.039,
    "agm002182720": 135.762354,
    "agm002161194": 0.035,
    "agm2000136656": 1.2,
    "agm005882580": 0.5,
    "agm002074653": 0.01,
    "agm003561427": 0.035,
    "mp-1208179": 0.043267,
    "agm002078874": 2.5,
    "agm004949939": 7.5,
    "agm002017294": 1.5,
    "mp-556157": 0.510433,
    "mp-2720358": 23.5,
    "agm002041315": 0.5,
    "agm003469328": 0.5,
    "agm005072178": 0.457,
    "agm001037983": 0.042,
    "mp-1219050": 15.832413,
    "agm005664742": 0.01,
    "agm004773455": 0.458,
    "agm005071058": 2.5,
    "mp-4122": 0.65
  },
  "metrics": {
    "mae": 14.469606114987778,
    "rmse": 31.274651120194385
  },