{
  "predictions": {
    "mp-21892": 5.73,
    "mp-8070": 0.12,
    "mp-558491": 0.015,
    "mp-632684": 0.5,
    "mp-23329": 2.459,
    "mp-555150": 0.445,
    "mp-6564": 0.082648,
    "mp-18578": 2.5,
    "mp-760755": 0.05,
    "mp-28456": 12.975536,
    "mp-4779": 0.01,
    "mp-6268": 2.119,
    "mp-706621": 0.038,
    "mp-559057": 0.038218,
    "mp-24468": 0.038218,
    "mp-1778": 0.082648,
    "mp-2176": 0.082648,
    "mp-22909": 6.5,
    "mp-4187": 0.524,
    "mp-10341": 0.045,
    "mp-9844": 2.132875,
    "mp-5784": 1.25,
    "mp-20694": 0.042,
    "mp-9066": 0.453,
    "mp-6126": 1.075,
    "mp-632229": 0.03,
    "mp-12177": 0.038218,
    "mp-21521": 0.045,
    "mp-1287": 0.08,
    "mp-756044": 0.049,
    "mp-754712": 0.015,
    "mp-4812": 0.082648,
    "mp-18168": 2.346,
    "mp-23866": 0.512,
    "mp-558085": 0.042,
    "mp-230": 0.038,
    "mp-505702": 0.035,
    "mp-559065": 0.08,
    "mp-559545": 2.5,
    "mp-549720": 8.5,
    "mp-561385": 0.25,
    "mp-13666": 1.5,
    "mp-14444": 0.082648,
    "mp-1550": 0.082648,
    "mp-2469": 0.082648,
    "mp-31451": 0.065,
    "mp-1023924": 0.05,
    "mp-1100395": 0.08,
    "mp-961682": 0.08,
    "mp-38011": 0.045,
    "mp-30847": 0.082648,
    "mp-8884": 30.124,
    "mp-1017534": 0.05,
    "mp-6980": 0.041,
    "mp-560588": 2.5,
    "mp-4524": 81.563212,
    "mp-4514": 3.142,
    "mp-11714": 1.23,
    "mp-1180133": 0.054,
    "mp-675161": 0.05,
    "mp-983327": 0.045,
    "mp-1225884": 0.05,
    "mp-1219554": 22.630194,
    "mp-1196457": 4.025,
    "mp-560894": 0.0388,
    "mp-1196282": 0.035,
    "mp-1222122": 5.2,
    "mp-1219328": 0.2,
    "mp-1227014": 2.345,
    "mp-1222205": 0.03858,
    "mp-1227124": 0.045,
    "mp-1102285": 1.236,
    "mp-1227389": 0.5,
    "mp-1180688": 0.05,
    "mp-1399519": 2.5,
    "mp-1227110": 3.412,
    "mp-1079676": 0.056,
    "mp-24705": 0.027,
    "mp-1516294": 0.082648,
    "mp-1228342": 2.5,
    "mp-17862": 0.08,
    "mp-504952": 1.5,
    "mp-1222589": 0.012,
    "mp-1223849": 0.05,
    "mp-6524": 2.345,
    "mp-1208039": 0.04,
    "mp-625175": 0.038218,
    "mp-1219000": 0.08,
    "mp-532424": 0.5,
    "mp-1218099": 6.5,
    "agm002306806": 0.038,
    "agm003160552": 0.05,
    "agm003202328": 0.08,
    "agm002353946": 6.2,
    "agm002278924": 0.04,
    "agm002381637": 15.342,
    "agm003225028": 0.038218,
    "agm003202410": 0.082648,
    "agm003230659": 0.5,
    "agm003128264": 2.564321,
    "mp-781710": 0.55,
    "mp-1227011": 0.085,
    "mp-1216118": 0.01,
    "agm002166075": 0.08,
    "agm002135972": 0.038,
    "mp-3267": 0.080344,
    "agm002224865": 0.081,
    "agm002347507": 120.67,
    "agm003157565": 0.082648,
    "mp-1216100": 2.345,
    "mp-1195571": 0.275,
    "mp-780232": 0.5,
    "agm002018869": 0.5,
    "agm002140778": 0.089,
    "agm002041336": 0.313,
    "agm003219193": 0.5,
    "mp-1228160": 0.583,
    "mp-1223489": 0.034,
    "mp-1221169": 2.5,
    "mp-4431": 8.932117,
    "mp-8393": 12.0,
    "mp-1105300": 3.5,
    "mp-36066": 5.25,
    "mp-1103351": 0.015,
    "mp-1103228": 0.082648,
    "mp-1029368": 0.018,
    "mp-1217825": 5.3,
    "mp-1029633": 10.879,
    "agm002147818": 0.05,
    "agm003248171": 0.005,
    "mp-1223526": 9.135,
    "agm002153139": 1.5,
    "mp-239": 4.58,
    "agm002137320": 0.524,
    "mp-1079609": 0.5,
    "mp-558219": 1.834162,
    "mp-555202": 1.2,
    "mp-1216976": 2.147529,
    "mp-626172": 0.093,
    "agm002156258": 0.035272,
    "mp-772748": 2.344463,
    "agm002237467": 0.735,
    "mp-1223389": 0.038218,
    "agm002155430": 6.5,
    "mp-9427": 0.032,
    "mp-1225916": 0.5,
    "agm003237859": 0.050321,
    "agm002156600": 0.082648,
    "mp-1221971": 0.010081,
    "mp-1220913": 5.0,
    "agm002237807": 0.035,
    "mp-1221578": 0.732,
    "mp-1191266": 0.032,
    "mp-1205304": 0.043,
    "mp-1218334": 0.05,
    "agm002215982": 0.5,
    "mp-559752": 0.038218,
    "mp-1215642": 0.85,
    "agm002813663": 0.982,
    "mp-1247873": 0.05,
    "mp-1194479": 0.057,
    "mp-558521": 0.035272,
    "agm003213121": 0.075,
    "agm002286033": 0.458,
    "agm002297812": 0.038,
    "mp-1147697": 0.03,
    "mp-29157": 0.432,
    "mp-558277": 2.314442,
    "agm003200486": 0.01,
    "agm002157245": 91.0,
    "mp-1370": 0.054322,
    "mp-555915": 0.038,
    "mp-776226": 0.12,
    "agm002138671": 70.0,
    "agm002790067": 12.5,
    "agm002163280": 89.663214,
    "mp-532444": 0.010081,
    "agm002177957": 0.682,
    "agm006045098": 1.2,
    "agm002205114": 0.03858,
    "agm2000005406": 0.7,
    "agm002184995": 0.035,
    "agm003235252": 0.05,
    "agm002178912": 2.134,
    "agm002115629": 0.05,
    "agm003206267": 12.635,
    "agm004739450": 0.042,
    "agm003705731": 0.03,
    "agm005112928": 0.03863,
    "agm005722808": 0.03858,
    "agm2000126920": 0.08,
    "agm2000137141": 5.62,
    "agm005848675": 0.05,
    "mp-2802611": 0.01,
    "agm002158085": 1.542,
    "agm005545163": 0.05,
    "agm005056300": 0.083,
    "agm004786326": 95.0,
    "agm003048447": 0.038218,
    "agm002102212": 0.035272,
    "agm001234439": 0.5,
    "agm002056302": 0.045,
    "agm002137665": 0.370011,
    "agm003555711": 0.12,
    "mp-554918": 0.435,
    "mp-570756": 0.5,
    "agm001375463": 0.083,
    "agm005208831": 0.041,
    "mp-4452": 0.082648,
    "agm005882616": 1.0,
    "agm2000001907": 0.05,
    "agm005721583": 0.03858,
    "agm001281942": 0.5,
    "agm003267560": 0.1,
    "agm004773887": 4.5,
    "agm004852816": 0.046,
    "agm006020719": 0.082648,
    "agm004957157": 0.05,
    "agm003112540": 1.5,
    "agm002293392": 67.5,
    "agm005785567": 0.0,
    "agm004948831": 0.015,
    "agm004787350": 3.562,
    "agm005954902": 0.732,
    "agm005199361": 0.5,
    "agm2000035672": 0.084,
    "agm002032016": 0.051,
    "agm005180377": 0.5,
    "agm002176403": 0.035,
    "agm002182720": 8.0,
    "agm002161194": 0.045,
    "agm2000136656": 0.03858,
    "agm005882580": 0.05,
    "agm002074653": 0.05,
    "agm003561427": 0.731,
    "mp-1208179": 3.276,
    "agm002078874": 0.5,
    "agm004949939": 6.5,
    "agm002017294": 45.0,
    "mp-556157": 1.426555,
    "mp-2720358": 0.042,
    "agm002041315": 0.046,
    "agm003469328": 0.012,
    "agm005072178": 0.02,
    "agm001037983": 0.01,
    "mp-1219050": 0.01,
    "agm005664742": 0.035,
    "agm004773455": 0.083,
    "agm005071058": 0.025,
    "mp-4122": 1.012
  },
  "metrics": {
    "mae": 15.583306214677883,
    "rmse": 33.204057211662345
  },