{
  "predictions": {
    "mp-983357": 2.2869317322961473,
    "mp-8377": 2.2869317322961473,
    "mp-18938": 2.2869317322961473,
    "mp-5854": 2.2869317322961473,
    "mp-23778": 2.2869317322961473,
    "mp-19219": 2.2869317322961473,
    "mp-9197": 2.2869317322961473,
    "mp-553887": 2.2869317322961473,
    "mp-23407": 2.2869317322961473,
    "mp-555150": 2.2869317322961473,
    "mp-6062": 2.2869317322961473,
    "mp-863374": 2.2869317322961473,
    "mp-23363": 2.2869317322961473,
    "mp-23321": 2.2869317322961473,
    "mp-27755": 2.2869317322961473,
    "mp-3491": 2.2869317322961473,
    "mp-540634": 2.2869317322961473,
    "mp-557773": 2.2869317322961473,
    "mp-559961": 2.2869317322961473,
    "mp-556966": 2.2869317322961473,
    "mp-7324": 2.2869317322961473,
    "mp-622018": 2.2869317322961473,
    "mp-29305": 2.2869317322961473,
    "mp-639714": 2.2869317322961473,
    "mp-24118": 2.2869317322961473,
    "mp-555203": 2.2869317322961473,
    "mp-706621": 2.2869317322961473,
    "mp-16792": 2.2869317322961473,
    "mp-639506": 2.2869317322961473,
    "mp-5020": 2.2869317322961473,
    "mp-3589": 2.2869317322961473,
    "mp-28264": 2.2869317322961473,
    "mp-570136": 2.2869317322961473,
    "mp-862539": 2.2869317322961473,
    "mp-696946": 2.2869317322961473,
    "mp-27726": 2.2869317322961473,
    "mp-30530": 2.2869317322961473,
    "mp-626620": 2.2869317322961473,
    "mp-2691": 2.2869317322961473,
    "mp-21521": 2.2869317322961473,
    "mp-4690": 2.2869317322961473,
    "mp-756570": 2.2869317322961473,
    "mp-28918": 2.2869317322961473,
    "mp-754585": 2.2869317322961473,
    "mp-27914": 2.2869317322961473,
    "mp-29910": 2.2869317322961473,
    "mp-14367": 2.2869317322961473,
    "mp-557027": 2.2869317322961473,
    "mp-29525": 2.2869317322961473,
    "mp-23866": 2.2869317322961473,
    "mp-29524": 2.2869317322961473,
    "mp-559065": 2.2869317322961473,
    "mp-551629": 2.2869317322961473,
    "mp-9064": 2.2869317322961473,
    "mp-13666": 2.2869317322961473,
    "mp-14444": 2.2869317322961473,
    "mp-685145": 2.2869317322961473,
    "mp-830": 2.2869317322961473,
    "mp-31451": 2.2869317322961473,
    "mp-30847": 2.2869317322961473,
    "mp-36111": 2.2869317322961473,
    "mp-1184046": 2.2869317322961473,
    "mp-1215430": 2.2869317322961473,
    "mp-1017534": 2.2869317322961473,
    "mp-1018093": 2.2869317322961473,
    "mp-1008556": 2.2869317322961473,
    "mp-4524": 2.2869317322961473,
    "mp-10572": 2.2869317322961473,
    "mp-7582": 2.2869317322961473,
    "mp-22965": 2.2869317322961473,
    "mp-4586": 2.2869317322961473,
    "mp-1193269": 2.2869317322961473,
    "mp-1101862": 2.2869317322961473,
    "mp-1097061": 2.2869317322961473,
    "mp-998623": 2.2869317322961473,
    "mp-1028576": 2.2869317322961473,
    "mp-672118": 2.2869317322961473,
    "mp-1215418": 2.2869317322961473,
    "mp-23173": 2.2869317322961473,
    "mp-863755": 2.2869317322961473,
    "mp-1221954": 2.2869317322961473,
    "mp-1300570": 2.2869317322961473,
    "mp-1210659": 2.2869317322961473,
    "mp-554560": 2.2869317322961473,
    "mp-15776": 2.2869317322961473,
    "mp-28873": 2.2869317322961473,
    "mp-1102285": 2.2869317322961473,
    "mp-1227567": 2.2869317322961473,
    "mp-1220190": 2.2869317322961473,
    "mp-570084": 2.2869317322961473,
    "mp-17862": 2.2869317322961473,
    "mp-1190717": 2.2869317322961473,
    "mp-1217833": 2.2869317322961473,
    "mp-675779": 2.2869317322961473,
    "mp-27594": 2.2869317322961473,
    "mp-1218158": 2.2869317322961473,
    "mp-28140": 2.2869317322961473,
    "mp-766345": 2.2869317322961473,
    "agm002183415": 2.2869317322961473,
    "agm003160554": 2.2869317322961473,
    "agm002205907": 2.2869317322961473,
    "agm002233584": 2.2869317322961473,
    "agm003227564": 2.2869317322961473,
    "agm002793928": 2.2869317322961473,
    "mp-781710": 2.2869317322961473,
    "mp-1227011": 2.2869317322961473,
    "mp-1216863": 2.2869317322961473,
    "agm002135972": 2.2869317322961473,
    "agm003234420": 2.2869317322961473,
    "agm002218325": 2.2869317322961473,
    "mp-1216132": 2.2869317322961473,
    "mp-779863": 2.2869317322961473,
    "mp-38103": 2.2869317322961473,
    "mp-29362": 2.2869317322961473,
    "mp-1019715": 2.2869317322961473,
    "agm002054632": 2.2869317322961473,
    "mp-1204358": 2.2869317322961473,
    "mp-1105300": 2.2869317322961473,
    "mp-1228823": 2.2869317322961473,
    "mp-15833": 2.2869317322961473,
    "mp-1103351": 2.2869317322961473,
    "mp-24402": 2.2869317322961473,
    "mp-1095543": 2.2869317322961473,
    "mp-1188121": 2.2869317322961473,
    "mp-625521": 2.2869317322961473,
    "mp-23560": 2.2869317322961473,
    "mp-1227994": 2.2869317322961473,
    "mp-1079609": 2.2869317322961473,
    "mp-1192126": 2.2869317322961473,
    "agm002197344": 2.2869317322961473,
    "agm002177947": 2.2869317322961473,
    "mp-696347": 2.2869317322961473,
    "mp-1147693": 2.2869317322961473,
    "agm002156258": 2.2869317322961473,
    "mp-772748": 2.2869317322961473,
    "mp-1029422": 2.2869317322961473,
    "mp-1120718": 2.2869317322961473,
    "mp-1227036": 2.2869317322961473,
    "mp-1194520": 2.2869317322961473,
    "mp-1218006": 2.2869317322961473,
    "mp-1220913": 2.2869317322961473,
    "mp-1223822": 2.2869317322961473,
    "mp-1147725": 2.2869317322961473,
    "mp-984766": 2.2869317322961473,
    "mp-1210722": 2.2869317322961473,
    "agm003263235": 2.2869317322961473,
    "agm002215982": 2.2869317322961473,
    "mp-568968": 2.2869317322961473,
    "mp-27313": 2.2869317322961473,
    "mp-556024": 2.2869317322961473,
    "mp-28020": 2.2869317322961473,
    "mp-1229086": 2.2869317322961473,
    "mp-772875": 2.2869317322961473,
    "agm002363904": 2.2869317322961473,
    "mp-1223536": 2.2869317322961473,
    "mp-1147697": 2.2869317322961473,
    "mp-23887": 2.2869317322961473,
    "mp-18609": 2.2869317322961473,
    "agm002848041": 2.2869317322961473,
    "agm002133608": 2.2869317322961473,
    "agm003268240": 2.2869317322961473,
    "mp-1198890": 2.2869317322961473,
    "agm003200486": 2.2869317322961473,
    "mp-1096810": 2.2869317322961473,
    "mp-1105127": 2.2869317322961473,
    "mp-1216944": 2.2869317322961473,
    "mp-555915": 2.2869317322961473,
    "mp-776259": 2.2869317322961473,
    "agm002133663": 2.2869317322961473,
    "agm002790067": 2.2869317322961473,
    "agm002162961": 2.2869317322961473,
    "mp-767604": 2.2869317322961473,
    "agm003445531": 2.2869317322961473,
    "agm003206623": 2.2869317322961473,
    "mp-1227366": 2.2869317322961473,
    "agm005543540": 2.2869317322961473,
    "agm2000012572": 2.2869317322961473,
    "agm002205114": 2.2869317322961473,
    "agm003046706": 2.2869317322961473,
    "agm004786073": 2.2869317322961473,
    "agm003445638": 2.2869317322961473,
    "agm002149208": 2.2869317322961473,
    "agm2000022161": 2.2869317322961473,
    "agm2000001840": 2.2869317322961473,
    "agm002158429": 2.2869317322961473,
    "agm004751295": 2.2869317322961473,
    "agm005848257": 2.2869317322961473,
    "agm2000081842": 2.2869317322961473,
    "agm004879066": 2.2869317322961473,
    "agm001347560": 2.2869317322961473,
    "agm2000086862": 2.2869317322961473,
    "agm002102214": 2.2869317322961473,
    "mp-23807": 2.2869317322961473,
    "agm004954137": 2.2869317322961473,
    "agm004785400": 2.2869317322961473,
    "agm001234439": 2.2869317322961473,
    "agm2000011096": 2.2869317322961473,
    "agm2000002067": 2.2869317322961473,
    "agm003716707": 2.2869317322961473,
    "mp-554918": 2.2869317322961473,
    "agm005769896": 2.2869317322961473,
    "agm005698720": 2.2869317322961473,
    "agm004956590": 2.2869317322961473,
    "agm006124765": 2.2869317322961473,
    "mp-1202153": 2.2869317322961473,
    "mp-23914": 2.2869317322961473,
    "agm002073747": 2.2869317322961473,
    "agm004442672": 2.2869317322961473,
    "agm004929360": 2.2869317322961473,
    "agm003267560": 2.2869317322961473,
    "agm002171920": 2.2869317322961473,