{
  "predictions": {
    "mp-21892": 1.72,
    "mp-8070": 6.2,
    "mp-558491": 1.742,
    "mp-632684": 1.63,
    "mp-23329": 2.722,
    "mp-555150": 4.04,
    "mp-6564": 0.03,
    "mp-18578": 2.13,
    "mp-760755": 1.62,
    "mp-28456": 0.04829522629673422,
    "mp-4779": 7.323,
    "mp-6268": 0.23,
    "mp-706621": 6.6,
    "mp-559057": 2.33,
    "mp-24468": 0.62,
    "mp-1778": 1.064,
    "mp-2176": 2.26,
    "mp-22909": 4.56,
    "mp-4187": 2.22,
    "mp-10341": 4.1,
    "mp-9844": 1.64,
    "mp-5784": 3.146,
    "mp-20694": 0.046,
    "mp-9066": 1.537,
    "mp-6126": 2.328,
    "mp-632229": 2.216,
    "mp-12177": 4.15,
    "mp-21521": 0.028,
    "mp-1287": 2.26,
    "mp-756044": 0.78,
    "mp-754712": 0.13,
    "mp-4812": 2.32,
    "mp-18168": 2.98,
    "mp-23866": 4.8,
    "mp-558085": 4.887,
    "mp-230": 2.0764,
    "mp-505702": 2.34,
    "mp-559065": 2.12,
    "mp-559545": 3.196,
    "mp-549720": 2.22,
    "mp-561385": 2.12,
    "mp-13666": 3.06,
    "mp-14444": 2.64,
    "mp-1550": 1.584,
    "mp-2469": 2.4875,
    "mp-31451": 0.14,
    "mp-1023924": 0.082,
    "mp-1100395": 3.4,
    "mp-961682": 0.38,
    "mp-38011": 1.75,
    "mp-30847": 0.34,
    "mp-8884": 2.67,
    "mp-1017534": 2.5375,
    "mp-6980": 0.13,
    "mp-560588": 2.3878,
    "mp-4524": 2.9842,
    "mp-4514": 2.2847,
    "mp-11714": 2.4288,
    "mp-1180133": 0.21,
    "mp-675161": 1.74,
    "mp-983327": 6.82,
    "mp-1225884": 0.77,
    "mp-1219554": 2.36,
    "mp-1196457": 7.32,
    "mp-560894": 4.875,
    "mp-1196282": 2.36,
    "mp-1222122": 2.2,
    "mp-1219328": 0.523,
    "mp-1227014": 2.16,
    "mp-1222205": 2.55,
    "mp-1227124": 2.5,
    "mp-1102285": 1.542,
    "mp-1227389": 2.43,
    "mp-1180688": 0.21,
    "mp-1399519": 4.55,
    "mp-1227110": 0.026,
    "mp-1079676": 2.78,
    "mp-24705": 5.05,
    "mp-1516294": 0.15,
    "mp-1228342": 0.043,
    "mp-17862": 0.23,
    "mp-504952": 0.72,
    "mp-1222589": 4.67,
    "mp-1223849": 0.013783024,
    "mp-6524": 0.158766954,
    "mp-1208039": 4.14,
    "mp-625175": 4.82,
    "mp-1219000": 0.08,
    "mp-532424": 4.57,
    "mp-1218099": 2.26,
    "agm002306806": 0.26,
    "agm003160552": 0.43,
    "agm003202328": -2.23,
    "agm002353946": 0.7,
    "agm002278924": 0.366,
    "agm002381637": 0.484,
    "agm003225028": 0.12,
    "agm003202410": 0.062,
    "agm003230659": 0.15,
    "agm003128264": 2.226,
    "mp-781710": 2.22,
    "mp-1227011": 0.09,
    "mp-1216118": 2.38,
    "agm002166075": 0.66,
    "agm002135972": 0.686,
    "mp-3267": 0.72,
    "agm002224865": 2.68,
    "agm002347507": 2.61,
    "agm003157565": 7.34,
    "mp-1216100": 7.3,
    "mp-1195571": 1.907,
    "mp-780232": 0.72,
    "agm002018869": 2.2667,
    "agm002140778": 1.647,
    "agm002041336": 0.18,
    "agm003219193": 6.24,
    "mp-1228160": 3.987,
    "mp-1223489": 6.96,
    "mp-1221169": 2.46,
    "mp-4431": 2.4,
    "mp-8393": 2.18,
    "mp-1105300": 1.67,
    "mp-36066": 1.47,
    "mp-1103351": 2.85,
    "mp-1103228": 0.484,
    "mp-1029368": 2.47,
    "mp-1217825": 0.78,
    "mp-1029633": 1.92,
    "agm002147818": 0.334,
    "agm003248171": 1.35,
    "mp-1223526": 5.04,
    "agm002153139": 3.772,
    "mp-239": 2.52,
    "agm002137320": 0.0,
    "mp-1079609": 2.32,
    "mp-558219": 2.63,
    "mp-555202": 4.04,
    "mp-1216976": 0.68,
    "mp-626172": 0.727,
    "agm002156258": 4.86,
    "mp-772748": 0.17,
    "agm002237467": 2.29,
    "mp-1223389": 2.12,
    "agm002155430": 1.71,
    "mp-9427": 1.95,
    "mp-1225916": 1.52,
    "agm003237859": 1.625,
    "agm002156600": 2.42,
    "mp-1221971": 2.33,
    "mp-1220913": 2.22,
    "agm002237807": 2.23,
    "mp-1221578": 2.92,
    "mp-1191266": 0.9997,
    "mp-1205304": 0.07,
    "mp-1218334": 0.6,
    "agm002215982": 2.62,
    "mp-559752": 1.66,
    "mp-1215642": 2.24,
    "agm002813663": 2.4,
    "mp-1247873": 0.24,
    "mp-1194479": 5.041,
    "mp-558521": 3.31,
    "agm003213121": 0.0262,
    "agm002286033": 2.26,
    "agm002297812": 2.57,
    "mp-1147697": 2.77,
    "mp-29157": 0.17,
    "mp-558277": 0.15,
    "agm003200486": 7.34,
    "agm002157245": 2.586,
    "mp-1370": 0.286,
    "mp-555915": 1.835,
    "mp-776226": 0.72,
    "agm002138671": 1.67,
    "agm002790067": 1.86,
    "agm002163280": 5.3,
    "mp-532444": 0.03,
    "agm002177957": 2.64,
    "agm006045098": 1.634,
    "agm002205114": 0.71,
    "agm2000005406": 1.464,
    "agm002184995": 0.286,
    "agm003235252": 1.3,
    "agm002178912": 3.62,
    "agm002115629": 1.627,
    "agm003206267": 2.3229,
    "agm004739450": 1.46,
    "agm003705731": 0.28,
    "agm005112928": 1.62,
    "agm005722808": 4.26,
    "agm2000126920": 1.77,
    "agm2000137141": 2.43,
    "agm005848675": 0.23,
    "mp-2802611": 1.32,
    "agm002158085": 3.63,
    "agm005545163": 1.643,
    "agm005056300": 3.62,
    "agm004786326": 3.62,
    "agm003048447": 2.51,
    "agm002102212": 2.0264,
    "agm001234439": 2.12,
    "agm002056302": 1.6663,
    "agm002137665": 1.427,
    "agm003555711": 4.85,
    "mp-554918": 7.4,
    "mp-570756": 1.34,
    "agm001375463": 0.54,
    "agm005208831": 0.73,
    "mp-4452": 3.4,
    "agm005882616": 0.72,
    "agm2000001907": 4.72,
    "agm005721583": 2.125,
    "agm001281942": 4.83,
    "agm003267560": 0.09,
    "agm004773887": 2.36,
    "agm004852816": 3.26,
    "agm006020719": 1.46,
    "agm004957157": 16.3,
    "agm003112540": 2.1,
    "agm002293392": 2.62,
    "agm005785567": 2.36,
    "agm004948831": 2.26,
    "agm004787350": 0.049999999999999996,
    "agm005954902": 0.32,
    "agm005199361": 0.5,
    "agm2000035672": 0.074948764,
    "agm002032016": 3.36,
    "agm005180377": 1.8475,
    "agm002176403": 3.566782704,
    "agm002182720": 2.42,
    "agm002161194": 4.05,
    "agm2000136656": 2.636,
    "agm005882580": 2.0,
    "agm002074653": 3.71,
    "agm003561427": 1.92,
    "mp-1208179": 5.04,
    "agm002078874": 10.7,
    "agm004949939": 0.0,
    "agm002017294": 0.64,
    "mp-556157": 2.03,
    "mp-2720358": 0.1172,
    "agm002041315": 3.09,
    "agm003469328": 0.53,
    "agm005072178": 7.24,
    "agm001037983": 0.33,
    "mp-1219050": 0.13,
    "agm005664742": 2.12,
    "agm004773455": 1.84,
    "agm005071058": 0.273,
    "mp-4122": 3.926
  },
  "metrics": {
    "mae": 14.822624613421544,
    "rmse": 31.370870669123047
  }
}