{
  "predictions": {
    "mp-21892": 1.73,
    "mp-8070": 6.22,
    "mp-558491": 1.634,
    "mp-632684": 1.628,
    "mp-23329": 2.29,
    "mp-555150": 1.078,
    "mp-6564": 0.129,
    "mp-18578": 2.15,
    "mp-760755": 0.129,
    "mp-28456": 0.092,
    "mp-4779": 7.32,
    "mp-6268": 3.62,
    "mp-706621": 4.7,
    "mp-559057": 3.23,
    "mp-24468": 4.82,
    "mp-1778": 1.386,
    "mp-2176": 4.4,
    "mp-22909": 0.0266,
    "mp-4187": 2.23,
    "mp-10341": 2.12,
    "mp-9844": 1.578,
    "mp-5784": 3.82,
    "mp-20694": 2.116,
    "mp-9066": -4.127,
    "mp-6126": 2.328,
    "mp-632229": -3.72,
    "mp-12177": 2.067,
    "mp-21521": 1.64,
    "mp-1287": 3.125,
    "mp-756044": -0.74,
    "mp-754712": 1.34,
    "mp-4812": 0.0,
    "mp-18168": 2.97,
    "mp-23866": 1.333,
    "mp-558085": 0.2972,
    "mp-230": 0.292406114,
    "mp-505702": 2.2667,
    "mp-559065": 2.12,
    "mp-559545": 4.82,
    "mp-549720": 2.22,
    "mp-561385": 2.3,
    "mp-13666": 3.36,
    "mp-14444": 2.44,
    "mp-1550": 1.546,
    "mp-2469": 2.44,
    "mp-31451": 0.13,
    "mp-1023924": 0.0382,
    "mp-1100395": 4.83,
    "mp-961682": 0.288,
    "mp-38011": 1.472,
    "mp-30847": 0.24,
    "mp-8884": 0.54,
    "mp-1017534": 0.269,
    "mp-6980": 0.136,
    "mp-560588": 1.535,
    "mp-4524": 0.284223425,
    "mp-4514": 0.132,
    "mp-11714": 0.1179,
    "mp-1180133": 0.24,
    "mp-675161": 1.73,
    "mp-983327": 4.82,
    "mp-1225884": 4.872,
    "mp-1219554": 2.36,
    "mp-1196457": 1.372,
    "mp-560894": 4.390192776,
    "mp-1196282": 1.333,
    "mp-1222122": 2.0293907832464324,
    "mp-1219328": 0.346,
    "mp-1227014": 1.82,
    "mp-1222205": 2.35,
    "mp-1227124": 2.5,
    "mp-1102285": 1.53,
    "mp-1227389": 0.104,
    "mp-1180688": 0.126,
    "mp-1399519": 4.55,
    "mp-1227110": 0.117,
    "mp-1079676": 1.62,
    "mp-24705": 5.05,
    "mp-1516294": 0.155,
    "mp-1228342": 0.042566714842105266,
    "mp-17862": 0.21,
    "mp-504952": 0.464,
    "mp-1222589": 4.67,
    "mp-1223849": 0.037874846,
    "mp-6524": 0.16,
    "mp-1208039": 4.121,
    "mp-625175": 3.82,
    "mp-1219000": 0.14,
    "mp-532424": 4.49,
    "mp-1218099": 2.24,
    "agm002306806": 0.284,
    "agm003160552": 0.31,
    "agm003202328": 0.148,
    "agm002353946": 0.54,
    "agm002278924": 0.24,
    "agm002381637": 0.292273037,
    "agm003225028": 0.234507916,
    "agm003202410": 0.0962684464304001,
    "agm003230659": 2.32,
    "agm003128264": 1.84,
    "mp-781710": 2.32,
    "mp-1227011": 0.15,
    "mp-1216118": 2.38,
    "agm002166075": 0.086,
    "agm002135972": 3.72,
    "mp-3267": 0.68,
    "agm002224865": 2.62,
    "agm002347507": 4.25,
    "agm003157565": 11.00729157,
    "mp-1216100": 7.3,
    "mp-1195571": 1.03,
    "mp-780232": 0.52,
    "agm002018869": 2.12,
    "agm002140778": 1.281,
    "agm002041336": 0.663,
    "agm003219193": 6.922,
    "mp-1228160": 3.97,
    "mp-1223489": 5.04,
    "mp-1221169": 2.52,
    "mp-4431": 2.4087,
    "mp-8393": 2.26,
    "mp-1105300": 1.67,
    "mp-36066": 1.56,
    "mp-1103351": 2.85,
    "mp-1103228": 0.422,
    "mp-1029368": 0.127,
    "mp-1217825": 0.56,
    "mp-1029633": 0.72,
    "agm002147818": 0.327,
    "agm003248171": 4.81,
    "mp-1223526": 5.04,
    "agm002153139": 4.372996977,
    "mp-239": 2.59932e-05,
    "agm002137320": 0.0,
    "mp-1079609": 2.61,
    "mp-558219": 1.74,
    "mp-555202": 1.62,
    "mp-1216976": 0.78,
    "mp-626172": 0.81,
    "agm002156258": 4.85,
    "mp-772748": 0.72,
    "agm002237467": 2.28,
    "mp-1223389": 2.12,
    "agm002155430": 1.06,
    "mp-9427": 1.96,
    "mp-1225916": 3.92,
    "agm003237859": 1.625,
    "agm002156600": 0.132,
    "mp-1221971": 2.72,
    "mp-1220913": 2.22,
    "agm002237807": 2.42,
    "mp-1221578": 2.96,
    "mp-1191266": 0.0,
    "mp-1205304": 0.127,
    "mp-1218334": 0.0,
    "agm002215982": 1.9,
    "mp-559752": 1.627,
    "mp-1215642": 2.28,
    "agm002813663": 4.22,
    "mp-1247873": 0.0274,
    "mp-1194479": 5.041,
    "mp-558521": 3.41,
    "agm003213121": 0.079,
    "agm002286033": 2.3,
    "agm002297812": 1.94,
    "mp-1147697": 2.31,
    "mp-29157": 0.72,
    "mp-558277": -0.75,
    "agm003200486": 4.85,
    "agm002157245": 2.57,
    "mp-1370": 0.127,
    "mp-555915": 1.34,
    "mp-776226": 0.57,
    "agm002138671": 0.129,
    "agm002790067": 1.83,
    "agm002163280": 0.057,
    "mp-532444": 0.108739152,
    "agm002177957": 2.69,
    "agm006045098": 1.636,
    "agm002205114": 0.72,
    "agm2000005406": 5.92,
    "agm002184995": 0.284,
    "agm003235252": 1.36,
    "agm002178912": 2.52,
    "agm002115629": 1.626,
    "agm003206267": 2.32,
    "agm004739450": 0.53,
    "agm003705731": 0.186,
    "agm005112928": 1.55,
    "agm005722808": -3.82,
    "agm2000126920": 3.52,
    "agm2000137141": -2.48,
    "agm005848675": 2.3,
    "mp-2802611": 0.127,
    "agm002158085": 3.62,
    "agm005545163": 1.23,
    "agm005056300": 2.66,
    "agm004786326": 3.62,
    "agm003048447": 2.43,
    "agm002102212": 0.164679222,
    "agm001234439": 1.75,
    "agm002056302": 1.64,
    "agm002137665": 1.5372,
    "agm003555711": 0.039727852,
    "mp-554918": 0.03,
    "mp-570756": 0.0,
    "agm001375463": 0.186,
    "agm005208831": 0.71,
    "mp-4452": 3.4,
    "agm005882616": 0.337,
    "agm2000001907": -4.78,
    "agm005721583": 2.975,
    "agm001281942": 0.043,
    "agm003267560": 0.115,
    "agm004773887": 2.64,
    "agm004852816": 3.02,
    "agm006020719": 1.46,
    "agm004957157": 15.3,
    "agm003112540": 3.62,
    "agm002293392": 2.62,
    "agm005785567": 2.38,
    "agm004948831": 2.2,
    "agm004787350": 0.0,
    "agm005954902": -0.73,
    "agm005199361": 0.5,
    "agm2000035672": 1.29,
    "agm002032016": 1.71,
    "agm005180377": 2.82,
    "agm002176403": 0.156,
    "agm002182720": 2.278,
    "agm002161194": 4.26,
    "agm2000136656": 2.636,
    "agm005882580": 2.04,
    "agm002074653": 1.75,
    "agm003561427": 0.1125,
    "mp-1208179": 4.82,
    "agm002078874": 10.5,
    "agm004949939": 0.0,
    "agm002017294": 0.217,
    "mp-556157": 0.03784628167067505,
    "mp-2720358": 1.364,
    "agm002041315": 3.57,
    "agm003469328": 0.73,
    "agm005072178": 0.72,
    "agm001037983": 0.326262967,
    "mp-1219050": 0.14,
    "agm005664742": 0.15,
    "agm004773455": 2.11,
    "agm005071058": 0.3398000876065383,
    "mp-4122": 3.836
  },
  "metrics": {
    "mae": 14.888488459264828,
    "rmse": 31.412218024125252
  }
}