{
  "predictions": {
    "mp-552663": 0.4834819436073303,
    "mp-753401": 1.7631276845932007,
    "mp-23363": 9.272812843322754,
    "mp-559961": 3.5440096855163574,
    "mp-17066": 4.495905876159668,
    "mp-29155": 0.5196628570556641,
    "mp-542931": 0.19012516736984253,
    "mp-27316": 12.941720962524414,
    "mp-6126": 0.40553128719329834,
    "mp-997027": 4.973077297210693,
    "mp-21521": 3.609381675720215,
    "mp-8673": 0.7236440181732178,
    "mp-23280": 11.280187606811523,
    "mp-561664": 21.770301818847656,
    "mp-23794": 0.5655931830406189,
    "mp-756570": 1.1871250867843628,
    "mp-27987": 11.601595878601074,
    "mp-550959": 1.2321345806121826,
    "mp-556719": 0.3764767050743103,
    "mp-27914": 2.7180023193359375,
    "mp-29524": 3.881153106689453,
    "mp-504908": 2.5272436141967773,
    "mp-559065": 0.8397001028060913,
    "mp-769218": 5.0712890625,
    "mp-570213": 81.39019012451172,
    "mp-1023936": 15.184919357299805,
    "mp-560588": 73.51325988769531,
    "mp-1222661": 4.4620513916015625,
    "mp-1227993": 20.630516052246094,
    "mp-567246": -5.0454230308532715,
    "mp-1184796": 0.920355498790741,
    "mp-1217830": 0.6021931171417236,
    "mp-774907": 6.25473690032959,
    "mp-672158": 7.000228404998779,
    "mp-1228522": 20.731731414794922,
    "mp-504910": 3.7055859565734863,
    "mp-568802": 2.0556750297546387,
    "mp-1222565": 0.3819575905799866,
    "mp-33723": 34.55314254760742,
    "mp-1227512": 83.69529724121094,
    "mp-1189731": 2.32303524017334,
    "mp-28089": 0.7460803985595703,
    "mp-36779": 0.47042685747146606,
    "mp-560521": 0.8169656991958618,
    "mp-571195": 134.72218322753906,
    "mp-1208039": 0.6941221952438354,
    "mp-1224376": 0.49101805686950684,
    "mp-1219501": 19.24187469482422,
    "mp-1218158": 1.488896131515503,
    "mp-17207": 12.466852188110352,
    "agm003202330": 6.801839828491211,
    "agm002254137": 7.075568675994873,
    "agm002186848": 14.571727752685547,
    "agm002224787": 12.591859817504883,
    "agm002153716": 0.8936687111854553,
    "mp-1195571": 4.266345500946045,
    "mp-998230": 16.23814582824707,
    "mp-1223489": 0.7767115831375122,
    "mp-1029932": 4.254680156707764,
    "mp-28473": 4.60555362701416,
    "mp-1228745": 7.686309337615967,
    "mp-1029652": 1.3520079851150513,
    "mp-985293": 0.7755039930343628,
    "mp-1019889": 0.34062454104423523,
    "mp-1227994": -1.8527196645736694,
    "agm002156258": 11.127869606018066,
    "mp-559373": 0.7216445803642273,
    "mp-1215615": 15.857108116149902,
    "mp-1219293": 1.5799477100372314,
    "mp-560699": 78.5924072265625,
    "agm002156599": 0.5429660081863403,
    "mp-1078049": 10.738967895507812,
    "mp-554002": 0.6746584177017212,
    "mp-1226863": 0.7852017879486084,
    "agm002848041": 7.974481582641602,
    "agm002336867": 118.31283569335938,
    "mp-1222496": 5.847816467285156,
    "agm003160584": 91.65564727783203,
    "mp-568328": 2.576321601867676,
    "agm002137965": 0.31142014265060425,
    "agm002074655": 1.4425864219665527,
    "agm2000085596": 55.17961883544922,
    "agm005539186": 7.137524127960205,
    "agm002073755": 4.076318740844727,
    "agm002149208": 2.123854637145996,
    "agm002225219": 14.097970008850098,
    "agm003713453": 0.6284240484237671,
    "agm1000019508": 0.5367660522460938,
    "agm2000011039": 0.5434337854385376,
    "agm005769288": 1.2523925304412842,
    "agm005112928": 3.671255111694336,
    "agm001266143": 1.758958101272583,
    "agm005955873": 9.09376335144043,
    "agm002077911": 1.5505176782608032,
    "agm002097562": 1.6300517320632935,
    "agm2000016398": 66.7408676147461,
    "agm2000145156": 9.540703773498535,
    "agm002056302": 5.1106414794921875,
    "agm002190330": -6.878190040588379,
    "mp-685097": 1.3856374025344849,
    "agm003464867": 36.70340347290039,
    "agm003204906": 2.284336566925049,
    "agm002072309": 0.5457955002784729,
    "agm003612680": 2.4207992553710938,
    "agm002128787": 13.4744873046875,
    "agm2000128632": 0.7832394242286682,
    "agm005882580": 1.3981586694717407,
    "agm003743952": 1.453386902809143,
    "mp-1029408": 18.532611846923828,
    "agm2000084944": 4.310940742492676,
    "mp-998591": 13.209183692932129,
    "agm004958126": 29.54294204711914,
    "agm002233061": 0.7085031270980835,
    "agm005605704": 33.562103271484375,
    "mp-1220818": 12.947122573852539,
    "mp-761842": 1.681418538093567,
    "mp-14568": 24.86910057067871,
    "agm004947354": 1.3146275281906128,
    "agm006056059": 0.7282867431640625,
    "mp-32959": 0.8132428526878357,
    "agm002091778": 16.53624725341797,
    "agm004951594": 6.642059803009033,
    "agm002079795": 4.146751403808594,
    "agm002018585": 4.918635368347168,
    "agm004786105": 18.666471481323242
  },
  "uncertainties": null,
  "metrics": {
    "mae": 12.264479121187028,
    "rmse": 23.73811584608354,
    "spearman": 0.27101689708141313,
    "r2_score": 0.2555219409383599
  }
}