{
  "predictions": {
    "mp-552663": -3.3962676525115967,
    "mp-753401": 5.318767547607422,
    "mp-23363": 22.804401397705078,
    "mp-559961": 7.800660610198975,
    "mp-17066": 3.262254238128662,
    "mp-29155": 0.1667197048664093,
    "mp-542931": -0.27438193559646606,
    "mp-27316": 10.296422004699707,
    "mp-6126": -1.5620074272155762,
    "mp-997027": 0.9916854500770569,
    "mp-21521": 4.135339260101318,
    "mp-8673": -0.06500211358070374,
    "mp-23280": 24.70313262939453,
    "mp-561664": 27.427993774414062,
    "mp-23794": 0.9942061305046082,
    "mp-756570": 3.497655153274536,
    "mp-27987": 22.816204071044922,
    "mp-550959": 5.901224613189697,
    "mp-556719": 2.6259398460388184,
    "mp-27914": 0.6241791248321533,
    "mp-29524": 7.233855247497559,
    "mp-504908": 2.248990535736084,
    "mp-559065": 2.5312466621398926,
    "mp-769218": 4.409615993499756,
    "mp-570213": 18.6787166595459,
    "mp-1023936": 27.48218536376953,
    "mp-560588": 43.03232955932617,
    "mp-1222661": 6.977022171020508,
    "mp-1227993": 32.450439453125,
    "mp-567246": 4.480631351470947,
    "mp-1184796": -0.0777314230799675,
    "mp-1217830": 0.696264922618866,
    "mp-774907": -0.46295055747032166,
    "mp-672158": 6.135568618774414,
    "mp-1228522": 28.671493530273438,
    "mp-504910": -2.9790520668029785,
    "mp-568802": -2.910905122756958,
    "mp-1222565": -1.4244940280914307,
    "mp-33723": 39.69948196411133,
    "mp-1227512": 21.509925842285156,
    "mp-1189731": -1.4489612579345703,
    "mp-28089": 4.094824314117432,
    "mp-36779": 0.42724356055259705,
    "mp-560521": 0.5381972193717957,
    "mp-571195": 112.14179992675781,
    "mp-1208039": 0.303574800491333,
    "mp-1224376": 13.8590726852417,
    "mp-1219501": 27.80202293395996,
    "mp-1218158": 3.626279592514038,
    "mp-17207": 23.77724838256836,
    "agm003202330": 18.125099182128906,
    "agm002254137": 29.737207412719727,
    "agm002186848": 7.532612323760986,
    "agm002224787": 27.88237762451172,
    "agm002153716": 0.10175267606973648,
    "mp-1195571": 0.04790691286325455,
    "mp-998230": 4.319653034210205,
    "mp-1223489": 0.9189158082008362,
    "mp-1029932": 15.118911743164062,
    "mp-28473": 3.034172296524048,
    "mp-1228745": 31.059045791625977,
    "mp-1029652": 2.6403658390045166,
    "mp-985293": 0.7671788334846497,
    "mp-1019889": 1.085463523864746,
    "mp-1227994": 1.263724446296692,
    "agm002156258": 7.17117977142334,
    "mp-559373": 0.380149245262146,
    "mp-1215615": 28.736738204956055,
    "mp-1219293": 1.3015539646148682,
    "mp-560699": 9.253832817077637,
    "agm002156599": 3.1397745609283447,
    "mp-1078049": 30.277814865112305,
    "mp-554002": 0.8403648734092712,
    "mp-1226863": 0.8531369566917419,
    "agm002848041": 16.119155883789062,
    "agm002336867": 23.923053741455078,
    "mp-1222496": 4.011878967285156,
    "agm003160584": 91.45478820800781,
    "mp-568328": 7.028858661651611,
    "agm002137965": 4.633427143096924,
    "agm002074655": 1.1277921199798584,
    "agm2000085596": 42.70230484008789,
    "agm005539186": 36.088138580322266,
    "agm002073755": 5.461266994476318,
    "agm002149208": 44.596588134765625,
    "agm002225219": 4.9395976066589355,
    "agm003713453": 1.6123945713043213,
    "agm1000019508": -0.1902097761631012,
    "agm2000011039": -0.19251151382923126,
    "agm005769288": 3.8873519897460938,
    "agm005112928": 19.14318084716797,
    "agm001266143": 0.5809684991836548,
    "agm005955873": 14.04892349243164,
    "agm002077911": 5.893733501434326,
    "agm002097562": 20.861862182617188,
    "agm2000016398": 13.61556339263916,
    "agm2000145156": -0.27624228596687317,
    "agm002056302": 83.05333709716797,
    "agm002190330": 163.24691772460938,
    "mp-685097": 2.6358816623687744,
    "agm003464867": 25.035051345825195,
    "agm003204906": 11.11471939086914,
    "agm002072309": 0.7915820479393005,
    "agm003612680": 1.3521710634231567,
    "agm002128787": 10.039639472961426,
    "agm2000128632": 3.535043716430664,
    "agm005882580": 5.689279079437256,
    "agm003743952": 24.00864028930664,
    "mp-1029408": 14.006577491760254,
    "agm2000084944": 8.899909019470215,
    "mp-998591": 3.492980480194092,
    "agm004958126": 50.71799087524414,
    "agm002233061": 9.405513763427734,
    "agm005605704": 38.50455856323242,
    "mp-1220818": 4.672897815704346,
    "mp-761842": 0.28166836500167847,
    "mp-14568": 42.820255279541016,
    "agm004947354": 2.3322501182556152,
    "agm006056059": 1.0364747047424316,
    "mp-32959": 0.9450653195381165,
    "agm002091778": 40.55970001220703,
    "agm004951594": -0.19081202149391174,
    "agm002079795": 0.01447904109954834,
    "agm002018585": 13.357901573181152,
    "agm004786105": 20.4218807220459
  },
  "uncertainties": null,
  "metrics": {
    "mae": 14.936728634997701,
    "rmse": 29.713381825920596,
    "spearman": 0.3131858678955453,
    "r2_score": -0.1664431597249345
  }
}