{
  "predictions": {
    "mp-21892": 4.992103821216556,
    "mp-8070": -0.4323666802074878,
    "mp-558491": 0.8214856293766892,
    "mp-632684": 0.5273712051907068,
    "mp-23329": 5.1896775950425,
    "mp-555150": -0.1329282499265518,
    "mp-760755": 0.15664225547278154,
    "mp-6268": 0.987346647792197,
    "mp-559057": -0.025153958631850097,
    "mp-1778": 2.345915391276985,
    "mp-2176": 69.05856684707477,
    "mp-22909": 4.560590577430522,
    "mp-9844": 1.6764113834023788,
    "mp-9066": 0.5059509628990174,
    "mp-6126": 3.2382559319840682,
    "mp-632229": 2.0138571083582244,
    "mp-21521": 5.092928927316259,
    "mp-1287": 26.52413718358203,
    "mp-756044": -1.0279655458643047,
    "mp-754712": 1.8659519114619985,
    "mp-18168": 3.4312896339377454,
    "mp-505702": 1.2747426522080954,
    "mp-559065": 6.390198546927289,
    "mp-559545": 6.871964224192012,
    "mp-549720": 34.87759034747579,
    "mp-561385": -1.232978249280312,
    "mp-13666": 33.83108263608647,
    "mp-14444": 5.256732562403653,
    "mp-2469": 19.730806174077493,
    "mp-31451": 71.03212977032527,
    "mp-1023924": 1.7978480156152754,
    "mp-38011": 6.371282601083069,
    "mp-8884": 66.4975593968131,
    "mp-6980": 26.796759586315133,
    "mp-4524": 71.8320063599732,
    "mp-11714": 6.970524689699893,
    "mp-1180133": 3.4316414438884184,
    "mp-1225884": 1.401395053861678,
    "mp-1196457": 0.2050987666238445,
    "mp-560894": 2.1390166122840792,
    "mp-1196282": -0.20169577052389234,
    "mp-1219328": 9.800230948142001,
    "mp-1227124": 38.30409193701605,
    "mp-1102285": 7.3292141811158125,
    "mp-1227389": 17.236607161610348,
    "mp-1227110": -0.2673815329984597,
    "mp-1079676": -0.5608515365053169,
    "mp-1228342": 1.2672577535101086,
    "mp-17862": 81.09107122052123,
    "mp-504952": 58.55813745834921,
    "mp-1223849": -0.0672682404045978,
    "mp-1208039": -0.550913441282222,
    "mp-625175": -0.20534297643037938,
    "agm003160552": 85.22884193027251,
    "agm003202328": 19.259176990410914,
    "agm002278924": 76.07484924273697,
    "agm003202410": 51.98402516035138,
    "mp-1227011": 75.529694833605,
    "agm002224865": 11.76968703614461,
    "agm003157565": 2.9564385510592492,
    "agm002140778": 2.3890953699345765,
    "agm002041336": 22.320724066868376,
    "agm003219193": 3.688881650736004,
    "mp-1228160": 0.1713326553629137,
    "mp-1223489": 0.34906017795131355,
    "mp-1221169": 32.81778181550392,
    "mp-4431": 27.144158677580823,
    "mp-1105300": 22.360567667349006,
    "mp-1103351": 12.157720129101468,
    "mp-1029368": 20.15274124152429,
    "mp-1029633": 35.650312057920246,
    "agm002147818": 0.38991948556511546,
    "agm002153139": 1.1773783854911566,
    "mp-555202": 0.09628129814078677,
    "mp-1216976": 26.45486491436177,
    "mp-626172": 0.0721190704169589,
    "agm002156258": 4.675025397561687,
    "mp-772748": 0.35261573733834883,
    "mp-1223389": 27.79573943650258,
    "mp-9427": 0.4988916407945992,
    "mp-1225916": 3.413080820298049,
    "agm003237859": 0.24703461281212177,
    "mp-1221971": 9.509878333943401,
    "agm002237807": 72.09941786784319,
    "mp-1215642": 6.300770623285557,
    "agm003213121": 8.295634757486624,
    "agm002297812": 3.6170314466948787,
    "mp-29157": 48.507626954882014,
    "mp-555915": 0.44358845623667653,
    "agm002138671": 6.981674016990136,
    "agm002790067": 46.614390497846884,
    "agm002205114": 75.9949845882607,
    "agm002184995": 66.54196104844219,
    "agm003235252": -0.8929821064832517,
    "agm003206267": 14.855477861885594,
    "agm003705731": 6.985190742847457,
    "agm2000126920": 0.9413017855775027,
    "agm2000137141": 12.659975010027551,
    "agm005848675": 35.12538740252514,
    "mp-2802611": -0.2479118623227493,
    "agm005056300": 3.5107566783254973,
    "agm004786326": 15.132448264159764,
    "agm001234439": 12.87926537807116,
    "agm002056302": 1.0438499457665482,
    "agm002137665": -0.12333522185561259,
    "mp-554918": 1.059939074991144,
    "agm001375463": 75.01584842937386,
    "agm005721583": 19.04958851805658,
    "agm006020719": 0.5922559213622044,
    "agm003112540": 47.1218690741608,
    "agm004787350": 0.7476718502850777,
    "agm002176403": -0.10434030098746894,
    "agm002161194": 12.681094659631155,
    "agm2000136656": 9.140727984327532,
    "mp-1208179": -0.20605306448971253,
    "agm002017294": 22.105503930127345,
    "agm002041315": 51.73345177032032,
    "agm003469328": 0.009644683377611386,
    "agm005072178": 0.35010070817092565,
    "agm005664742": 0.4217392099380882,
    "agm004773455": 2.8559579903803183,
    "agm005071058": 0.3036912808334648,
    "agm006047746": 64.13423363138787,
    "agm005754384": 3.6956871253547576,
    "agm005748012": 0.49100643932332444
  },
  "metrics": {
    "mae": 9.151582684111503,
    "rmse": 19.734747490603482,
    "spearman": 0.8524423963133639,
    "r2_score": 0.5875417982089177
  }
}