{
  "predictions": {
    "mp-21892": -0.08005678998599236,
    "mp-8070": 0.4379023298634633,
    "mp-558491": 1.3924312352915102,
    "mp-632684": 1.017313369046952,
    "mp-23329": 7.850483541327379,
    "mp-555150": 1.1106208606388086,
    "mp-760755": -0.7780406428257056,
    "mp-6268": 0.6520008093561763,
    "mp-559057": 2.8953597543264618,
    "mp-1778": 8.455445947074892,
    "mp-2176": 88.84745291767597,
    "mp-22909": 2.219101693887148,
    "mp-9844": 1.3001092998254047,
    "mp-9066": 0.9847493333723235,
    "mp-6126": 1.3063385966934749,
    "mp-632229": 4.110575470539769,
    "mp-21521": 6.715370904553306,
    "mp-1287": 18.20274133059207,
    "mp-756044": 0.7089961848037796,
    "mp-754712": 0.7729099419277279,
    "mp-18168": 1.7400248399355094,
    "mp-505702": 12.513116385194046,
    "mp-559065": 3.6887507047852606,
    "mp-559545": 5.609846382369306,
    "mp-549720": 26.031647168740765,
    "mp-561385": 3.734948486791359,
    "mp-13666": 34.61475872668694,
    "mp-14444": 12.080754634356738,
    "mp-2469": 13.954847242386572,
    "mp-31451": 105.4408448042047,
    "mp-1023924": 8.27687215501542,
    "mp-38011": 3.2986815323975187,
    "mp-8884": 80.27774093402374,
    "mp-6980": 26.189322823057687,
    "mp-4524": 98.85886289714176,
    "mp-11714": 6.386953621544584,
    "mp-1180133": 10.248690241565987,
    "mp-1225884": 1.7624703583240946,
    "mp-1196457": -0.3832130463344441,
    "mp-560894": -0.19495159122613887,
    "mp-1196282": -0.1798497452110863,
    "mp-1219328": 12.060733013670387,
    "mp-1227124": 26.416777881827187,
    "mp-1102285": 5.14140966720582,
    "mp-1227389": 21.80811173580693,
    "mp-1227110": -0.4959063986629863,
    "mp-1079676": 2.732050105450568,
    "mp-1228342": 3.0307667357176973,
    "mp-17862": 11.137784245672007,
    "mp-504952": 66.5481191211893,
    "mp-1223849": 2.0376501503835778,
    "mp-1208039": 1.2319508246290474,
    "mp-625175": 0.4477690974003251,
    "agm003160552": 84.15691972769301,
    "agm003202328": 15.4819384771114,
    "agm002278924": 100.76175307742649,
    "agm003202410": 22.02107622111531,
    "mp-1227011": 63.95465109997842,
    "agm002224865": 9.017635128570447,
    "agm003157565": 11.094176842175713,
    "agm002140778": 1.639574420857678,
    "agm002041336": 64.73323223183922,
    "agm003219193": 0.5373286722543499,
    "mp-1228160": 0.8005993057680634,
    "mp-1223489": 0.48805279340360985,
    "mp-1221169": 9.437491551183694,
    "mp-4431": 24.12127968077017,
    "mp-1105300": 16.848078970017692,
    "mp-1103351": 20.44251352651171,
    "mp-1029368": 5.248205385942827,
    "mp-1029633": 9.357522820092493,
    "agm002147818": 0.18356219668488755,
    "agm002153139": 0.6672960450702368,
    "mp-555202": 2.2586328662003923,
    "mp-1216976": 21.92285694156628,
    "mp-626172": 0.49736492980294916,
    "agm002156258": 1.6074841311762156,
    "mp-772748": 0.278448980778119,
    "mp-1223389": 20.917699837812993,
    "mp-9427": 1.4936005506879035,
    "mp-1225916": 1.4751996237066762,
    "agm003237859": -1.1106313746895566,
    "mp-1221971": 12.823291016890838,
    "agm002237807": 63.055370266240516,
    "mp-1215642": 2.7566091319435913,
    "agm003213121": 17.53924770716531,
    "agm002297812": 1.5296713898223255,
    "mp-29157": 64.16869392212338,
    "mp-555915": -1.3137473716654966,
    "agm002138671": 4.881073488747462,
    "agm002790067": 36.00609462606917,
    "agm002205114": 59.358601584686106,
    "agm002184995": 52.719509095914745,
    "agm003235252": 0.37256616712441976,
    "agm003206267": 17.97537359252999,
    "agm003705731": 6.068008369729584,
    "agm2000126920": -0.4919125889024747,
    "agm2000137141": 13.189673951263437,
    "agm005848675": 22.6132983535915,
    "mp-2802611": 0.6400103645019865,
    "agm005056300": 7.576888466755475,
    "agm004786326": 7.871006910161713,
    "agm001234439": 5.517848406113408,
    "agm002056302": 1.076270031066195,
    "agm002137665": -0.3449061493804147,
    "mp-554918": 2.092963335047006,
    "agm001375463": 47.62221373423611,
    "agm005721583": 26.6255568897813,
    "agm006020719": 0.3312470210846668,
    "agm003112540": 61.112321965939685,
    "agm004787350": 1.8459162570781034,
    "agm002176403": 1.6750444490669167,
    "agm002161194": 11.614885764070086,
    "agm2000136656": 1.13466729678248,
    "mp-1208179": 1.9632598215296138,
    "agm002017294": 3.788610376258612,
    "agm002041315": 88.28474917956017,
    "agm003469328": 0.5138215483811005,
    "agm005072178": -0.24834419377296035,
    "agm005664742": 5.19910446099923,
    "agm004773455": 5.17535046980022,
    "agm005071058": -0.29309416264961896,
    "agm006047746": 62.8143626421907,
    "agm005754384": 1.4524340080376554,
    "agm005748012": 3.400197844845045
  },
  "metrics": {
    "mae": 8.867190255957674,
    "rmse": 20.11237934822344,
    "spearman": 0.8373087557603686,
    "r2_score": 0.5716056840045902
  }
}