{
  "predictions": {
    "mp-21892": 7.1665233606044225,
    "mp-8070": 2.368037264087089,
    "mp-558491": 0.40841346291578356,
    "mp-632684": 0.2341945652039396,
    "mp-23329": 4.376049638734726,
    "mp-555150": 0.6295971316637499,
    "mp-760755": -0.16917369596385065,
    "mp-6268": -0.8658319415743811,
    "mp-559057": 3.9877391420130386,
    "mp-1778": 0.682238526134663,
    "mp-2176": 60.31695457030889,
    "mp-22909": 0.9095428626308814,
    "mp-9844": 0.7692588848462302,
    "mp-9066": 0.16138485267692748,
    "mp-6126": 4.7286736001786815,
    "mp-632229": 0.8498591148744142,
    "mp-21521": 2.9117739957249316,
    "mp-1287": 31.92035569089569,
    "mp-756044": -0.22917964991541756,
    "mp-754712": 0.03938690751292958,
    "mp-18168": 1.8696032577073145,
    "mp-505702": 1.010207160495454,
    "mp-559065": 12.694306822476555,
    "mp-559545": 12.94749269677019,
    "mp-549720": 27.718625572308177,
    "mp-561385": 1.4994927213279818,
    "mp-13666": 21.965343420730346,
    "mp-14444": 8.438407588345829,
    "mp-2469": 8.891133643043032,
    "mp-31451": 69.69630472226319,
    "mp-1023924": 5.968976040438684,
    "mp-38011": 6.710135819113484,
    "mp-8884": 89.36614445343825,
    "mp-6980": 27.604398848948254,
    "mp-4524": 74.46563406019357,
    "mp-11714": 6.919135944384541,
    "mp-1180133": 6.816039427252507,
    "mp-1225884": 1.8462628064077204,
    "mp-1196457": 0.9130884674811498,
    "mp-560894": 1.2519064490571228,
    "mp-1196282": -0.006606581417162444,
    "mp-1219328": 13.702245351952508,
    "mp-1227124": 42.65767433344538,
    "mp-1102285": 5.269516331655414,
    "mp-1227389": 9.801448311083433,
    "mp-1227110": 0.3260090947835707,
    "mp-1079676": 0.6486198994955936,
    "mp-1228342": -0.39359776218548914,
    "mp-17862": 65.91324156562757,
    "mp-504952": 33.723544344579224,
    "mp-1223849": -0.24568315216905706,
    "mp-1208039": 1.0216995650208358,
    "mp-625175": -0.7349504023065058,
    "agm003160552": 72.66547953282527,
    "agm003202328": 26.95292189106303,
    "agm002278924": 68.40813158089489,
    "agm003202410": 24.31681545162551,
    "mp-1227011": 62.01470350832825,
    "agm002224865": 6.474994579066864,
    "agm003157565": 0.6070056212456052,
    "agm002140778": 6.215663884011309,
    "agm002041336": 20.93954432237781,
    "agm003219193": -0.07202095488287308,
    "mp-1228160": 0.410967130678978,
    "mp-1223489": 0.23169466054364157,
    "mp-1221169": 12.63645946192,
    "mp-4431": 23.21765812284335,
    "mp-1105300": 22.690316818329432,
    "mp-1103351": 23.331250151315835,
    "mp-1029368": 13.040233923344314,
    "mp-1029633": 18.97315712552922,
    "agm002147818": -0.5168703921717609,
    "agm002153139": 3.4069299474602968,
    "mp-555202": 0.5636813325633753,
    "mp-1216976": 28.43142144203079,
    "mp-626172": -0.007667458626996002,
    "agm002156258": 1.4236593477755837,
    "mp-772748": 0.3038074139047827,
    "mp-1223389": 22.936981510510726,
    "mp-9427": 0.7123081195775481,
    "mp-1225916": 1.4056677283934824,
    "agm003237859": 1.2505427533582785,
    "mp-1221971": 8.006546922142453,
    "agm002237807": 52.29075902083334,
    "mp-1215642": 7.514542800401878,
    "agm003213121": 6.676462346791183,
    "agm002297812": 1.6951724601299163,
    "mp-29157": 51.95506817380659,
    "mp-555915": 0.7585950015206163,
    "agm002138671": 6.350818807982072,
    "agm002790067": 60.01070013565759,
    "agm002205114": 23.60391534176278,
    "agm002184995": 72.3462488226139,
    "agm003235252": -0.5921262448743437,
    "agm003206267": 15.210669985013169,
    "agm003705731": 5.758800221155673,
    "agm2000126920": 1.9473316041856874,
    "agm2000137141": 13.929033085155343,
    "agm005848675": 25.99785884534405,
    "mp-2802611": 0.37314805833181913,
    "agm005056300": 2.7088975070175336,
    "agm004786326": 14.387958059657414,
    "agm001234439": 8.261356351270189,
    "agm002056302": 0.38380481086409196,
    "agm002137665": -0.4709462477429568,
    "mp-554918": 0.3260273535896022,
    "agm001375463": 116.61176212679517,
    "agm005721583": 28.34550576274592,
    "agm006020719": 1.2082256002750216,
    "agm003112540": 45.673916207508746,
    "agm004787350": 1.6965101070728268,
    "agm002176403": 1.1907483203585207,
    "agm002161194": 15.950575664366138,
    "agm2000136656": 11.816718951170484,
    "mp-1208179": -0.21245094637663994,
    "agm002017294": 40.355568485622086,
    "agm002041315": 63.10909811684225,
    "agm003469328": 0.25432573922034957,
    "agm005072178": 0.09413872972693706,
    "agm005664742": 4.483290331260211,
    "agm004773455": 1.938985603575049,
    "agm005071058": 0.0645302619860842,
    "agm006047746": 60.01619749340653,
    "agm005754384": 5.203604103696494,
    "agm005748012": 0.03104457645135647
  },
  "metrics": {
    "mae": 10.001763321146107,
    "rmse": 22.09230921938692,
    "spearman": 0.846943164362519,
    "r2_score": 0.4831089376101164
  }
}