{
  "predictions": {
    "mp-21892": 2.1967117750033056,
    "mp-8070": 2.1967117750033056,
    "mp-558491": 2.1967117750033056,
    "mp-632684": 2.1967117750033056,
    "mp-23329": 2.1967117750033056,
    "mp-555150": 2.1967117750033056,
    "mp-760755": 2.1967117750033056,
    "mp-6268": 2.1967117750033056,
    "mp-559057": 2.1967117750033056,
    "mp-1778": 2.1967117750033056,
    "mp-2176": 2.1967117750033056,
    "mp-22909": 2.1967117750033056,
    "mp-9844": 2.1967117750033056,
    "mp-9066": 2.1967117750033056,
    "mp-6126": 2.1967117750033056,
    "mp-632229": 2.1967117750033056,
    "mp-21521": 2.1967117750033056,
    "mp-1287": 2.1967117750033056,
    "mp-756044": 2.1967117750033056,
    "mp-754712": 2.1967117750033056,
    "mp-18168": 2.1967117750033056,
    "mp-505702": 2.1967117750033056,
    "mp-559065": 2.1967117750033056,
    "mp-559545": 2.1967117750033056,
    "mp-549720": 2.1967117750033056,
    "mp-561385": 2.1967117750033056,
    "mp-13666": 2.1967117750033056,
    "mp-14444": 2.1967117750033056,
    "mp-2469": 2.1967117750033056,
    "mp-31451": 2.1967117750033056,
    "mp-1023924": 2.1967117750033056,
    "mp-38011": 2.1967117750033056,
    "mp-8884": 2.1967117750033056,
    "mp-6980": 2.1967117750033056,
    "mp-4524": 2.1967117750033056,
    "mp-11714": 2.1967117750033056,
    "mp-1180133": 2.1967117750033056,
    "mp-1225884": 2.1967117750033056,
    "mp-1196457": 2.1967117750033056,
    "mp-560894": 2.1967117750033056,
    "mp-1196282": 2.1967117750033056,
    "mp-1219328": 2.1967117750033056,
    "mp-1227124": 2.1967117750033056,
    "mp-1102285": 2.1967117750033056,
    "mp-1227389": 2.1967117750033056,
    "mp-1227110": 2.1967117750033056,
    "mp-1079676": 2.1967117750033056,
    "mp-1228342": 2.1967117750033056,
    "mp-17862": 2.1967117750033056,
    "mp-504952": 2.1967117750033056,
    "mp-1223849": 2.1967117750033056,
    "mp-1208039": 2.1967117750033056,
    "mp-625175": 2.1967117750033056,
    "agm003160552": 2.1967117750033056,
    "agm003202328": 2.1967117750033056,
    "agm002278924": 2.1967117750033056,
    "agm003202410": 2.1967117750033056,
    "mp-1227011": 2.1967117750033056,
    "agm002224865": 2.1967117750033056,
    "agm003157565": 2.1967117750033056,
    "agm002140778": 2.1967117750033056,
    "agm002041336": 2.1967117750033056,
    "agm003219193": 2.1967117750033056,
    "mp-1228160": 2.1967117750033056,
    "mp-1223489": 2.1967117750033056,
    "mp-1221169": 2.1967117750033056,
    "mp-4431": 2.1967117750033056,
    "mp-1105300": 2.1967117750033056,
    "mp-1103351": 2.1967117750033056,
    "mp-1029368": 2.1967117750033056,
    "mp-1029633": 2.1967117750033056,
    "agm002147818": 2.1967117750033056,
    "agm002153139": 2.1967117750033056,
    "mp-555202": 2.1967117750033056,
    "mp-1216976": 2.1967117750033056,
    "mp-626172": 2.1967117750033056,
    "agm002156258": 2.1967117750033056,
    "mp-772748": 2.1967117750033056,
    "mp-1223389": 2.1967117750033056,
    "mp-9427": 2.1967117750033056,
    "mp-1225916": 2.1967117750033056,
    "agm003237859": 2.1967117750033056,
    "mp-1221971": 2.1967117750033056,
    "agm002237807": 2.1967117750033056,
    "mp-1215642": 2.1967117750033056,
    "agm003213121": 2.1967117750033056,
    "agm002297812": 2.1967117750033056,
    "mp-29157": 2.1967117750033056,
    "mp-555915": 2.1967117750033056,
    "agm002138671": 2.1967117750033056,
    "agm002790067": 2.1967117750033056,
    "agm002205114": 2.1967117750033056,
    "agm002184995": 2.1967117750033056,
    "agm003235252": 2.1967117750033056,
    "agm003206267": 2.1967117750033056,
    "agm003705731": 2.1967117750033056,
    "agm2000126920": 2.1967117750033056,
    "agm2000137141": 2.1967117750033056,
    "agm005848675": 2.1967117750033056,
    "mp-2802611": 2.1967117750033056,
    "agm005056300": 2.1967117750033056,
    "agm004786326": 2.1967117750033056,
    "agm001234439": 2.1967117750033056,
    "agm002056302": 2.1967117750033056,
    "agm002137665": 2.1967117750033056,
    "mp-554918": 2.1967117750033056,
    "agm001375463": 2.1967117750033056,
    "agm005721583": 2.1967117750033056,
    "agm006020719": 2.1967117750033056,
    "agm003112540": 2.1967117750033056,
    "agm004787350": 2.1967117750033056,
    "agm002176403": 2.1967117750033056,
    "agm002161194": 2.1967117750033056,
    "agm2000136656": 2.1967117750033056,
    "mp-1208179": 2.1967117750033056,
    "agm002017294": 2.1967117750033056,
    "agm002041315": 2.1967117750033056,
    "agm003469328": 2.1967117750033056,
    "agm005072178": 2.1967117750033056,
    "agm005664742": 2.1967117750033056,
    "agm004773455": 2.1967117750033056,
    "agm005071058": 2.1967117750033056,
    "agm006047746": 2.1967117750033056,
    "agm005754384": 2.1967117750033056,
    "agm005748012": 2.1967117750033056
  },
  "metrics": {
    "mae": 15.33634836442834,
    "rmse": 33.77237191317191
  }
}