{
  "predictions": {
    "mp-552663": 0.015353633744324323,
    "mp-753401": 0.126,
    "mp-23363": 4.67,
    "mp-559961": 1.66,
    "mp-17066": 2.15,
    "mp-29155": 2.23,
    "mp-542931": 8.337,
    "mp-27316": 0.072,
    "mp-6126": 2.382,
    "mp-997027": 0.027,
    "mp-21521": 0.036227656,
    "mp-8673": 4.26,
    "mp-23280": 2.427,
    "mp-561664": 1.644,
    "mp-23794": 1.73,
    "mp-756570": 0.15,
    "mp-27987": 1.44,
    "mp-550959": 2.42,
    "mp-556719": 1.635,
    "mp-27914": 0.24,
    "mp-29524": 0.117,
    "mp-504908": 3.12,
    "mp-559065": 2.12,
    "mp-769218": 3.63,
    "mp-570213": 2.94,
    "mp-1023936": 0.435,
    "mp-560588": 2.7443,
    "mp-1222661": 2.94,
    "mp-1227993": 3.75,
    "mp-567246": 2.7,
    "mp-1184796": 1.26,
    "mp-1217830": 2.04,
    "mp-774907": 2.38,
    "mp-672158": 2.34,
    "mp-1228522": 2.4,
    "mp-504910": 6.0,
    "mp-568802": 2.1,
    "mp-1222565": 7.32,
    "mp-33723": 0.64,
    "mp-1227512": 0.42,
    "mp-1189731": 1.86,
    "mp-28089": 1.4837,
    "mp-36779": 1.49,
    "mp-560521": 1.474,
    "mp-571195": 2.96,
    "mp-1208039": 4.12,
    "mp-1224376": 2.4,
    "mp-1219501": 0.7,
    "mp-1218158": 2.05,
    "mp-17207": 2.36,
    "agm003202330": 0.337,
    "agm002254137": 0.62,
    "agm002186848": 0.16,
    "agm002224787": 2.52,
    "agm002153716": 0.14,
    "mp-1195571": 1.604,
    "mp-998230": 2.96,
    "mp-1223489": 6.96,
    "mp-1029932": 1.66,
    "mp-28473": 0.0,
    "mp-1228745": 0.6,
    "mp-1029652": 0.046,
    "mp-985293": 1.62,
    "mp-1019889": 5.02,
    "mp-1227994": 1.78,
    "agm002156258": 4.74,
    "mp-559373": 4.73,
    "mp-1215615": 2.46,
    "mp-1219293": 1.88,
    "mp-560699": 2.22,
    "agm002156599": 3.429,
    "mp-1078049": 3.42,
    "mp-554002": 1.574,
    "mp-1226863": 6.6,
    "agm002848041": 1.62,
    "agm002336867": 0.08,
    "mp-1222496": 1.95,
    "agm003160584": 0.15,
    "mp-568328": 0.32,
    "agm002137965": 1.61,
    "agm002074655": 3.71,
    "agm2000085596": 1.825,
    "agm005539186": 3.67,
    "agm002073755": 0.72,
    "agm002149208": 0.06,
    "agm002225219": 2.68,
    "agm003713453": -1.75,
    "agm1000019508": 8.45,
    "agm2000011039": 8.436,
    "agm005769288": 0.8,
    "agm005112928": 1.62,
    "agm001266143": 2.267,
    "agm005955873": 4.82,
    "agm002077911": 0.56,
    "agm002097562": 6.0,
    "agm2000016398": 1.428,
    "agm2000145156": 6.26,
    "agm002056302": 1.65,
    "agm002190330": 0.38,
    "mp-685097": 4.26,
    "agm003464867": 2.83,
    "agm003204906": 1.578,
    "agm002072309": 1.03,
    "agm003612680": 1.97,
    "agm002128787": 0.68,
    "agm2000128632": 0.344,
    "agm005882580": 2.04,
    "agm003743952": 2.22,
    "mp-1029408": 2.2,
    "agm2000084944": 6.83,
    "mp-998591": 0.24,
    "agm004958126": 2.39,
    "agm002233061": 2.54,
    "agm005605704": 2.87,
    "mp-1220818": 2.15,
    "mp-761842": 0.0,
    "mp-14568": 1.36,
    "agm004947354": 2.46,
    "agm006056059": 1.464,
    "mp-32959": 1.36,
    "agm002091778": 2.47,
    "agm004951594": 0.135,
    "agm002079795": 1.72,
    "agm002018585": 0.71,
    "agm004786105": 2.8
  },
  "metrics": {
    "mae": 13.306298010620974,
    "rmse": 30.02852514967679
  }
}