{
  "predictions": {
    "mp-552663": 0.015826167,
    "mp-753401": 0.1078,
    "mp-23363": 1.529,
    "mp-559961": 4.0137,
    "mp-17066": 1.96,
    "mp-29155": 2.237,
    "mp-542931": 8.335,
    "mp-27316": 0.72,
    "mp-6126": 2.328,
    "mp-997027": 0.03,
    "mp-21521": 0.107698686,
    "mp-8673": 4.42,
    "mp-23280": 1.549,
    "mp-561664": 1.049,
    "mp-23794": 0.72,
    "mp-756570": -4.12,
    "mp-27987": -2.74,
    "mp-550959": 0.06,
    "mp-556719": 1.839,
    "mp-27914": 0.109,
    "mp-29524": 0.073,
    "mp-504908": 3.61,
    "mp-559065": 1.937,
    "mp-769218": 2.96,
    "mp-570213": 1.57,
    "mp-1023936": 0.344,
    "mp-560588": 1.432,
    "mp-1222661": 2.84,
    "mp-1227993": 3.75,
    "mp-567246": 1.729,
    "mp-1184796": 1.263,
    "mp-1217830": 1.13,
    "mp-774907": 2.36,
    "mp-672158": 2.25,
    "mp-1228522": 2.63,
    "mp-504910": -4.37,
    "mp-568802": 1.5,
    "mp-1222565": 7.42,
    "mp-33723": 0.66,
    "mp-1227512": 0.34,
    "mp-1189731": -3.536,
    "mp-28089": 0.59,
    "mp-36779": 1.42,
    "mp-560521": 1.472,
    "mp-571195": 0.422,
    "mp-1208039": 4.178,
    "mp-1224376": 2.52,
    "mp-1219501": 0.64,
    "mp-1218158": 2.15,
    "mp-17207": 2.36,
    "agm003202330": 0.146,
    "agm002254137": 0.625,
    "agm002186848": 0.15,
    "agm002224787": 2.64,
    "agm002153716": 0.24,
    "mp-1195571": 1.03,
    "mp-998230": 2.96,
    "mp-1223489": 5.04,
    "mp-1029932": 1.46,
    "mp-28473": -0.73,
    "mp-1228745": 1.02,
    "mp-1029652": 0.125,
    "mp-985293": 1.537,
    "mp-1019889": 1.629,
    "mp-1227994": 1.75,
    "agm002156258": 4.62,
    "mp-559373": 0.14,
    "mp-1215615": 2.72,
    "mp-1219293": 0.047,
    "mp-560699": 2.43,
    "agm002156599": 4.24,
    "mp-1078049": 2.43,
    "mp-554002": 1.93,
    "mp-1226863": 1.609,
    "agm002848041": 1.186,
    "agm002336867": 0.15,
    "mp-1222496": 0.097,
    "agm003160584": 0.265,
    "mp-568328": 0.18,
    "agm002137965": 1.629,
    "agm002074655": 4.84,
    "agm2000085596": 1.629,
    "agm005539186": 1.629,
    "agm002073755": 5.82,
    "agm002149208": 0.013,
    "agm002225219": 2.375,
    "agm003713453": 1.37,
    "agm1000019508": 8.42,
    "agm2000011039": 8.43,
    "agm005769288": 0.73,
    "agm005112928": 1.627,
    "agm001266143": 3.42,
    "agm005955873": 4.82,
    "agm002077911": 1.66,
    "agm002097562": 5.06,
    "agm2000016398": 1.44,
    "agm2000145156": 1.464,
    "agm002056302": 1.63,
    "agm002190330": 0.38,
    "mp-685097": 2.24,
    "agm003464867": 0.287,
    "agm003204906": 1.6663,
    "agm002072309": 0.64,
    "agm003612680": 11.3,
    "agm002128787": 0.74,
    "agm2000128632": 0.84,
    "agm005882580": 2.04,
    "agm003743952": 1.54,
    "mp-1029408": 0.13,
    "agm2000084944": 4.75,
    "mp-998591": 0.13,
    "agm004958126": 3.57,
    "agm002233061": 2.12,
    "agm005605704": 2.84,
    "mp-1220818": 2.12,
    "mp-761842": 0.0,
    "mp-14568": 11.0073,
    "agm004947354": 2.46,
    "agm006056059": 1.46,
    "mp-32959": 1.342,
    "agm002091778": 2.35,
    "agm004951594": 0.18,
    "agm002079795": 10.0,
    "agm002018585": 0.44,
    "agm004786105": 1.4
  },
  "metrics": {
    "mae": 13.611006480461068,
    "rmse": 30.24368187812521
  }
}