{
  "predictions": {
    "mp-552663": 1.82,
    "mp-753401": 1.92,
    "mp-23363": 3.16,
    "mp-559961": 1.64,
    "mp-17066": 1.93,
    "mp-29155": 1.37,
    "mp-542931": 8.51,
    "mp-27316": 0.0,
    "mp-6126": 1.93,
    "mp-997027": 1.68,
    "mp-21521": 3.48,
    "mp-8673": 1.97,
    "mp-23280": 2.17,
    "mp-561664": 1.83,
    "mp-23794": 10.72,
    "mp-756570": 2.1,
    "mp-27987": 1.68,
    "mp-550959": 0.0,
    "mp-556719": 1.62,
    "mp-27914": 2.25,
    "mp-29524": 0.22,
    "mp-504908": 1.91,
    "mp-559065": 1.65,
    "mp-769218": 2.04,
    "mp-570213": 10.65,
    "mp-1023936": 0.292,
    "mp-560588": 2.41,
    "mp-1222661": 0.0,
    "mp-1227993": 3.59,
    "mp-567246": 3.26,
    "mp-1184796": 0.71,
    "mp-1217830": 1.98,
    "mp-774907": 2.3,
    "mp-672158": 2.25,
    "mp-1228522": 2.34,
    "mp-504910": 1.68,
    "mp-568802": 2.13,
    "mp-1222565": 2.25,
    "mp-33723": 0.17,
    "mp-1227512": 0.28,
    "mp-1189731": 1.64,
    "mp-28089": 2.208290437,
    "mp-36779": 1.64,
    "mp-560521": 1.59,
    "mp-571195": 2.59,
    "mp-1208039": 3.64,
    "mp-1224376": 2.2,
    "mp-1219501": 0.64,
    "mp-1218158": 0.0,
    "mp-17207": 0.74,
    "agm003202330": 0.08,
    "agm002254137": 1.04,
    "agm002186848": 0.0,
    "agm002224787": 1.65,
    "agm002153716": 0.24,
    "mp-1195571": 1.82,
    "mp-998230": 2.63,
    "mp-1223489": 1.58,
    "mp-1029932": 1.87,
    "mp-28473": 1.34,
    "mp-1228745": 1.59,
    "mp-1029652": 1.74,
    "mp-985293": 1.572,
    "mp-1019889": 1.62,
    "mp-1227994": 1.74,
    "agm002156258": 1.73,
    "mp-559373": 1.86,
    "mp-1215615": 2.64,
    "mp-1219293": 1.76,
    "mp-560699": 2.21,
    "agm002156599": 1.72,
    "mp-1078049": 2.55,
    "mp-554002": 1.82,
    "mp-1226863": 2.55,
    "agm002848041": 1.49,
    "agm002336867": 0.3222082172266987,
    "mp-1222496": 10.9,
    "agm003160584": 0.28,
    "mp-568328": 2.27,
    "agm002137965": 1.53,
    "agm002074655": 1.84,
    "agm2000085596": 2.21,
    "agm005539186": 2.82,
    "agm002073755": 2.99,
    "agm002149208": 2.34,
    "agm002225219": 1.56,
    "agm003713453": 2.34,
    "agm1000019508": 1.65,
    "agm2000011039": 1.37,
    "agm005769288": 4.58,
    "agm005112928": 10.74,
    "agm001266143": 0.67,
    "agm005955873": 2.05,
    "agm002077911": 2.48,
    "agm002097562": 2.95,
    "agm2000016398": 1.58,
    "agm2000145156": 11.000000000000002,
    "agm002056302": 2.31,
    "agm002190330": 0.58,
    "mp-685097": 2.82,
    "agm003464867": 2.52,
    "agm003204906": 1.78,
    "agm002072309": 1.35,
    "agm003612680": 2.35,
    "agm002128787": 0.68,
    "agm2000128632": 1.53,
    "agm005882580": 2.82,
    "agm003743952": 10.8475,
    "mp-1029408": 1.92,
    "agm2000084944": 1.54,
    "mp-998591": 0.246,
    "agm004958126": 2.98,
    "agm002233061": 2.44,
    "agm005605704": 2.99,
    "mp-1220818": 2.05,
    "mp-761842": 0.2829872499999999,
    "mp-14568": 0.0,
    "agm004947354": 2.49,
    "agm006056059": 1.59,
    "mp-32959": 0.284,
    "agm002091778": 4.95,
    "agm004951594": 2.04,
    "agm002079795": 2.55,
    "agm002018585": 0.274,
    "agm004786105": 2.96
  },
  "metrics": {
    "mae": 13.137655682951523,
    "rmse": 29.805096805669134
  }
}