{
  "predictions": {
    "mp-21892": 4.223831583530801,
    "mp-8070": 0.6272433367239042,
    "mp-558491": 0.48334654348894845,
    "mp-632684": 0.516723673863858,
    "mp-23329": 6.2814637720688316,
    "mp-555150": 1.2081563397581092,
    "mp-760755": 0.8652212278236392,
    "mp-6268": 2.452071673249286,
    "mp-559057": 3.2150085321432296,
    "mp-1778": 2.5427737899688894,
    "mp-2176": 73.71681704432314,
    "mp-22909": 1.512481618991022,
    "mp-9844": 0.6788759279271943,
    "mp-9066": 1.5301917138243462,
    "mp-6126": 6.115037259137295,
    "mp-632229": 2.2305214559312314,
    "mp-21521": 7.478791996225977,
    "mp-1287": 20.526330538790024,
    "mp-756044": 2.40645876885234,
    "mp-754712": 4.140178097825014,
    "mp-18168": 2.17771839105085,
    "mp-505702": 3.1877220584817896,
    "mp-559065": 6.550257600820925,
    "mp-559545": 6.922883052533901,
    "mp-549720": 21.163000814903697,
    "mp-561385": 3.2804004838879184,
    "mp-13666": 29.593478598425108,
    "mp-14444": 17.937925099973977,
    "mp-2469": 15.118178457670338,
    "mp-31451": 79.37185209517196,
    "mp-1023924": 10.640580473489928,
    "mp-38011": 2.267854599549377,
    "mp-8884": 78.4309186430452,
    "mp-6980": 14.847961925704167,
    "mp-4524": 65.1323466210119,
    "mp-11714": 6.558345731714874,
    "mp-1180133": 7.982894872867348,
    "mp-1225884": 0.8235523339690485,
    "mp-1196457": 0.38931169535967797,
    "mp-560894": 0.4097432935941996,
    "mp-1196282": 0.3481499791607404,
    "mp-1219328": 18.345096312024396,
    "mp-1227124": 31.554206987279983,
    "mp-1102285": 9.584910005822207,
    "mp-1227389": 15.584502037089235,
    "mp-1227110": 0.41596519133935694,
    "mp-1079676": 1.175334083126585,
    "mp-1228342": 2.321582239753712,
    "mp-17862": 47.0473943320226,
    "mp-504952": 48.20022394503127,
    "mp-1223849": 1.8518697688883787,
    "mp-1208039": 1.353622258927234,
    "mp-625175": 0.4781097008279357,
    "agm003160552": 68.77935301579403,
    "agm003202328": 29.788450161291763,
    "agm002278924": 54.457323336116005,
    "agm003202410": 65.1333943272356,
    "mp-1227011": 33.595926432358254,
    "agm002224865": 9.600411722337189,
    "agm003157565": 0.9926591500298162,
    "agm002140778": 1.8591325839495716,
    "agm002041336": 35.74452570151132,
    "agm003219193": 0.42665097212461683,
    "mp-1228160": 0.45888338676517265,
    "mp-1223489": 0.4171140282275065,
    "mp-1221169": 13.919235260305582,
    "mp-4431": 16.01269514993147,
    "mp-1105300": 25.444171359146022,
    "mp-1103351": 14.385842758385188,
    "mp-1029368": 11.136625520806428,
    "mp-1029633": 12.646482408064138,
    "agm002147818": 0.26238682183293255,
    "agm002153139": 1.1852453513402097,
    "mp-555202": 0.8915464910391308,
    "mp-1216976": 23.948132774320793,
    "mp-626172": 0.49713422255871104,
    "agm002156258": 0.8607116632607439,
    "mp-772748": 0.46750725990051534,
    "mp-1223389": 15.86795307664736,
    "mp-9427": 0.42855606260812273,
    "mp-1225916": 0.799624978053243,
    "agm003237859": 1.568912185378101,
    "mp-1221971": 10.618847719969988,
    "agm002237807": 47.55355522642364,
    "mp-1215642": 10.21778175983639,
    "agm003213121": 7.8273564754471305,
    "agm002297812": 1.2395009433268562,
    "mp-29157": 50.758786491043196,
    "mp-555915": 9.45421040089145,
    "agm002138671": 6.114505336351597,
    "agm002790067": 43.96884995849239,
    "agm002205114": 60.30964524231281,
    "agm002184995": 50.31054727835235,
    "agm003235252": 0.37745073077078617,
    "agm003206267": 13.210303381988002,
    "agm003705731": 4.409405468437392,
    "agm2000126920": 2.203558929199684,
    "agm2000137141": 23.377378172441745,
    "agm005848675": 27.728623593770163,
    "mp-2802611": 0.44529927371078065,
    "agm005056300": 8.606048930076184,
    "agm004786326": 10.725428682455677,
    "agm001234439": 9.343811077112742,
    "agm002056302": 2.5288225715324497,
    "agm002137665": 0.2835469555269843,
    "mp-554918": 1.0433896027608396,
    "agm001375463": 65.28163634954807,
    "agm005721583": 19.173639651465518,
    "agm006020719": 0.4563980660011731,
    "agm003112540": 54.46855538120535,
    "agm004787350": 2.0159955745092977,
    "agm002176403": 1.855148235314655,
    "agm002161194": 13.074696750590226,
    "agm2000136656": 13.420538995546638,
    "mp-1208179": 1.0043703181689703,
    "agm002017294": 22.972469711615773,
    "agm002041315": 50.76970460013932,
    "agm003469328": 0.4143010693697191,
    "agm005072178": 0.2502180066252771,
    "agm005664742": 3.4122513828870775,
    "agm004773455": 2.2352057105893888,
    "agm005071058": 2.482248030514427,
    "agm006047746": 49.71682580468327,
    "agm005754384": 2.116361708532526,
    "agm005748012": 0.6326643425015408
  },
  "metrics": {
    "mae": 8.537435235426388,
    "rmse": 19.98447420263488,
    "spearman": 0.8776774193548387,
    "r2_score": 0.5770371255130917
  }
}