{
  "predictions": {
    "mp-21892": 3.427566767674264,
    "mp-8070": 0.8409289275403254,
    "mp-558491": 0.733768414282417,
    "mp-632684": 0.7843327496826796,
    "mp-23329": 5.3678949979131065,
    "mp-555150": 1.8458011768733738,
    "mp-760755": 0.8585523728749809,
    "mp-6268": 3.08323766378376,
    "mp-559057": 4.816880535395862,
    "mp-1778": 0.8138101566891655,
    "mp-2176": 87.44174077487229,
    "mp-22909": 3.568214043585227,
    "mp-9844": 0.8119819129072221,
    "mp-9066": 1.5777710402592766,
    "mp-6126": 2.3177126676665405,
    "mp-632229": 2.752514113745607,
    "mp-21521": 4.237319021029878,
    "mp-1287": 16.00642582063994,
    "mp-756044": 1.6396276450283782,
    "mp-754712": 1.7782782618277215,
    "mp-18168": 4.3201533328142645,
    "mp-505702": 5.840596737015224,
    "mp-559065": 6.153614886154796,
    "mp-559545": 4.1521031643803,
    "mp-549720": 20.33127390120894,
    "mp-561385": 3.4395858344415604,
    "mp-13666": 22.46734791797704,
    "mp-14444": 14.007416686000203,
    "mp-2469": 12.774492748186082,
    "mp-31451": 83.22770736288093,
    "mp-1023924": 10.92407900857823,
    "mp-38011": 3.9744082256922373,
    "mp-8884": 87.2047474416884,
    "mp-6980": 9.17244583257645,
    "mp-4524": 65.75230681232459,
    "mp-11714": 5.568045524838697,
    "mp-1180133": 3.5299474853756707,
    "mp-1225884": 1.0242638253213259,
    "mp-1196457": 0.6544124048939373,
    "mp-560894": 0.7552451680962293,
    "mp-1196282": 0.5692714291116509,
    "mp-1219328": 15.0932765000399,
    "mp-1227124": 27.45317856122887,
    "mp-1102285": 6.941575942909212,
    "mp-1227389": 21.129389640095447,
    "mp-1227110": 0.7538761277761771,
    "mp-1079676": 1.684699370104055,
    "mp-1228342": 2.9527592586436633,
    "mp-17862": 46.928562343711945,
    "mp-504952": 49.898257479557195,
    "mp-1223849": 2.7090006368926765,
    "mp-1208039": 2.6128042962886924,
    "mp-625175": 0.7376668599626552,
    "agm003160552": 81.16973783300169,
    "agm003202328": 21.02860416749088,
    "agm002278924": 68.94752543880368,
    "agm003202410": 49.692170589599336,
    "mp-1227011": 39.90079494964562,
    "agm002224865": 12.217221957406096,
    "agm003157565": 1.8470263139186636,
    "agm002140778": 2.4185566852310285,
    "agm002041336": 26.72093465279012,
    "agm003219193": 0.7445074201374479,
    "mp-1228160": 0.9682944287336929,
    "mp-1223489": 0.7449741061815263,
    "mp-1221169": 13.477757229755094,
    "mp-4431": 21.989702588410616,
    "mp-1105300": 22.95825935884477,
    "mp-1103351": 16.778103597521376,
    "mp-1029368": 10.692917056814677,
    "mp-1029633": 7.075166921559077,
    "agm002147818": 0.6191099173176421,
    "agm002153139": 0.7998712850198482,
    "mp-555202": 1.3044102382037124,
    "mp-1216976": 20.432444354734656,
    "mp-626172": 0.7341718946045722,
    "agm002156258": 1.250137658971972,
    "mp-772748": 0.7510061294813988,
    "mp-1223389": 13.000559432868112,
    "mp-9427": 0.7740350971332329,
    "mp-1225916": 2.2256618947915205,
    "agm003237859": 1.2068719859897388,
    "mp-1221971": 12.015833924894514,
    "agm002237807": 44.318417728121524,
    "mp-1215642": 5.054957305728674,
    "agm003213121": 8.814173310893567,
    "agm002297812": 2.3620235441902575,
    "mp-29157": 62.137480852040255,
    "mp-555915": 2.7275373914341197,
    "agm002138671": 3.128970605758635,
    "agm002790067": 36.115593684471904,
    "agm002205114": 45.94197359422508,
    "agm002184995": 56.79275407798466,
    "agm003235252": 0.6546454898363905,
    "agm003206267": 13.246794501329777,
    "agm003705731": 4.376569375725523,
    "agm2000126920": 2.3696553166050864,
    "agm2000137141": 22.12684541815234,
    "agm005848675": 30.05917153087225,
    "mp-2802611": 0.7886699857199472,
    "agm005056300": 6.378519067446714,
    "agm004786326": 11.181716822106573,
    "agm001234439": 5.68044732548347,
    "agm002056302": 3.2731863675901978,
    "agm002137665": 0.6187764478409818,
    "mp-554918": 0.9536710801213094,
    "agm001375463": 51.02202101393333,
    "agm005721583": 13.442742743887344,
    "agm006020719": 0.6840847853413091,
    "agm003112540": 55.06299457544025,
    "agm004787350": 1.9273351807706378,
    "agm002176403": 2.0357255094048035,
    "agm002161194": 12.715090298624244,
    "agm2000136656": 8.24661009806368,
    "mp-1208179": 3.9730805641905795,
    "agm002017294": 26.208572298208185,
    "agm002041315": 43.94198099853982,
    "agm003469328": 0.681570808607748,
    "agm005072178": 0.578189978377782,
    "agm005664742": 4.625826566459165,
    "agm004773455": 2.750374351265707,
    "agm005071058": 3.2778531180459334,
    "agm006047746": 52.43361232037435,
    "agm005754384": 3.26333339615108,
    "agm005748012": 0.9051736687318729
  },
  "metrics": {
    "mae": 8.647552285860389,
    "rmse": 19.931937591176435,
    "spearman": 0.8824024577572963,
    "r2_score": 0.5792580323881643
  }
}