{
  "predictions": {
    "mp-21892": 5.369559245905667,
    "mp-8070": 0.8110880202630676,
    "mp-558491": 0.5009028331723435,
    "mp-632684": 0.5305050828374497,
    "mp-23329": 6.177687482414333,
    "mp-555150": 1.0901604303544323,
    "mp-760755": 1.1089587160557777,
    "mp-6268": 2.8509865152310874,
    "mp-559057": 2.5137033891709435,
    "mp-1778": 2.167470815197386,
    "mp-2176": 70.62285710186434,
    "mp-22909": 1.535669773213784,
    "mp-9844": 0.8424967145890601,
    "mp-9066": 1.5346020212396292,
    "mp-6126": 5.588133127645316,
    "mp-632229": 2.4266047264900563,
    "mp-21521": 5.8555865553461555,
    "mp-1287": 19.159188560271318,
    "mp-756044": 1.9536294227500965,
    "mp-754712": 4.048284454477914,
    "mp-18168": 2.096756482921758,
    "mp-505702": 4.783151495788165,
    "mp-559065": 6.277390156718813,
    "mp-559545": 6.937372756331805,
    "mp-549720": 19.47677808739347,
    "mp-561385": 2.770533367907422,
    "mp-13666": 38.51327876383448,
    "mp-14444": 19.4563192298385,
    "mp-2469": 22.89519333558923,
    "mp-31451": 73.03508778100664,
    "mp-1023924": 11.319053438435034,
    "mp-38011": 3.3969706503285413,
    "mp-8884": 76.5783123903454,
    "mp-6980": 16.853034412453486,
    "mp-4524": 62.84288123922173,
    "mp-11714": 7.099670600136752,
    "mp-1180133": 8.394538990200886,
    "mp-1225884": 0.5516633311534491,
    "mp-1196457": 0.39615619357375714,
    "mp-560894": 0.38308032092312727,
    "mp-1196282": 0.33761012077326213,
    "mp-1219328": 18.117647798399716,
    "mp-1227124": 34.77893193358053,
    "mp-1102285": 11.173908684002452,
    "mp-1227389": 19.53911401965322,
    "mp-1227110": 0.3815513743145232,
    "mp-1079676": 2.6460751907109996,
    "mp-1228342": 3.7073113192979665,
    "mp-17862": 47.25983479178632,
    "mp-504952": 44.95266938572875,
    "mp-1223849": 1.7565866318674346,
    "mp-1208039": 1.1790851786804653,
    "mp-625175": 0.5962862420922801,
    "agm003160552": 58.8179610179708,
    "agm003202328": 30.738880832399627,
    "agm002278924": 55.153769939144134,
    "agm003202410": 56.805127062631726,
    "mp-1227011": 35.14799498544518,
    "agm002224865": 11.173547452225757,
    "agm003157565": 0.8417764582529902,
    "agm002140778": 2.2111104743908307,
    "agm002041336": 39.66174020959505,
    "agm003219193": 0.4355676266547961,
    "mp-1228160": 0.3930701794605644,
    "mp-1223489": 0.39469029085146146,
    "mp-1221169": 18.43945189313841,
    "mp-4431": 18.051541093351204,
    "mp-1105300": 24.62999224996921,
    "mp-1103351": 22.881607656242736,
    "mp-1029368": 13.551716165597812,
    "mp-1029633": 20.759588790616736,
    "agm002147818": 0.4301822290607029,
    "agm002153139": 1.1679893152443612,
    "mp-555202": 0.8582651217109541,
    "mp-1216976": 26.278319553277,
    "mp-626172": 0.44059219661383536,
    "agm002156258": 0.9540921508457828,
    "mp-772748": 0.46071163208868293,
    "mp-1223389": 14.789776081912041,
    "mp-9427": 0.4152856833616194,
    "mp-1225916": 1.3568924948718912,
    "agm003237859": 0.5800415625450964,
    "mp-1221971": 10.633242267699554,
    "agm002237807": 39.36828279402765,
    "mp-1215642": 8.267665893016948,
    "agm003213121": 7.826503904700753,
    "agm002297812": 1.4480778725851184,
    "mp-29157": 46.12138487917191,
    "mp-555915": 7.395105832511693,
    "agm002138671": 6.208528095085119,
    "agm002790067": 41.49511164409458,
    "agm002205114": 56.59979884863548,
    "agm002184995": 56.812812143121285,
    "agm003235252": 0.44183012461971083,
    "agm003206267": 10.862862210533477,
    "agm003705731": 4.248920593246332,
    "agm2000126920": 1.985841712416472,
    "agm2000137141": 19.374185228813463,
    "agm005848675": 24.958114232162583,
    "mp-2802611": 0.4763231276265691,
    "agm005056300": 8.337331286949755,
    "agm004786326": 11.629017229288587,
    "agm001234439": 10.403295431668935,
    "agm002056302": 2.12221549660899,
    "agm002137665": 0.24291155231365089,
    "mp-554918": 1.0970621121289772,
    "agm001375463": 74.4217499564288,
    "agm005721583": 16.419276872715812,
    "agm006020719": 0.5422591264132759,
    "agm003112540": 52.53434665659408,
    "agm004787350": 2.0541544158055136,
    "agm002176403": 1.4152511772690053,
    "agm002161194": 13.556804949286777,
    "agm2000136656": 15.207954174183326,
    "mp-1208179": 0.6305442939968936,
    "agm002017294": 23.04133526531406,
    "agm002041315": 57.06155477173621,
    "agm003469328": 0.32359494010530854,
    "agm005072178": 0.20556041042157477,
    "agm005664742": 4.8439240101100784,
    "agm004773455": 2.5012531999109537,
    "agm005071058": 1.982418193987077,
    "agm006047746": 48.028192473906,
    "agm005754384": 2.1969959179653262,
    "agm005748012": 0.4980636016243013
  },
  "metrics": {
    "mae": 8.647092611865066,
    "rmse": 20.012587277482,
    "spearman": 0.8864946236559138,
    "r2_score": 0.5758462860159339
  }
}