{
  "predictions": {
    "mp-8377": 14.135322645489886,
    "mp-7595": 14.135322645489886,
    "mp-5854": 14.135322645489886,
    "mp-35082": 14.135322645489886,
    "mp-696752": 14.135322645489886,
    "mp-13725": 14.135322645489886,
    "mp-556489": 14.135322645489886,
    "mp-28512": 14.135322645489886,
    "mp-23329": 14.135322645489886,
    "mp-863374": 14.135322645489886,
    "mp-29909": 14.135322645489886,
    "mp-2654": 14.135322645489886,
    "mp-24610": 14.135322645489886,
    "mp-622018": 14.135322645489886,
    "mp-17677": 14.135322645489886,
    "mp-2254": 14.135322645489886,
    "mp-23427": 14.135322645489886,
    "mp-555880": 14.135322645489886,
    "mp-600059": 14.135322645489886,
    "mp-26949": 14.135322645489886,
    "mp-6765": 14.135322645489886,
    "mp-560394": 14.135322645489886,
    "mp-972808": 14.135322645489886,
    "mp-1778": 14.135322645489886,
    "mp-10695": 14.135322645489886,
    "mp-752467": 14.135322645489886,
    "mp-3519": 14.135322645489886,
    "mp-554151": 14.135322645489886,
    "mp-715584": 14.135322645489886,
    "mp-555560": 14.135322645489886,
    "mp-752955": 14.135322645489886,
    "mp-626620": 14.135322645489886,
    "mp-29946": 14.135322645489886,
    "mp-14175": 14.135322645489886,
    "mp-4117": 14.135322645489886,
    "mp-34579": 14.135322645489886,
    "mp-9268": 14.135322645489886,
    "mp-27931": 14.135322645489886,
    "mp-7868": 14.135322645489886,
    "mp-769349": 14.135322645489886,
    "mp-18929": 14.135322645489886,
    "mp-557027": 14.135322645489886,
    "mp-562072": 14.135322645489886,
    "mp-18509": 14.135322645489886,
    "mp-12171": 14.135322645489886,
    "mp-8075": 14.135322645489886,
    "mp-22914": 14.135322645489886,
    "mp-7664": 14.135322645489886,
    "mp-18741": 14.135322645489886,
    "mp-561385": 14.135322645489886,
    "mp-685145": 14.135322645489886,
    "mp-1219182": 14.135322645489886,
    "mp-13150": 14.135322645489886,
    "mp-8062": 14.135322645489886,
    "mp-1100415": 14.135322645489886,
    "mp-1100395": 14.135322645489886,
    "mp-961687": 14.135322645489886,
    "mp-30847": 14.135322645489886,
    "mp-36111": 14.135322645489886,
    "mp-1207095": 14.135322645489886,
    "mp-1100408": 14.135322645489886,
    "mp-10616": 14.135322645489886,
    "mp-1228888": 14.135322645489886,
    "mp-1178514": 14.135322645489886,
    "mp-1014251": 14.135322645489886,
    "mp-4524": 14.135322645489886,
    "mp-15703": 14.135322645489886,
    "mp-1016197": 14.135322645489886,
    "mp-35777": 14.135322645489886,
    "mp-1190586": 14.135322645489886,
    "mp-555846": 14.135322645489886,
    "mp-1178731": 14.135322645489886,
    "mp-1207615": 14.135322645489886,
    "mp-30532": 14.135322645489886,
    "mp-672118": 14.135322645489886,
    "mp-1540904": 14.135322645489886,
    "mp-663963": 14.135322645489886,
    "mp-1219622": 14.135322645489886,
    "mp-29798": 14.135322645489886,
    "mp-1227567": 14.135322645489886,
    "mp-570084": 14.135322645489886,
    "mp-36225": 14.135322645489886,
    "mp-28090": 14.135322645489886,
    "mp-1247833": 14.135322645489886,
    "mp-560275": 14.135322645489886,
    "mp-1189091": 14.135322645489886,
    "mp-638009": 14.135322645489886,
    "mp-560521": 14.135322645489886,
    "mp-24705": 14.135322645489886,
    "mp-1516294": 14.135322645489886,
    "mp-680555": 14.135322645489886,
    "mp-1199009": 14.135322645489886,
    "mp-1227646": 14.135322645489886,
    "mp-1227425": 14.135322645489886,
    "mp-643033": 14.135322645489886,
    "mp-1208595": 14.135322645489886,
    "mp-561303": 14.135322645489886,
    "mp-1197982": 14.135322645489886,
    "mp-1210275": 14.135322645489886,
    "mp-1103317": 14.135322645489886,
    "mp-1217833": 14.135322645489886,
    "mp-669414": 14.135322645489886,
    "mp-1203760": 14.135322645489886,
    "mp-1219516": 14.135322645489886,
    "mp-532424": 14.135322645489886,
    "mp-1194594": 14.135322645489886,
    "mp-1200889": 14.135322645489886,
    "mp-1216198": 14.135322645489886,
    "mp-1223615": 14.135322645489886,
    "mp-1216384": 14.135322645489886,
    "agm003202342": 14.135322645489886,
    "agm002254228": 14.135322645489886,
    "agm002254137": 14.135322645489886,
    "agm003246842": 14.135322645489886,
    "mp-1218494": 14.135322645489886,
    "mp-1216863": 14.135322645489886,
    "agm002153716": 14.135322645489886,
    "mp-1224998": 14.135322645489886,
    "mp-1227270": 14.135322645489886,
    "mp-1216100": 14.135322645489886,
    "agm002218325": 14.135322645489886,
    "mp-1195270": 14.135322645489886,
    "agm003282739": 14.135322645489886,
    "mp-554718": 14.135322645489886,
    "mp-619032": 14.135322645489886,
    "mp-779738": 14.135322645489886,
    "mp-779980": 14.135322645489886,
    "agm002138957": 14.135322645489886,
    "agm002158434": 14.135322645489886,
    "mp-686057": 14.135322645489886,
    "mp-8234": 14.135322645489886,
    "mp-7801": 14.135322645489886,
    "mp-1091384": 14.135322645489886,
    "mp-1106183": 14.135322645489886,
    "mp-9270": 14.135322645489886,
    "mp-1020615": 14.135322645489886,
    "mp-1220004": 14.135322645489886,
    "mp-35220": 14.135322645489886,
    "mp-1226003": 14.135322645489886,
    "mp-1103527": 14.135322645489886,
    "mp-3677": 14.135322645489886,
    "mp-13923": 14.135322645489886,
    "mp-697139": 14.135322645489886,
    "mp-556218": 14.135322645489886,
    "mp-24402": 14.135322645489886,
    "agm003058424": 14.135322645489886,
    "mp-1079609": 14.135322645489886,
    "agm002221235": 14.135322645489886,
    "mp-552729": 14.135322645489886,
    "mp-1216838": 14.135322645489886,
    "mp-1219293": 14.135322645489886,
    "agm002156600": 14.135322645489886,
    "mp-1220800": 14.135322645489886,
    "mp-1220913": 14.135322645489886,
    "mp-557560": 14.135322645489886,
    "mp-1173354": 14.135322645489886,
    "agm003263235": 14.135322645489886,
    "mp-558804": 14.135322645489886,
    "mp-24181": 14.135322645489886,
    "agm003209762": 14.135322645489886,
    "agm003230671": 14.135322645489886,
    "mp-684767": 14.135322645489886,
    "mp-1079056": 14.135322645489886,
    "mp-1222973": 14.135322645489886,
    "mp-23887": 14.135322645489886,
    "agm003161025": 14.135322645489886,
    "agm002283882": 14.135322645489886,
    "mp-1105127": 14.135322645489886,
    "mp-568735": 14.135322645489886,
    "mp-570791": 14.135322645489886,
    "mp-775784": 14.135322645489886,
    "agm002133621": 14.135322645489886,
    "agm002171503": 14.135322645489886,
    "agm002195438": 14.135322645489886,
    "agm004786072": 14.135322645489886,
    "agm003446586": 14.135322645489886,
    "agm006085144": 14.135322645489886,
    "agm2000004556": 14.135322645489886,
    "agm004457337": 14.135322645489886,
    "agm003457804": 14.135322645489886,
    "agm2000001855": 14.135322645489886,
    "agm003445650": 14.135322645489886,
    "agm2000001840": 14.135322645489886,
    "agm003263243": 14.135322645489886,
    "agm004787324": 14.135322645489886,
    "agm2000026319": 14.135322645489886,
    "agm003612191": 14.135322645489886,
    "agm2000011039": 14.135322645489886,
    "agm003705731": 14.135322645489886,
    "agm005056294": 14.135322645489886,
    "agm006104772": 14.135322645489886,
    "agm003429048": 14.135322645489886,
    "agm003458321": 14.135322645489886,
    "agm2000088392": 14.135322645489886,
    "agm002161193": 14.135322645489886,
    "agm005703630": 14.135322645489886,
    "agm005545154": 14.135322645489886,
    "agm002056301": 14.135322645489886,
    "agm002225611": 14.135322645489886,
    "agm003194260": 14.135322645489886,
    "agm003042496": 14.135322645489886,
    "agm002137665": 14.135322645489886,
    "mp-23614": 14.135322645489886,
    "agm003555308": 14.135322645489886,
    "agm004461916": 14.135322645489886,
    "agm005208831": 14.135322645489886,
    "mp-1193222": 14.135322645489886,
    "mp-2245": 14.135322645489886,
    "agm005050544": 14.135322645489886,
    "agm2000001907": 14.135322645489886,
    "agm002077901": 14.135322645489886,