{
  "predictions": {
    "mp-21892": 13.46063138867259,
    "mp-8070": 13.46063138867259,
    "mp-558491": 13.46063138867259,
    "mp-632684": 13.46063138867259,
    "mp-23329": 13.46063138867259,
    "mp-555150": 13.46063138867259,
    "mp-6564": 13.46063138867259,
    "mp-18578": 13.46063138867259,
    "mp-760755": 13.46063138867259,
    "mp-28456": 13.46063138867259,
    "mp-4779": 13.46063138867259,
    "mp-6268": 13.46063138867259,
    "mp-706621": 13.46063138867259,
    "mp-559057": 13.46063138867259,
    "mp-24468": 13.46063138867259,
    "mp-1778": 13.46063138867259,
    "mp-2176": 13.46063138867259,
    "mp-22909": 13.46063138867259,
    "mp-4187": 13.46063138867259,
    "mp-10341": 13.46063138867259,
    "mp-9844": 13.46063138867259,
    "mp-5784": 13.46063138867259,
    "mp-20694": 13.46063138867259,
    "mp-9066": 13.46063138867259,
    "mp-6126": 13.46063138867259,
    "mp-632229": 13.46063138867259,
    "mp-12177": 13.46063138867259,
    "mp-21521": 13.46063138867259,
    "mp-1287": 13.46063138867259,
    "mp-756044": 13.46063138867259,
    "mp-754712": 13.46063138867259,
    "mp-4812": 13.46063138867259,
    "mp-18168": 13.46063138867259,
    "mp-23866": 13.46063138867259,
    "mp-558085": 13.46063138867259,
    "mp-230": 13.46063138867259,
    "mp-505702": 13.46063138867259,
    "mp-559065": 13.46063138867259,
    "mp-559545": 13.46063138867259,
    "mp-549720": 13.46063138867259,
    "mp-561385": 13.46063138867259,
    "mp-13666": 13.46063138867259,
    "mp-14444": 13.46063138867259,
    "mp-1550": 13.46063138867259,
    "mp-2469": 13.46063138867259,
    "mp-31451": 13.46063138867259,
    "mp-1023924": 13.46063138867259,
    "mp-1100395": 13.46063138867259,
    "mp-961682": 13.46063138867259,
    "mp-38011": 13.46063138867259,
    "mp-30847": 13.46063138867259,
    "mp-8884": 13.46063138867259,
    "mp-1017534": 13.46063138867259,
    "mp-6980": 13.46063138867259,
    "mp-560588": 13.46063138867259,
    "mp-4524": 13.46063138867259,
    "mp-4514": 13.46063138867259,
    "mp-11714": 13.46063138867259,
    "mp-1180133": 13.46063138867259,
    "mp-675161": 13.46063138867259,
    "mp-983327": 13.46063138867259,
    "mp-1225884": 13.46063138867259,
    "mp-1219554": 13.46063138867259,
    "mp-1196457": 13.46063138867259,
    "mp-560894": 13.46063138867259,
    "mp-1196282": 13.46063138867259,
    "mp-1222122": 13.46063138867259,
    "mp-1219328": 13.46063138867259,
    "mp-1227014": 13.46063138867259,
    "mp-1222205": 13.46063138867259,
    "mp-1227124": 13.46063138867259,
    "mp-1102285": 13.46063138867259,
    "mp-1227389": 13.46063138867259,
    "mp-1180688": 13.46063138867259,
    "mp-1399519": 13.46063138867259,
    "mp-1227110": 13.46063138867259,
    "mp-1079676": 13.46063138867259,
    "mp-24705": 13.46063138867259,
    "mp-1516294": 13.46063138867259,
    "mp-1228342": 13.46063138867259,
    "mp-17862": 13.46063138867259,
    "mp-504952": 13.46063138867259,
    "mp-1222589": 13.46063138867259,
    "mp-1223849": 13.46063138867259,
    "mp-6524": 13.46063138867259,
    "mp-1208039": 13.46063138867259,
    "mp-625175": 13.46063138867259,
    "mp-1219000": 13.46063138867259,
    "mp-532424": 13.46063138867259,
    "mp-1218099": 13.46063138867259,
    "agm002306806": 13.46063138867259,
    "agm003160552": 13.46063138867259,
    "agm003202328": 13.46063138867259,
    "agm002353946": 13.46063138867259,
    "agm002278924": 13.46063138867259,
    "agm002381637": 13.46063138867259,
    "agm003225028": 13.46063138867259,
    "agm003202410": 13.46063138867259,
    "agm003230659": 13.46063138867259,
    "agm003128264": 13.46063138867259,
    "mp-781710": 13.46063138867259,
    "mp-1227011": 13.46063138867259,
    "mp-1216118": 13.46063138867259,
    "agm002166075": 13.46063138867259,
    "agm002135972": 13.46063138867259,
    "mp-3267": 13.46063138867259,
    "agm002224865": 13.46063138867259,
    "agm002347507": 13.46063138867259,
    "agm003157565": 13.46063138867259,
    "mp-1216100": 13.46063138867259,
    "mp-1195571": 13.46063138867259,
    "mp-780232": 13.46063138867259,
    "agm002018869": 13.46063138867259,
    "agm002140778": 13.46063138867259,
    "agm002041336": 13.46063138867259,
    "agm003219193": 13.46063138867259,
    "mp-1228160": 13.46063138867259,
    "mp-1223489": 13.46063138867259,
    "mp-1221169": 13.46063138867259,
    "mp-4431": 13.46063138867259,
    "mp-8393": 13.46063138867259,
    "mp-1105300": 13.46063138867259,
    "mp-36066": 13.46063138867259,
    "mp-1103351": 13.46063138867259,
    "mp-1103228": 13.46063138867259,
    "mp-1029368": 13.46063138867259,
    "mp-1217825": 13.46063138867259,
    "mp-1029633": 13.46063138867259,
    "agm002147818": 13.46063138867259,
    "agm003248171": 13.46063138867259,
    "mp-1223526": 13.46063138867259,
    "agm002153139": 13.46063138867259,
    "mp-239": 13.46063138867259,
    "agm002137320": 13.46063138867259,
    "mp-1079609": 13.46063138867259,
    "mp-558219": 13.46063138867259,
    "mp-555202": 13.46063138867259,
    "mp-1216976": 13.46063138867259,
    "mp-626172": 13.46063138867259,
    "agm002156258": 13.46063138867259,
    "mp-772748": 13.46063138867259,
    "agm002237467": 13.46063138867259,
    "mp-1223389": 13.46063138867259,
    "agm002155430": 13.46063138867259,
    "mp-9427": 13.46063138867259,
    "mp-1225916": 13.46063138867259,
    "agm003237859": 13.46063138867259,
    "agm002156600": 13.46063138867259,
    "mp-1221971": 13.46063138867259,
    "mp-1220913": 13.46063138867259,
    "agm002237807": 13.46063138867259,
    "mp-1221578": 13.46063138867259,
    "mp-1191266": 13.46063138867259,
    "mp-1205304": 13.46063138867259,
    "mp-1218334": 13.46063138867259,
    "agm002215982": 13.46063138867259,
    "mp-559752": 13.46063138867259,
    "mp-1215642": 13.46063138867259,
    "agm002813663": 13.46063138867259,
    "mp-1247873": 13.46063138867259,
    "mp-1194479": 13.46063138867259,
    "mp-558521": 13.46063138867259,
    "agm003213121": 13.46063138867259,
    "agm002286033": 13.46063138867259,
    "agm002297812": 13.46063138867259,
    "mp-1147697": 13.46063138867259,
    "mp-29157": 13.46063138867259,
    "mp-558277": 13.46063138867259,
    "agm003200486": 13.46063138867259,
    "agm002157245": 13.46063138867259,
    "mp-1370": 13.46063138867259,
    "mp-555915": 13.46063138867259,
    "mp-776226": 13.46063138867259,
    "agm002138671": 13.46063138867259,
    "agm002790067": 13.46063138867259,
    "agm002163280": 13.46063138867259,
    "mp-532444": 13.46063138867259,
    "agm002177957": 13.46063138867259,
    "agm006045098": 13.46063138867259,
    "agm002205114": 13.46063138867259,
    "agm2000005406": 13.46063138867259,
    "agm002184995": 13.46063138867259,
    "agm003235252": 13.46063138867259,
    "agm002178912": 13.46063138867259,
    "agm002115629": 13.46063138867259,
    "agm003206267": 13.46063138867259,
    "agm004739450": 13.46063138867259,
    "agm003705731": 13.46063138867259,
    "agm005112928": 13.46063138867259,
    "agm005722808": 13.46063138867259,
    "agm2000126920": 13.46063138867259,
    "agm2000137141": 13.46063138867259,
    "agm005848675": 13.46063138867259,
    "mp-2802611": 13.46063138867259,
    "agm002158085": 13.46063138867259,
    "agm005545163": 13.46063138867259,
    "agm005056300": 13.46063138867259,
    "agm004786326": 13.46063138867259,
    "agm003048447": 13.46063138867259,
    "agm002102212": 13.46063138867259,
    "agm001234439": 13.46063138867259,
    "agm002056302": 13.46063138867259,
    "agm002137665": 13.46063138867259,
    "agm003555711": 13.46063138867259,
    "mp-554918": 13.46063138867259,
    "mp-570756": 13.46063138867259,
    "agm001375463": 13.46063138867259,
    "agm005208831": 13.46063138867259,
    "mp-4452": 13.46063138867259,
    "agm005882616": 13.46063138867259,
    "agm2000001907": 13.46063138867259,
    "agm005721583": 13.46063138867259,
    "agm001281942": 13.46063138867259,
    "agm003267560": 13.46063138867259,
    "agm004773887": 13.46063138867259,
    "agm004852816": 13.46063138867259,