{
  "predictions": {
    "mp-983357": 0.3316376507,
    "mp-8377": 34.2948074341,
    "mp-18938": 2.3985292912,
    "mp-5854": 1.6247274876,
    "mp-23778": 1.1931097507,
    "mp-19219": 1.0144760609,
    "mp-9197": 0.6133721471,
    "mp-553887": 1.2469065189,
    "mp-23407": 3.4459278584,
    "mp-555150": 0.3546307385,
    "mp-6062": 1.3468248844000001,
    "mp-863374": 5.4422974586,
    "mp-23363": 0.3534558117,
    "mp-23321": 0.0679619759,
    "mp-27755": 0.4295952618,
    "mp-3491": 10.8090085983,
    "mp-540634": 1.0015108585,
    "mp-557773": 1.2086250782,
    "mp-559961": 2.0067389011,
    "mp-556966": 0.3735440075,
    "mp-7324": 0.20389489830000002,
    "mp-622018": 1.7423985004,
    "mp-29305": 3.7633650303,
    "mp-639714": 4.5290131569,
    "mp-24118": 0.3533289731,
    "mp-555203": 0.9440234303,
    "mp-706621": 0.12115888300000001,
    "mp-16792": 0.7257521749,
    "mp-639506": 0.1130316705,
    "mp-5020": 13.6644382477,
    "mp-3589": 0.6395266652,
    "mp-28264": 0.1787817925,
    "mp-570136": 3.2610733509,
    "mp-862539": 0.4238674939,
    "mp-696946": 3.3086264133,
    "mp-27726": 0.7722142339,
    "mp-30530": 0.766787827,
    "mp-626620": 1.2007133961,
    "mp-2691": 62.1423301697,
    "mp-21521": 2.055336237,
    "mp-4690": 2.1766560078,
    "mp-756570": 2.0371944904,
    "mp-28918": 10.0689945221,
    "mp-754585": 0.4844944775,
    "mp-27914": 1.5782387257,
    "mp-29910": 1.9371759892,
    "mp-14367": 0.4036629498,
    "mp-557027": 0.6267693639,
    "mp-29525": 0.9142411351,
    "mp-23866": 1.0043690205,
    "mp-29524": 2.1628878117,
    "mp-559065": 5.7287859917,
    "mp-551629": 1.348937273,
    "mp-9064": 12.4580078125,
    "mp-13666": 8.6160078049,
    "mp-14444": 11.0176515579,
    "mp-685145": 3.7377283573,
    "mp-830": 8.4459733963,
    "mp-31451": 56.2398223877,
    "mp-30847": 25.2909908295,
    "mp-36111": 28.1130199432,
    "mp-1184046": 82.7559661865,
    "mp-1215430": 35.1834220886,
    "mp-1017534": 50.7755279541,
    "mp-1018093": 15.6871080399,
    "mp-1008556": 1.0300190449,
    "mp-4524": 88.9518585205,
    "mp-10572": 3.7961952686,
    "mp-7582": 35.8088226318,
    "mp-22965": 117.2035827637,
    "mp-4586": 28.7921352386,
    "mp-1193269": 0.0196660012,
    "mp-1101862": -0.052260115700000005,
    "mp-1097061": 1.1122553349,
    "mp-998623": 0.6008322835000001,
    "mp-1028576": 7.1819248199,
    "mp-672118": 0.5696690679,
    "mp-1215418": 65.8130187988,
    "mp-23173": 12.61677742,
    "mp-863755": 10.1445970535,
    "mp-1221954": 3.2291491032,
    "mp-1300570": 0.5491393209000001,
    "mp-1210659": 1.3307945728,
    "mp-554560": 0.6327136159,
    "mp-15776": 61.444694519,
    "mp-28873": 2.1957876682,
    "mp-1102285": 3.8221504688,
    "mp-1227567": 75.7979812622,
    "mp-1220190": 2.102342844,
    "mp-570084": 46.4689483643,
    "mp-17862": 40.943775177,
    "mp-1190717": 0.4584191144,
    "mp-1217833": 9.756105423,
    "mp-675779": 14.1077270508,
    "mp-27594": 47.493724823,
    "mp-1218158": 2.9963409901,
    "mp-28140": 3.4099514484,
    "mp-766345": 0.9800656438,
    "agm002183415": 34.6142539978,
    "agm003160554": 40.7689743042,
    "agm002205907": 81.2809066772,
    "agm002233584": 6.4949564934,
    "agm003227564": 0.3241617978,
    "agm002793928": 18.6998405457,
    "mp-781710": 20.8163566589,
    "mp-1227011": 13.820350647,
    "mp-1216863": 10.6987495422,
    "agm002135972": 83.9798965454,
    "agm003234420": 2.4689438343,
    "agm002218325": 49.8339385986,
    "mp-1216132": 4.0499272346,
    "mp-779863": 7.0373864174,
    "mp-38103": 1.9366838932000001,
    "mp-29362": 1.7708704472,
    "mp-1019715": 0.2690356076,
    "agm002054632": 15.808930397,
    "mp-1204358": 0.3080313504,
    "mp-1105300": 27.3939876556,
    "mp-1228823": 14.1193704605,
    "mp-15833": 2.9068720341,
    "mp-1103351": 4.033718586,
    "mp-24402": 0.1888134927,
    "mp-1095543": 0.4152052701,
    "mp-1188121": 0.2941639721,
    "mp-625521": 1.3349554539000001,
    "mp-23560": 5.9538841248,
    "mp-1227994": 1.2234928608,
    "mp-1079609": 1.5745432377,
    "mp-1192126": 1.3767101765,
    "agm002197344": 11.1533241272,
    "agm002177947": 40.7552528381,
    "mp-696347": 0.2829411328,
    "mp-1147693": 7.1388401985,
    "agm002156258": 1.022384882,
    "mp-772748": 0.4366152585,
    "mp-1029422": 16.6377868652,
    "mp-1120718": 8.0542984009,
    "mp-1227036": 0.1199467629,
    "mp-1194520": 1.7032177447999999,
    "mp-1218006": 19.0907020569,
    "mp-1220913": 1.3136656284,
    "mp-1223822": 0.6520226598000001,
    "mp-1147725": 8.7393426895,
    "mp-984766": 0.2273638695,
    "mp-1210722": 5.8716874123,
    "agm003263235": 1.149255991,
    "agm002215982": 0.7451756597,
    "mp-568968": 32.5061683655,
    "mp-27313": 0.4850685894,
    "mp-556024": 0.1664250344,
    "mp-28020": 1.3408033848,
    "mp-1229086": 1.7219889164,
    "mp-772875": 6.0446510315,
    "agm002363904": 1.5099356174,
    "mp-1223536": 15.9804878235,
    "mp-1147697": 7.3495416641,
    "mp-23887": 0.5657456517,
    "mp-18609": 18.3145179749,
    "agm002848041": 2.8062279224,
    "agm002133608": 7.4291939735,
    "agm003268240": 20.3659286499,
    "mp-1198890": 2.1314680576,
    "agm003200486": 0.6730092168,
    "mp-1096810": 8.0600643158,
    "mp-1105127": 58.3095664978,
    "mp-1216944": 3.8052237034000003,
    "mp-555915": 2.8098633289,
    "mp-776259": 1.8571903706000001,
    "agm002133663": 0.43997409940000004,
    "agm002790067": 35.4416542053,
    "agm002162961": 12.0651750565,
    "mp-767604": 18.8173599243,
    "agm003445531": 3.2419846058,
    "agm003206623": 1.4323265553,
    "mp-1227366": 8.2691268921,
    "agm005543540": 1.6005966663,
    "agm2000012572": 0.1441939324,
    "agm002205114": 62.6815986633,
    "agm003046706": 4.9040083885,
    "agm004786073": 3.4657576084,
    "agm003445638": 2.5455896854,
    "agm002149208": 0.4323742688,
    "agm2000022161": 0.0980599374,
    "agm2000001840": 0.7246735692,
    "agm002158429": 1.602509737,
    "agm004751295": 0.3492644131,
    "agm005848257": 1.4307911396000002,
    "agm2000081842": -0.09983129800000001,
    "agm004879066": 2.2484924793,
    "agm001347560": 153.3962402344,
    "agm2000086862": 2.9130461216,
    "agm002102214": 0.46892479060000003,
    "mp-23807": 0.6708491445,
    "agm004954137": 8.4263687134,
    "agm004785400": 12.8467760086,
    "agm001234439": 3.0241110325,
    "agm2000011096": 0.35367611050000003,
    "agm2000002067": -0.1035944968,
    "agm003716707": 0.3759854138,
    "mp-554918": 1.0021078587,
    "agm005769896": 68.0305557251,
    "agm005698720": 2.8139021397,
    "agm004956590": 0.33356693390000003,
    "agm006124765": 13.9388008118,
    "mp-1202153": 3.9661486149,
    "mp-23914": 0.27619007230000003,
    "agm002073747": 0.6074717641,
    "agm004442672": 3.0413467884,
    "agm004929360": 1.8762724400000002,
    "agm003267560": 24.8146095276,
    "agm002171920": 16.4381752014,
    "mp-1215297": 13.5159730911,
    "agm2000005425": -0.1050498039,
    "agm004957147": 0.4569075406,
    "agm005723638": 7.8345227242,
    "mp-1080058": 16.282087326,
    "agm004954098": 7.0212306976,
    "agm005069643": 4.4849982262,
    "agm002153441": 0.8314564824,
    "agm003220800": 1.3819220066,
    "agm005849998": 63.7162094116,
    "agm002138386": 0.0494797677,
    "agm004788917": 7.9151515961,
    "agm2000128635": 0.3867905438,
    "agm2000015113": 58.1390953064,
    "agm002861773": 12.9736356735,
    "agm004852876": 13.9390554428,
    "mp-1215966": 8.8893623352,
    "agm005607967": 0.4676420987,
    "agm1000019892": 0.2686407864,
    "agm003048415": 13.6785583496,
    "agm2000139348": 0.47766521570000003,
    "agm002158908": 20.8236942291,
    "agm002041688": 9.7590913773,
    "agm005049826": 5.013774395,
    "mp-35799": 1.9843933582000002,
    "agm002072314": 1.8226644993,
    "agm002147787": 0.15755490960000001,
    "agm005408965": 1.2874977589,
    "mp-15840": 0.2295935601,
    "agm005839737": 0.7835143209000001,
    "agm003110472": 17.9568996429,