{
  "predictions": {
    "mp-21892": 1.1332333087921143,
    "mp-8070": 0.2860495448112488,
    "mp-558491": 0.6126596331596375,
    "mp-632684": 0.5571556687355042,
    "mp-23329": 4.9455246925354,
    "mp-555150": 1.0383272171020508,
    "mp-760755": 0.29137396812438965,
    "mp-6268": 0.7356288433074951,
    "mp-559057": 2.403252601623535,
    "mp-1778": 0.3601360321044922,
    "mp-2176": 78.41101837158203,
    "mp-22909": 0.9379299283027649,
    "mp-9844": 0.8039891719818115,
    "mp-9066": 0.4620009958744049,
    "mp-6126": 1.8344112634658813,
    "mp-632229": 1.7599492073059082,
    "mp-21521": 2.597487449645996,
    "mp-1287": 3.328981876373291,
    "mp-756044": 0.4693676829338074,
    "mp-754712": 0.9482165575027466,
    "mp-18168": 2.6429824829101562,
    "mp-505702": 1.7824302911758423,
    "mp-559065": 9.707043647766113,
    "mp-559545": 4.374720096588135,
    "mp-549720": 19.974584579467773,
    "mp-561385": 0.7738769054412842,
    "mp-13666": 23.614416122436523,
    "mp-14444": 12.721576690673828,
    "mp-2469": 15.424992561340332,
    "mp-31451": 86.8849105834961,
    "mp-1023924": 6.0325236320495605,
    "mp-38011": 1.554225206375122,
    "mp-8884": 89.93355560302734,
    "mp-6980": 6.6151323318481445,
    "mp-4524": 91.45773315429688,
    "mp-11714": 6.707536220550537,
    "mp-1180133": 4.581179141998291,
    "mp-1225884": 0.28390634059906006,
    "mp-1196457": 0.36650335788726807,
    "mp-560894": 0.2084115445613861,
    "mp-1196282": 0.1616082340478897,
    "mp-1219328": 9.771926879882812,
    "mp-1227124": 17.373109817504883,
    "mp-1102285": 6.137404918670654,
    "mp-1227389": 7.369412422180176,
    "mp-1227110": 0.26261067390441895,
    "mp-1079676": 0.15661220252513885,
    "mp-1228342": 0.7554277777671814,
    "mp-17862": 50.518287658691406,
    "mp-504952": 45.40475082397461,
    "mp-1223849": 0.7311356067657471,
    "mp-1208039": 1.1078557968139648,
    "mp-625175": 0.24853390455245972,
    "agm003160552": 46.96175765991211,
    "agm003202328": 19.05939483642578,
    "agm002278924": 119.54122924804688,
    "agm003202410": 17.720291137695312,
    "mp-1227011": 51.09089279174805,
    "agm002224865": 2.4801807403564453,
    "agm003157565": 0.24462276697158813,
    "agm002140778": 1.2662386894226074,
    "agm002041336": 36.620887756347656,
    "agm003219193": 0.23499003052711487,
    "mp-1228160": 0.3484441339969635,
    "mp-1223489": 0.28201231360435486,
    "mp-1221169": 12.409126281738281,
    "mp-4431": 18.509056091308594,
    "mp-1105300": 26.233945846557617,
    "mp-1103351": 12.170733451843262,
    "mp-1029368": 6.189106464385986,
    "mp-1029633": 5.279914379119873,
    "agm002147818": 0.1589696854352951,
    "agm002153139": 1.4441524744033813,
    "mp-555202": 0.5146820545196533,
    "mp-1216976": 23.785263061523438,
    "mp-626172": 0.17845717072486877,
    "agm002156258": 0.26080939173698425,
    "mp-772748": 0.20993854105472565,
    "mp-1223389": 17.514007568359375,
    "mp-9427": 0.4208544194698334,
    "mp-1225916": 1.0207420587539673,
    "agm003237859": 0.17411217093467712,
    "mp-1221971": 7.99030876159668,
    "agm002237807": 35.762969970703125,
    "mp-1215642": 4.693050861358643,
    "agm003213121": 3.9028966426849365,
    "agm002297812": 1.0722283124923706,
    "mp-29157": 54.142208099365234,
    "mp-555915": 1.569594144821167,
    "agm002138671": 3.2367124557495117,
    "agm002790067": 43.30018997192383,
    "agm002205114": 41.97772979736328,
    "agm002184995": 50.34477615356445,
    "agm003235252": 0.3414229154586792,
    "agm003206267": 14.6589994430542,
    "agm003705731": 5.7692108154296875,
    "agm2000126920": 0.9128648638725281,
    "agm2000137141": 23.666513442993164,
    "agm005848675": 20.280790328979492,
    "mp-2802611": 0.6156938076019287,
    "agm005056300": 6.2425217628479,
    "agm004786326": 12.209451675415039,
    "agm001234439": 4.40237283706665,
    "agm002056302": 1.5360188484191895,
    "agm002137665": 0.19367989897727966,
    "mp-554918": 1.0531963109970093,
    "agm001375463": 39.089725494384766,
    "agm005721583": 7.639671802520752,
    "agm006020719": 0.2627042829990387,
    "agm003112540": 56.565914154052734,
    "agm004787350": 2.022970199584961,
    "agm002176403": 1.1716407537460327,
    "agm002161194": 14.51919174194336,
    "agm2000136656": 8.208246231079102,
    "mp-1208179": 0.6301497220993042,
    "agm002017294": 16.227380752563477,
    "agm002041315": 56.03562545776367,
    "agm003469328": 0.1753251850605011,
    "agm005072178": 0.16824154555797577,
    "agm005664742": 3.8543930053710938,
    "agm004773455": 2.3882906436920166,
    "agm005071058": 1.1024471521377563,
    "agm006047746": 42.196109771728516,
    "agm005754384": 1.4232405424118042,
    "agm005748012": 0.32372504472732544
  },
  "uncertainties": {
    "mp-21892": 0.5089542269706726,
    "mp-8070": 0.1276586651802063,
    "mp-558491": 0.31259962916374207,
    "mp-632684": 0.3037993311882019,
    "mp-23329": 1.7009758949279785,
    "mp-555150": 0.26684334874153137,
    "mp-760755": 0.19873583316802979,
    "mp-6268": 0.45805034041404724,
    "mp-559057": 1.0261174440383911,
    "mp-1778": 0.21581441164016724,
    "mp-2176": 15.65792465209961,
    "mp-22909": 0.7508260011672974,
    "mp-9844": 0.24624793231487274,
    "mp-9066": 0.28017234802246094,
    "mp-6126": 0.7847616076469421,
    "mp-632229": 0.4944094121456146,
    "mp-21521": 2.041808843612671,
    "mp-1287": 7.68389368057251,
    "mp-756044": 0.2785890996456146,
    "mp-754712": 0.6607643365859985,
    "mp-18168": 0.974435031414032,
    "mp-505702": 1.2030504941940308,
    "mp-559065": 2.256441354751587,
    "mp-559545": 2.2237071990966797,
    "mp-549720": 7.694628715515137,
    "mp-561385": 0.7769491672515869,
    "mp-13666": 7.575415134429932,
    "mp-14444": 5.213953971862793,
    "mp-2469": 8.365240097045898,
    "mp-31451": 32.377723693847656,
    "mp-1023924": 2.818242073059082,
    "mp-38011": 0.7913118004798889,
    "mp-8884": 15.369983673095703,
    "mp-6980": 3.488308906555176,
    "mp-4524": 14.926809310913086,
    "mp-11714": 1.348253607749939,
    "mp-1180133": 2.1101560592651367,
    "mp-1225884": 0.19026543200016022,
    "mp-1196457": 0.17666493356227875,
    "mp-560894": 0.211728036403656,
    "mp-1196282": 0.09768185019493103,
    "mp-1219328": 8.639772415161133,
    "mp-1227124": 7.012625217437744,
    "mp-1102285": 3.2686526775360107,
    "mp-1227389": 3.878748655319214,
    "mp-1227110": 0.19923609495162964,
    "mp-1079676": 0.150525763630867,
    "mp-1228342": 0.29738572239875793,
    "mp-17862": 21.398439407348633,
    "mp-504952": 11.212884902954102,
    "mp-1223849": 0.25919076800346375,
    "mp-1208039": 0.4097960889339447,
    "mp-625175": 0.16866977512836456,
    "agm003160552": 14.21701717376709,
    "agm003202328": 12.25299072265625,
    "agm002278924": 20.893978118896484,
    "agm003202410": 12.520601272583008,
    "mp-1227011": 24.678863525390625,
    "agm002224865": 1.3539202213287354,
    "agm003157565": 0.22724269330501556,
    "agm002140778": 0.7475493550300598,
    "agm002041336": 23.960996627807617,
    "agm003219193": 0.12322930246591568,
    "mp-1228160": 0.21178118884563446,
    "mp-1223489": 0.14493660628795624,
    "mp-1221169": 5.141487121582031,
    "mp-4431": 4.061884880065918,
    "mp-1105300": 6.333253383636475,
    "mp-1103351": 4.887347221374512,
    "mp-1029368": 2.1353633403778076,
    "mp-1029633": 2.8259403705596924,
    "agm002147818": 0.11402780562639236,
    "agm002153139": 0.5539430975914001,
    "mp-555202": 0.21417301893234253,
    "mp-1216976": 6.965630531311035,
    "mp-626172": 0.12123183906078339,
    "agm002156258": 0.10368678718805313,
    "mp-772748": 0.1923951804637909,
    "mp-1223389": 3.4577906131744385,
    "mp-9427": 0.1717500537633896,
    "mp-1225916": 0.29188108444213867,
    "agm003237859": 0.1135202944278717,
    "mp-1221971": 1.8515684604644775,
    "agm002237807": 19.62715721130371,
    "mp-1215642": 2.5472545623779297,
    "agm003213121": 1.5946753025054932,