{
  "predictions": {
    "mp-21892": 1.0169368982315063,
    "mp-8070": 0.2550106346607208,
    "mp-558491": 0.5552860498428345,
    "mp-632684": 0.6402304768562317,
    "mp-23329": 7.911529541015625,
    "mp-555150": 1.1705249547958374,
    "mp-760755": 0.21931062638759613,
    "mp-6268": 0.5360046029090881,
    "mp-559057": 2.875624895095825,
    "mp-1778": 0.3917625844478607,
    "mp-2176": 78.6231918334961,
    "mp-22909": 1.8092724084854126,
    "mp-9844": 0.7516558766365051,
    "mp-9066": 0.31551751494407654,
    "mp-6126": 1.1487603187561035,
    "mp-632229": 2.6379575729370117,
    "mp-21521": 1.6106599569320679,
    "mp-1287": 5.391740798950195,
    "mp-756044": 0.38373011350631714,
    "mp-754712": 0.7129148244857788,
    "mp-18168": 2.3088834285736084,
    "mp-505702": 1.03019380569458,
    "mp-559065": 10.58747673034668,
    "mp-559545": 6.069398403167725,
    "mp-549720": 25.2110538482666,
    "mp-561385": 0.3126877546310425,
    "mp-13666": 29.41106605529785,
    "mp-14444": 20.802457809448242,
    "mp-2469": 7.0379791259765625,
    "mp-31451": 120.42487335205078,
    "mp-1023924": 6.927370071411133,
    "mp-38011": 0.930677056312561,
    "mp-8884": 89.98690795898438,
    "mp-6980": 8.782014846801758,
    "mp-4524": 71.20123291015625,
    "mp-11714": 5.981077671051025,
    "mp-1180133": 1.7689977884292603,
    "mp-1225884": 0.5623996257781982,
    "mp-1196457": 0.23602813482284546,
    "mp-560894": 0.32285580039024353,
    "mp-1196282": 0.10616100579500198,
    "mp-1219328": 8.048835754394531,
    "mp-1227124": 19.444355010986328,
    "mp-1102285": 4.77288818359375,
    "mp-1227389": 8.956274032592773,
    "mp-1227110": 0.1742284744977951,
    "mp-1079676": 0.32453563809394836,
    "mp-1228342": 1.4679815769195557,
    "mp-17862": 37.90523147583008,
    "mp-504952": 61.51028823852539,
    "mp-1223849": 0.5714515447616577,
    "mp-1208039": 1.4272985458374023,
    "mp-625175": 0.28873929381370544,
    "agm003160552": 90.50286865234375,
    "agm003202328": 22.99980926513672,
    "agm002278924": 94.74723815917969,
    "agm003202410": 18.211441040039062,
    "mp-1227011": 58.614871978759766,
    "agm002224865": 5.011723041534424,
    "agm003157565": 0.34739041328430176,
    "agm002140778": 3.0808606147766113,
    "agm002041336": 17.488815307617188,
    "agm003219193": 0.4818219840526581,
    "mp-1228160": 0.416701078414917,
    "mp-1223489": 0.1918116956949234,
    "mp-1221169": 15.046398162841797,
    "mp-4431": 21.5461368560791,
    "mp-1105300": 20.120277404785156,
    "mp-1103351": 13.481385231018066,
    "mp-1029368": 6.175094127655029,
    "mp-1029633": 7.464012622833252,
    "agm002147818": 0.1575828343629837,
    "agm002153139": 1.8909735679626465,
    "mp-555202": 0.35353338718414307,
    "mp-1216976": 21.20476531982422,
    "mp-626172": 0.17329540848731995,
    "agm002156258": 0.24076810479164124,
    "mp-772748": 0.1878359466791153,
    "mp-1223389": 20.653911590576172,
    "mp-9427": 0.43161001801490784,
    "mp-1225916": 0.8380913734436035,
    "agm003237859": 0.35663145780563354,
    "mp-1221971": 10.458796501159668,
    "agm002237807": 44.02399444580078,
    "mp-1215642": 3.290350914001465,
    "agm003213121": 6.872776508331299,
    "agm002297812": 0.760481595993042,
    "mp-29157": 67.47222900390625,
    "mp-555915": 0.16846099495887756,
    "agm002138671": 5.1869964599609375,
    "agm002790067": 38.649723052978516,
    "agm002205114": 52.428409576416016,
    "agm002184995": 19.508909225463867,
    "agm003235252": 0.3198724687099457,
    "agm003206267": 14.373400688171387,
    "agm003705731": 6.037642002105713,
    "agm2000126920": 0.8108346462249756,
    "agm2000137141": 15.538042068481445,
    "agm005848675": 16.881078720092773,
    "mp-2802611": 0.6622196435928345,
    "agm005056300": 6.024409770965576,
    "agm004786326": 13.698812484741211,
    "agm001234439": 9.730633735656738,
    "agm002056302": 0.5842905044555664,
    "agm002137665": 0.22832371294498444,
    "mp-554918": 1.1626609563827515,
    "agm001375463": 30.069883346557617,
    "agm005721583": 7.3443732261657715,
    "agm006020719": 0.25153377652168274,
    "agm003112540": 62.18113708496094,
    "agm004787350": 1.9354755878448486,
    "agm002176403": 0.6980321407318115,
    "agm002161194": 11.366960525512695,
    "agm2000136656": 5.0417160987854,
    "mp-1208179": 0.6150161623954773,
    "agm002017294": 9.095848083496094,
    "agm002041315": 21.194786071777344,
    "agm003469328": 0.2837498188018799,
    "agm005072178": 0.19034011662006378,
    "agm005664742": 4.352655410766602,
    "agm004773455": 4.834226608276367,
    "agm005071058": 0.8150931000709534,
    "agm006047746": 42.05495071411133,
    "agm005754384": 1.427863359451294,
    "agm005748012": 0.39262595772743225
  },
  "uncertainties": {
    "mp-21892": 0.647784948348999,
    "mp-8070": 0.2161983698606491,
    "mp-558491": 0.3061809241771698,
    "mp-632684": 0.40386316180229187,
    "mp-23329": 4.147480487823486,
    "mp-555150": 0.7816590666770935,
    "mp-760755": 0.1424294114112854,
    "mp-6268": 0.49413084983825684,
    "mp-559057": 1.230686902999878,
    "mp-1778": 0.2910039722919464,
    "mp-2176": 16.531503677368164,
    "mp-22909": 1.3817040920257568,
    "mp-9844": 0.39250895380973816,
    "mp-9066": 0.23794984817504883,
    "mp-6126": 0.7056329846382141,
    "mp-632229": 1.1000243425369263,
    "mp-21521": 1.8733274936676025,
    "mp-1287": 4.9947829246521,
    "mp-756044": 0.51467365026474,
    "mp-754712": 1.0715196132659912,
    "mp-18168": 1.33962082862854,
    "mp-505702": 0.620063841342926,
    "mp-559065": 2.9277594089508057,
    "mp-559545": 2.8578529357910156,
    "mp-549720": 9.415953636169434,
    "mp-561385": 0.26276737451553345,
    "mp-13666": 13.899432182312012,
    "mp-14444": 7.647668361663818,
    "mp-2469": 3.005068778991699,
    "mp-31451": 20.866533279418945,
    "mp-1023924": 2.4560232162475586,
    "mp-38011": 0.5127378702163696,
    "mp-8884": 16.87887191772461,
    "mp-6980": 7.950828552246094,
    "mp-4524": 19.002410888671875,
    "mp-11714": 0.8135876655578613,
    "mp-1180133": 1.3980463743209839,
    "mp-1225884": 0.8473520874977112,
    "mp-1196457": 0.2235310971736908,
    "mp-560894": 0.2516379654407501,
    "mp-1196282": 0.20209966599941254,
    "mp-1219328": 5.767783164978027,
    "mp-1227124": 8.496646881103516,
    "mp-1102285": 3.280770778656006,
    "mp-1227389": 2.732551336288452,
    "mp-1227110": 0.16932886838912964,
    "mp-1079676": 0.29324662685394287,
    "mp-1228342": 2.1006221771240234,
    "mp-17862": 20.922094345092773,
    "mp-504952": 15.051237106323242,
    "mp-1223849": 0.5546848773956299,
    "mp-1208039": 0.8578024506568909,
    "mp-625175": 0.1938352733850479,
    "agm003160552": 18.609582901000977,
    "agm003202328": 13.955904960632324,
    "agm002278924": 24.98666763305664,
    "agm003202410": 22.202564239501953,
    "mp-1227011": 19.41574478149414,
    "agm002224865": 6.019415378570557,
    "agm003157565": 0.3693799078464508,
    "agm002140778": 2.7488181591033936,
    "agm002041336": 13.899774551391602,
    "agm003219193": 0.30485624074935913,
    "mp-1228160": 0.3457721173763275,
    "mp-1223489": 0.15424573421478271,
    "mp-1221169": 8.242552757263184,
    "mp-4431": 2.6164097785949707,
    "mp-1105300": 7.901757717132568,
    "mp-1103351": 8.300570487976074,
    "mp-1029368": 1.9053966999053955,
    "mp-1029633": 2.17073917388916,
    "agm002147818": 0.20111675560474396,
    "agm002153139": 0.5541693568229675,
    "mp-555202": 0.2221238613128662,
    "mp-1216976": 6.974420547485352,
    "mp-626172": 0.1740797460079193,
    "agm002156258": 0.18110910058021545,
    "mp-772748": 0.1608731895685196,
    "mp-1223389": 4.910860061645508,
    "mp-9427": 0.23175965249538422,
    "mp-1225916": 0.5370000600814819,
    "agm003237859": 1.1597105264663696,
    "mp-1221971": 2.991431474685669,
    "agm002237807": 23.950918197631836,
    "mp-1215642": 1.701392650604248,
    "agm003213121": 3.6071975231170654,