{
  "predictions": {
    "mp-21892": 2.952348232269287,
    "mp-8070": 0.4183374047279358,
    "mp-558491": 0.6147167086601257,
    "mp-632684": 0.45024898648262024,
    "mp-23329": 5.571534633636475,
    "mp-555150": 0.7457973957061768,
    "mp-760755": 0.1304682344198227,
    "mp-6268": 1.6597851514816284,
    "mp-559057": 3.0187222957611084,
    "mp-1778": 1.0951122045516968,
    "mp-2176": 59.726463317871094,
    "mp-22909": 1.1791682243347168,
    "mp-9844": 0.7388874292373657,
    "mp-9066": 0.3420001268386841,
    "mp-6126": 3.5843429565429688,
    "mp-632229": 1.3519041538238525,
    "mp-21521": 2.2357017993927,
    "mp-1287": 28.60163116455078,
    "mp-756044": 0.5154960751533508,
    "mp-754712": 1.0840896368026733,
    "mp-18168": 3.2170286178588867,
    "mp-505702": 3.851186513900757,
    "mp-559065": 8.062334060668945,
    "mp-559545": 7.118513107299805,
    "mp-549720": 20.5467586517334,
    "mp-561385": 1.2837567329406738,
    "mp-13666": 24.579120635986328,
    "mp-14444": 11.09648323059082,
    "mp-2469": 11.485138893127441,
    "mp-31451": 46.335533142089844,
    "mp-1023924": 5.140703201293945,
    "mp-38011": 1.6259002685546875,
    "mp-8884": 90.31021118164062,
    "mp-6980": 12.078553199768066,
    "mp-4524": 90.8656997680664,
    "mp-11714": 6.661073207855225,
    "mp-1180133": 3.619424343109131,
    "mp-1225884": 0.37194547057151794,
    "mp-1196457": 0.4056898057460785,
    "mp-560894": 0.43405160307884216,
    "mp-1196282": 0.15685509145259857,
    "mp-1219328": 15.416586875915527,
    "mp-1227124": 23.615257263183594,
    "mp-1102285": 3.3138136863708496,
    "mp-1227389": 6.548427581787109,
    "mp-1227110": 0.1349479854106903,
    "mp-1079676": 0.8688347339630127,
    "mp-1228342": 0.8472140431404114,
    "mp-17862": 34.432655334472656,
    "mp-504952": 29.45507049560547,
    "mp-1223849": 0.830912172794342,
    "mp-1208039": 0.971764326095581,
    "mp-625175": 0.2928875982761383,
    "agm003160552": 36.16874313354492,
    "agm003202328": 29.9432315826416,
    "agm002278924": 113.43006134033203,
    "agm003202410": 12.750941276550293,
    "mp-1227011": 42.25812530517578,
    "agm002224865": 4.5098700523376465,
    "agm003157565": 0.32689398527145386,
    "agm002140778": 1.310878038406372,
    "agm002041336": 46.63788986206055,
    "agm003219193": 0.2932251989841461,
    "mp-1228160": 0.17199985682964325,
    "mp-1223489": 0.3413989245891571,
    "mp-1221169": 21.43663787841797,
    "mp-4431": 18.440082550048828,
    "mp-1105300": 34.153968811035156,
    "mp-1103351": 14.500706672668457,
    "mp-1029368": 13.084741592407227,
    "mp-1029633": 10.76786994934082,
    "agm002147818": 0.17200227081775665,
    "agm002153139": 1.5839953422546387,
    "mp-555202": 0.5604576468467712,
    "mp-1216976": 29.397634506225586,
    "mp-626172": 0.2702874541282654,
    "agm002156258": 0.6989700198173523,
    "mp-772748": 0.21995386481285095,
    "mp-1223389": 23.886899948120117,
    "mp-9427": 0.582425594329834,
    "mp-1225916": 0.9916861653327942,
    "agm003237859": 0.3349235951900482,
    "mp-1221971": 8.293622016906738,
    "agm002237807": 21.968915939331055,
    "mp-1215642": 4.167344570159912,
    "agm003213121": 4.030977249145508,
    "agm002297812": 0.9144616723060608,
    "mp-29157": 38.8434944152832,
    "mp-555915": 2.366234064102173,
    "agm002138671": 3.7846872806549072,
    "agm002790067": 39.800106048583984,
    "agm002205114": 50.43758773803711,
    "agm002184995": 84.89608764648438,
    "agm003235252": 0.29847902059555054,
    "agm003206267": 18.545974731445312,
    "agm003705731": 6.4551544189453125,
    "agm2000126920": 1.0801377296447754,
    "agm2000137141": 29.037425994873047,
    "agm005848675": 34.040584564208984,
    "mp-2802611": 0.4486667215824127,
    "agm005056300": 5.196173667907715,
    "agm004786326": 9.399867057800293,
    "agm001234439": 2.888012647628784,
    "agm002056302": 1.6084108352661133,
    "agm002137665": 0.16938525438308716,
    "mp-554918": 0.8461617827415466,
    "agm001375463": 69.3782730102539,
    "agm005721583": 11.536306381225586,
    "agm006020719": 0.4073919355869293,
    "agm003112540": 58.090980529785156,
    "agm004787350": 1.6387041807174683,
    "agm002176403": 0.6862281560897827,
    "agm002161194": 13.719220161437988,
    "agm2000136656": 10.957110404968262,
    "mp-1208179": 0.3256387710571289,
    "agm002017294": 6.831890106201172,
    "agm002041315": 94.25421142578125,
    "agm003469328": 0.22443224489688873,
    "agm005072178": 0.2373739778995514,
    "agm005664742": 1.4631941318511963,
    "agm004773455": 3.976879835128784,
    "agm005071058": 1.8319953680038452,
    "agm006047746": 44.244895935058594,
    "agm005754384": 1.4368666410446167,
    "agm005748012": 0.4229379892349243
  },
  "uncertainties": {
    "mp-21892": 0.8989585638046265,
    "mp-8070": 0.2699083089828491,
    "mp-558491": 0.29579678177833557,
    "mp-632684": 0.1234404519200325,
    "mp-23329": 1.7471321821212769,
    "mp-555150": 0.6646786332130432,
    "mp-760755": 0.20194876194000244,
    "mp-6268": 1.179890513420105,
    "mp-559057": 1.5990079641342163,
    "mp-1778": 0.635445237159729,
    "mp-2176": 13.2675199508667,
    "mp-22909": 0.4983244836330414,
    "mp-9844": 0.3375065326690674,
    "mp-9066": 0.20792660117149353,
    "mp-6126": 2.334223508834839,
    "mp-632229": 0.5514740347862244,
    "mp-21521": 1.1735320091247559,
    "mp-1287": 15.172188758850098,
    "mp-756044": 0.5798532366752625,
    "mp-754712": 0.8472974300384521,
    "mp-18168": 1.1736938953399658,
    "mp-505702": 1.9428423643112183,
    "mp-559065": 3.488736629486084,
    "mp-559545": 2.1308512687683105,
    "mp-549720": 8.756242752075195,
    "mp-561385": 0.9505097270011902,
    "mp-13666": 10.259112358093262,
    "mp-14444": 3.5817933082580566,
    "mp-2469": 9.213040351867676,
    "mp-31451": 15.625457763671875,
    "mp-1023924": 2.1065871715545654,
    "mp-38011": 0.8896109461784363,
    "mp-8884": 8.900713920593262,
    "mp-6980": 7.765262603759766,
    "mp-4524": 7.529563903808594,
    "mp-11714": 0.5460076928138733,
    "mp-1180133": 1.3903639316558838,
    "mp-1225884": 0.3062857687473297,
    "mp-1196457": 0.18846017122268677,
    "mp-560894": 0.15787337720394135,
    "mp-1196282": 0.22388091683387756,
    "mp-1219328": 8.557280540466309,
    "mp-1227124": 5.416201591491699,
    "mp-1102285": 4.53073263168335,
    "mp-1227389": 3.0283005237579346,
    "mp-1227110": 0.13504846394062042,
    "mp-1079676": 0.6075378656387329,
    "mp-1228342": 0.4736926853656769,
    "mp-17862": 13.391862869262695,
    "mp-504952": 6.53887939453125,
    "mp-1223849": 0.3001806139945984,
    "mp-1208039": 0.4434957504272461,
    "mp-625175": 0.15963655710220337,
    "agm003160552": 9.331343650817871,
    "agm003202328": 13.388965606689453,
    "agm002278924": 19.95455551147461,
    "agm003202410": 11.89969253540039,
    "mp-1227011": 22.996549606323242,
    "agm002224865": 2.283219337463379,
    "agm003157565": 0.2853212058544159,
    "agm002140778": 0.6172783970832825,
    "agm002041336": 18.815336227416992,
    "agm003219193": 0.12484539300203323,
    "mp-1228160": 0.14569757878780365,
    "mp-1223489": 0.1964661329984665,
    "mp-1221169": 7.788867473602295,
    "mp-4431": 2.6769516468048096,
    "mp-1105300": 4.471735000610352,
    "mp-1103351": 2.2492265701293945,
    "mp-1029368": 6.398895740509033,
    "mp-1029633": 3.8920109272003174,
    "agm002147818": 0.12315678596496582,
    "agm002153139": 0.5397701263427734,
    "mp-555202": 0.35499143600463867,
    "mp-1216976": 4.757521152496338,
    "mp-626172": 0.15877710282802582,
    "agm002156258": 0.4609105885028839,
    "mp-772748": 0.18278473615646362,
    "mp-1223389": 2.011885166168213,
    "mp-9427": 0.21354486048221588,
    "mp-1225916": 0.3379155695438385,
    "agm003237859": 0.16408094763755798,
    "mp-1221971": 0.8213168978691101,
    "agm002237807": 16.674768447875977,
    "mp-1215642": 0.7755502462387085,
    "agm003213121": 2.1669421195983887,