{
  "predictions": {
    "mp-552663": 0.9689103732002797,
    "mp-753401": 2.306227377193318,
    "mp-23363": 0.7988509565099705,
    "mp-559961": 0.5200943912940664,
    "mp-17066": 0.3912044099695144,
    "mp-29155": 1.4043823557363229,
    "mp-542931": 0.47727637363223985,
    "mp-27316": 0.07465161619018792,
    "mp-6126": 2.1906317581051455,
    "mp-997027": 0.08456112137984534,
    "mp-21521": 1.355863519655282,
    "mp-8673": 24.451157079057634,
    "mp-23280": 0.5278341253137505,
    "mp-561664": 0.4042896493489089,
    "mp-23794": 0.4571041096067148,
    "mp-756570": 1.5782311054126188,
    "mp-27987": 0.9303352460323238,
    "mp-550959": 6.188239371207776,
    "mp-556719": 2.3895675823458085,
    "mp-27914": 0.3270030934257909,
    "mp-29524": 2.7499988486840383,
    "mp-504908": 10.87544110584545,
    "mp-559065": 4.708273392233777,
    "mp-769218": 10.045736004686926,
    "mp-570213": 18.069944353019515,
    "mp-1023936": 7.278298928861571,
    "mp-560588": 7.1261811069747045,
    "mp-1222661": 18.877751076488675,
    "mp-1227993": 13.82697273604964,
    "mp-567246": 0.09792735893080289,
    "mp-1184796": 0.5822448312534225,
    "mp-1217830": 5.087136984692408,
    "mp-774907": 1.7582891282591893,
    "mp-672158": 0.6122141376214063,
    "mp-1228522": 5.721451693802662,
    "mp-504910": 2.1901177784850194,
    "mp-568802": 12.310786539108669,
    "mp-1222565": 1.1532076082708573,
    "mp-33723": 22.24552436960207,
    "mp-1227512": 12.272201166157126,
    "mp-1189731": 1.354444858361684,
    "mp-28089": 9.270558723470446,
    "mp-36779": 2.081480403254719,
    "mp-560521": 0.4879613621446175,
    "mp-571195": 7.206401528495614,
    "mp-1208039": 0.036741222609356465,
    "mp-1224376": 14.322496221645098,
    "mp-1219501": 14.474406298935488,
    "mp-1218158": 3.479382174362662,
    "mp-17207": 9.350854994677663,
    "agm003202330": 17.979861729108123,
    "agm002254137": 122.65330951287028,
    "agm002186848": 52.22899625396853,
    "agm002224787": 5.774595848048128,
    "agm002153716": 3.269157937068454,
    "mp-1195571": 0.532134598827437,
    "mp-998230": 2.135664930345647,
    "mp-1223489": 1.0460942529865949,
    "mp-1029932": 10.138089620731147,
    "mp-28473": 0.8287188371957853,
    "mp-1228745": 6.742004444408408,
    "mp-1029652": 1.5130014600265662,
    "mp-985293": 0.3864871074960727,
    "mp-1019889": 0.5451608994164383,
    "mp-1227994": 2.378974253098945,
    "agm002156258": 0.40934743125740564,
    "mp-559373": 2.4946066493470687,
    "mp-1215615": 18.398619262487777,
    "mp-1219293": 0.4399019015554744,
    "mp-560699": 1.6644755736157946,
    "agm002156599": 0.2118247312450916,
    "mp-1078049": 17.582852594156208,
    "mp-554002": 2.7609862845375845,
    "mp-1226863": 1.4749877151778659,
    "agm002848041": 1.719192192278566,
    "agm002336867": 137.67910141160755,
    "mp-1222496": 0.8766998825021216,
    "agm003160584": 24.312784964073646,
    "mp-568328": 8.950473847196875,
    "agm002137965": 3.8394930688941997,
    "agm002074655": 2.22594243491635,
    "agm2000085596": 6.658858310455861,
    "agm005539186": 5.130346153479179,
    "agm002073755": 0.8634748940007957,
    "agm002149208": 0.8425705465350659,
    "agm002225219": 14.703238954757621,
    "agm003713453": 3.539394779058896,
    "agm1000019508": 0.9005161263720763,
    "agm2000011039": 1.3944085120482217,
    "agm005769288": 3.6652141071127793,
    "agm005112928": 2.1494822085539957,
    "agm001266143": 35.16068538517078,
    "agm005955873": 1.2177685430641358,
    "agm002077911": 13.82434324444576,
    "agm002097562": 0.5128130499483671,
    "agm2000016398": 0.43859165147267,
    "agm2000145156": 2.5404910526831386,
    "agm002056302": 7.2495502926651385,
    "agm002190330": 17.457938418789738,
    "mp-685097": 1.7821081098865583,
    "agm003464867": 18.151993108136395,
    "agm003204906": 13.321059446777712,
    "agm002072309": 4.6581292443341775,
    "agm003612680": 1.3380508186479863,
    "agm002128787": 23.236627451346475,
    "agm2000128632": 1.233527213161888,
    "agm005882580": 4.573985592887849,
    "agm003743952": 0.17334082384609034,
    "mp-1029408": 11.918967545529274,
    "agm2000084944": 0.3150661834587543,
    "mp-998591": 4.4097765983105655,
    "agm004958126": 2.693486789660396,
    "agm002233061": 5.907212956094955,
    "agm005605704": 33.81008927012109,
    "mp-1220818": 2.29984649842857,
    "mp-761842": 2.6668968952317997,
    "mp-14568": 0.49871184085525794,
    "agm004947354": 5.166809899077925,
    "agm006056059": 0.744759635305124,
    "mp-32959": 5.039425554067752,
    "agm002091778": 5.792270389686404,
    "agm004951594": 8.807480031133933,
    "agm002079795": 1.937703813461505,
    "agm002018585": 27.49449117392621,
    "agm004786105": 33.91171383635937
  },
  "metrics": {
    "mae": 6.901184334759853,
    "rmse": 17.61601006369132,
    "spearman": 0.8044731182795697,
    "r2_score": 0.590008821393209
  }
}