{
  "predictions": {
    "mp-552663": 4.194078131394295,
    "mp-753401": 2.9781084670845446,
    "mp-23363": 0.05969403142010533,
    "mp-559961": 0.025795101494620373,
    "mp-17066": 0.34338426644786507,
    "mp-29155": 4.051954544544032,
    "mp-542931": 1.7241163324335727,
    "mp-27316": 0.5145043832506137,
    "mp-6126": 2.7892816151658075,
    "mp-997027": 2.2610830076539714,
    "mp-21521": 2.5507085079306853,
    "mp-8673": 10.077847880775478,
    "mp-23280": 0.693552046451893,
    "mp-561664": 0.2715651139856623,
    "mp-23794": 0.6395562976630731,
    "mp-756570": 3.1635311969929902,
    "mp-27987": 2.6851442565721233,
    "mp-550959": 8.302915143103455,
    "mp-556719": 2.5095938466285914,
    "mp-27914": 1.3163944915743688,
    "mp-29524": 1.181887315625367,
    "mp-504908": 0.6505099741440133,
    "mp-559065": 4.264485432959873,
    "mp-769218": 14.915212973066192,
    "mp-570213": 7.397967071383246,
    "mp-1023936": 6.18180532988079,
    "mp-560588": 3.8580543500274347,
    "mp-1222661": 23.326555973599003,
    "mp-1227993": 16.26393284254002,
    "mp-567246": 0.06263534921026767,
    "mp-1184796": 1.1736607332162423,
    "mp-1217830": 6.740284305269442,
    "mp-774907": 4.832903694976548,
    "mp-672158": 0.9568317379735596,
    "mp-1228522": 7.787530689261666,
    "mp-504910": 7.415719155711025,
    "mp-568802": 12.444535328305525,
    "mp-1222565": 0.9688013830732994,
    "mp-33723": 25.459173250902797,
    "mp-1227512": 14.427959919023772,
    "mp-1189731": 0.7898920808656084,
    "mp-28089": 7.540869094613343,
    "mp-36779": 1.842187943031024,
    "mp-560521": 1.6543111545873117,
    "mp-571195": 7.5630773606174735,
    "mp-1208039": 1.6721310871075985,
    "mp-1224376": 19.14420446187876,
    "mp-1219501": 13.118478964267752,
    "mp-1218158": 6.303372452248507,
    "mp-17207": 7.95397342262907,
    "agm003202330": 4.648671607771289,
    "agm002254137": 80.57018619961639,
    "agm002186848": 54.57754755781868,
    "agm002224787": 5.1738519899806255,
    "agm002153716": 0.5489308725231098,
    "mp-1195571": 0.35435710088555866,
    "mp-998230": 5.388690727999076,
    "mp-1223489": 1.3215689059439668,
    "mp-1029932": 12.263554730323163,
    "mp-28473": 2.0594312421942313,
    "mp-1228745": 10.592311014052072,
    "mp-1029652": 2.327440683701804,
    "mp-985293": 1.6344570103900036,
    "mp-1019889": 1.8479139206752664,
    "mp-1227994": 3.700763225890667,
    "agm002156258": 2.1716010581004745,
    "mp-559373": 3.955657527633503,
    "mp-1215615": 20.659484925608055,
    "mp-1219293": 3.566697453810383,
    "mp-560699": 1.2051506309985025,
    "agm002156599": 3.504585351051589,
    "mp-1078049": 17.326494015907368,
    "mp-554002": 2.696842858234372,
    "mp-1226863": 2.1263220099313274,
    "agm002848041": 0.8183184212373483,
    "agm002336867": 125.18346938890613,
    "mp-1222496": 1.8955411136265246,
    "agm003160584": 26.21638583123787,
    "mp-568328": 4.051279115071861,
    "agm002137965": 2.8557865550514774,
    "agm002074655": 4.577086588193808,
    "agm2000085596": 3.93325881020514,
    "agm005539186": 5.1901241696563565,
    "agm002073755": 1.9540808851109668,
    "agm002149208": 1.529334037112782,
    "agm002225219": 14.99536188485833,
    "agm003713453": 3.1835004998493033,
    "agm1000019508": 0.8684604388653174,
    "agm2000011039": 1.611176145872367,
    "agm005769288": 1.5881398213366316,
    "agm005112928": 1.9784118272365228,
    "agm001266143": 53.384081500391474,
    "agm005955873": 1.5648756751172619,
    "agm002077911": 14.041175804085297,
    "agm002097562": 1.1129180742812417,
    "agm2000016398": 1.638922857746403,
    "agm2000145156": 0.43161297981703467,
    "agm002056302": 4.054909750546746,
    "agm002190330": 8.827955915452021,
    "mp-685097": 1.0491800985505058,
    "agm003464867": 17.59811182227849,
    "agm003204906": 14.719866667054422,
    "agm002072309": 0.4874338800941643,
    "agm003612680": 1.7379202137726426,
    "agm002128787": 19.017006653570952,
    "agm2000128632": 1.254501977615218,
    "agm005882580": 2.0425841753936886,
    "agm003743952": 0.6138894412656971,
    "mp-1029408": 8.295739194511388,
    "agm2000084944": 0.6347527626302307,
    "mp-998591": 9.234417533284361,
    "agm004958126": 2.1189952456056393,
    "agm002233061": 7.03470484253694,
    "agm005605704": 34.11174865403164,
    "mp-1220818": 5.834338510865032,
    "mp-761842": 2.2611408419381496,
    "mp-14568": 1.2922400616952756,
    "agm004947354": 2.7047722221772736,
    "agm006056059": 4.133042815155211,
    "mp-32959": 2.511237642418977,
    "agm002091778": 3.82983189092939,
    "agm004951594": 7.947908480484567,
    "agm002079795": 3.5963587074479197,
    "agm002018585": 20.338900289137708,
    "agm004786105": 43.205970351274104
  },
  "uncertainties": null,
  "metrics": {
    "mae": 7.3171509812531585,
    "rmse": 19.053817917209322,
    "spearman": 0.8211551459293394,
    "r2_score": 0.520351120329535
  }
}