{
  "predictions": {
    "mp-552663": 2.6110431078490723,
    "mp-753401": 2.1663252766654333,
    "mp-23363": 0.45326247630908206,
    "mp-559961": 2.3545076792852795,
    "mp-17066": 2.342956261443689,
    "mp-29155": 0.6512099956920925,
    "mp-542931": 0.7769695286297365,
    "mp-27316": 0.7762948383672017,
    "mp-6126": 2.803519744785748,
    "mp-997027": 2.1180615037356496,
    "mp-21521": 1.7379986291872012,
    "mp-8673": 7.262790748513979,
    "mp-23280": 1.0363607772057064,
    "mp-561664": 0.48873144661604334,
    "mp-23794": 1.0215323211749796,
    "mp-756570": 1.0647773837452355,
    "mp-27987": 1.36220126107476,
    "mp-550959": 3.823563758738959,
    "mp-556719": 2.1652066501526153,
    "mp-27914": 2.1735436544870343,
    "mp-29524": 2.4371431089567324,
    "mp-504908": 0.5465305730055059,
    "mp-559065": 3.432184793051852,
    "mp-769218": 2.975877190054322,
    "mp-570213": 3.1254320794164205,
    "mp-1023936": 7.247458985229101,
    "mp-560588": 3.661318535546747,
    "mp-1222661": 13.827680041426976,
    "mp-1227993": 13.931876891898671,
    "mp-567246": 0.14419168862281848,
    "mp-1184796": 2.5131163526067204,
    "mp-1217830": 5.607559098671315,
    "mp-774907": 3.236883102003989,
    "mp-672158": 0.7104810563844275,
    "mp-1228522": 6.533601876899151,
    "mp-504910": 10.552838039330666,
    "mp-568802": 10.809347105271781,
    "mp-1222565": 1.0391595666552744,
    "mp-33723": 26.96565983626991,
    "mp-1227512": 13.051005436380068,
    "mp-1189731": 1.3087589445973167,
    "mp-28089": 2.8582994307634637,
    "mp-36779": 2.022233218994088,
    "mp-560521": 1.0092906994266557,
    "mp-571195": 8.534103691349726,
    "mp-1208039": 1.0126742323156266,
    "mp-1224376": 23.06199264472836,
    "mp-1219501": 8.915401480259279,
    "mp-1218158": 5.036048335079279,
    "mp-17207": 9.258219091575162,
    "agm003202330": 12.302621266775295,
    "agm002254137": 93.63622974990703,
    "agm002186848": 44.48565788998529,
    "agm002224787": 10.822769670557712,
    "agm002153716": 0.19111807636440623,
    "mp-1195571": 1.5085881257056564,
    "mp-998230": 3.42241558618714,
    "mp-1223489": 0.7018901761813425,
    "mp-1029932": 12.934199715843244,
    "mp-28473": 2.444860879815141,
    "mp-1228745": 6.101537597690755,
    "mp-1029652": 2.5442332648872545,
    "mp-985293": 0.1679830132785679,
    "mp-1019889": 0.3891876924335266,
    "mp-1227994": 5.52782731477804,
    "agm002156258": 2.1771896174458387,
    "mp-559373": 4.2040577714266245,
    "mp-1215615": 17.575097417298,
    "mp-1219293": 0.4447583553882777,
    "mp-560699": 1.9950213653169497,
    "agm002156599": 3.307738931092578,
    "mp-1078049": 15.906104260767572,
    "mp-554002": 2.989331108594951,
    "mp-1226863": 2.0324529435569003,
    "agm002848041": 3.18932637004027,
    "agm002336867": 114.87224423199677,
    "mp-1222496": 2.0859823153832027,
    "agm003160584": 31.0030065290285,
    "mp-568328": 13.855076046270577,
    "agm002137965": 6.010041618924348,
    "agm002074655": 2.047074901671179,
    "agm2000085596": 9.511109506946191,
    "agm005539186": 3.7661351875991973,
    "agm002073755": 1.1671829966624425,
    "agm002149208": 2.0526837435333447,
    "agm002225219": 13.586541932682723,
    "agm003713453": 1.945141458583532,
    "agm1000019508": 2.2329101248228946,
    "agm2000011039": 2.4096634293462387,
    "agm005769288": 2.124069519440805,
    "agm005112928": 0.6062098423182106,
    "agm001266143": 42.00442216500925,
    "agm005955873": 1.147898738558864,
    "agm002077911": 13.465438134665135,
    "agm002097562": 0.7147777443920966,
    "agm2000016398": 1.0985770873988496,
    "agm2000145156": 1.6916754812309158,
    "agm002056302": 2.711787771157917,
    "agm002190330": 11.52399037936575,
    "mp-685097": 3.3618074445213773,
    "agm003464867": 17.20350296107511,
    "agm003204906": 14.26119846587066,
    "agm002072309": 3.937624465542548,
    "agm003612680": 1.8352672037467395,
    "agm002128787": 14.265920433863917,
    "agm2000128632": 0.49084972914199393,
    "agm005882580": 4.636147949534771,
    "agm003743952": 0.3231004001891055,
    "mp-1029408": 8.365093978641061,
    "agm2000084944": 2.0678495384445323,
    "mp-998591": 5.588189695617507,
    "agm004958126": 3.8882959568481175,
    "agm002233061": 5.740313738423392,
    "agm005605704": 52.31786499111062,
    "mp-1220818": 3.345490757517664,
    "mp-761842": 1.227841639730423,
    "mp-14568": 3.5684791690879147,
    "agm004947354": 4.7087631410106665,
    "agm006056059": 1.1658143719880538,
    "mp-32959": 9.699171892375416,
    "agm002091778": 0.9088762402567168,
    "agm004951594": 9.735969733753986,
    "agm002079795": 2.9583681537451025,
    "agm002018585": 31.475501107725897,
    "agm004786105": 52.3430039691579
  },
  "metrics": {
    "mae": 7.522900813442187,
    "rmse": 19.128958964384736
  }
}