{
  "predictions": {
    "mp-552663": 0.6791394758926416,
    "mp-753401": 3.1287556713354068,
    "mp-23363": 0.3979383742047937,
    "mp-559961": 2.799748760391497,
    "mp-17066": -3.2936001606134875,
    "mp-29155": 3.5654876545242535,
    "mp-542931": 2.1011253316694094,
    "mp-27316": -0.5679152238149582,
    "mp-6126": 9.972634136483077,
    "mp-997027": 6.35715719372538,
    "mp-21521": 4.252758231687153,
    "mp-8673": 9.114724607211196,
    "mp-23280": 6.753043409523056,
    "mp-561664": 6.304276914682336,
    "mp-23794": 0.3872389399382697,
    "mp-756570": 3.968673251867714,
    "mp-27987": -0.33396098172213534,
    "mp-550959": 5.9142564817826955,
    "mp-556719": 2.723079253617098,
    "mp-27914": -0.655951809669018,
    "mp-29524": 1.4183326758392287,
    "mp-504908": 5.02053707622084,
    "mp-559065": 6.29758863950071,
    "mp-769218": 71.21818227753232,
    "mp-570213": 47.51893110870093,
    "mp-1023936": 10.780478621331024,
    "mp-560588": 28.979448447587348,
    "mp-1222661": 41.82643692981129,
    "mp-1227993": 12.922133677750598,
    "mp-567246": 25.010589397068852,
    "mp-1184796": -1.8472032712557316,
    "mp-1217830": 5.9054931241946615,
    "mp-774907": 5.904227489473712,
    "mp-672158": 1.023052778255046,
    "mp-1228522": 10.003209703506329,
    "mp-504910": 4.344276510707696,
    "mp-568802": 20.948995551814967,
    "mp-1222565": 0.7583642943858225,
    "mp-33723": 44.77043741804153,
    "mp-1227512": 71.99537764969271,
    "mp-1189731": 5.336360023169852,
    "mp-28089": 10.853381838245705,
    "mp-36779": 4.019526254897222,
    "mp-560521": -0.12234476254413335,
    "mp-571195": 81.16241717392772,
    "mp-1208039": 4.486572246138295,
    "mp-1224376": 63.107865171393364,
    "mp-1219501": 14.367421524069124,
    "mp-1218158": 6.05128583538515,
    "mp-17207": 24.04110703609374,
    "agm003202330": 38.207553281433256,
    "agm002254137": 49.23988629461824,
    "agm002186848": 42.227263531449715,
    "agm002224787": 10.20306666070258,
    "agm002153716": 1.7359883939783198,
    "mp-1195571": 0.25955831512675887,
    "mp-998230": 4.735932204952755,
    "mp-1223489": 0.19329996118744838,
    "mp-1029932": 13.397331617065692,
    "mp-28473": 0.5682864455463807,
    "mp-1228745": 22.40330117378055,
    "mp-1029652": 2.9873040764865375,
    "mp-985293": 0.6691106794258458,
    "mp-1019889": 0.8980493205724861,
    "mp-1227994": 1.4780067323088484,
    "agm002156258": 1.0790427872276542,
    "mp-559373": 3.233451751064682,
    "mp-1215615": 16.46753597372182,
    "mp-1219293": -0.035187619120964436,
    "mp-560699": 4.384200194038303,
    "agm002156599": 1.1640624428566793,
    "mp-1078049": 15.721077883910295,
    "mp-554002": 0.7570611956574433,
    "mp-1226863": 0.6530209414110033,
    "agm002848041": 0.09653238378399218,
    "agm002336867": 111.97214215673064,
    "mp-1222496": 4.071496728569533,
    "agm003160584": 36.926774156215735,
    "mp-568328": 89.21798460172693,
    "agm002137965": 0.7741147782452829,
    "agm002074655": 5.142480547717516,
    "agm2000085596": 18.694941538510626,
    "agm005539186": 14.00387871219004,
    "agm002073755": 0.9183150209959442,
    "agm002149208": 1.2703116581978884,
    "agm002225219": 14.462213824459056,
    "agm003713453": 6.384612969692045,
    "agm1000019508": 0.2908456194423268,
    "agm2000011039": 0.16434450005110274,
    "agm005769288": -0.49477627654486683,
    "agm005112928": 49.24204924163761,
    "agm001266143": 47.8708404438798,
    "agm005955873": 0.9170153741230885,
    "agm002077911": 10.451406639333497,
    "agm002097562": -0.09758132540884544,
    "agm2000016398": -0.0019671962654765522,
    "agm2000145156": -0.6575067129236298,
    "agm002056302": 0.10436004737879581,
    "agm002190330": 51.139238984801395,
    "mp-685097": 2.257148898514956,
    "agm003464867": 9.352114659275593,
    "agm003204906": 13.149401765093698,
    "agm002072309": 2.4328698195309597,
    "agm003612680": 1.2166023878778525,
    "agm002128787": 27.116106164733676,
    "agm2000128632": 0.6117109319580778,
    "agm005882580": 5.999643428958107,
    "agm003743952": 2.8449798594554423,
    "mp-1029408": 9.162560306017506,
    "agm2000084944": -0.5810962540775388,
    "mp-998591": 5.044036325672384,
    "agm004958126": 2.8819501647340604,
    "agm002233061": 42.10025117967263,
    "agm005605704": 13.893330282241369,
    "mp-1220818": 6.902150367160157,
    "mp-761842": 1.9147450040767904,
    "mp-14568": -0.04503970386219605,
    "agm004947354": 11.940458482222912,
    "agm006056059": 0.37166352518573315,
    "mp-32959": 1.0977952064801522,
    "agm002091778": 4.9730323210217025,
    "agm004951594": 0.2641793623869198,
    "agm002079795": 0.6312688426402443,
    "agm002018585": 60.39966265922615,
    "agm004786105": 36.93464367969278
  },
  "metrics": {
    "mae": 7.884289384478552,
    "rmse": 17.348161938354128,
    "spearman": 0.8104884792626726,
    "r2_score": 0.602381714820339
  }
}