{
  "predictions": {
    "mp-552663": 1.733087708783068,
    "mp-753401": 1.379336658516769,
    "mp-23363": -1.3717465294464073,
    "mp-559961": 3.3705220671602754,
    "mp-17066": 1.1232571334821153,
    "mp-29155": -0.11456295799058785,
    "mp-542931": 0.9310231052455675,
    "mp-27316": -0.7030917334254521,
    "mp-6126": 3.123369716488372,
    "mp-997027": 38.5113810995141,
    "mp-21521": 15.637595370949574,
    "mp-8673": 2.5031040370212616,
    "mp-23280": 7.585317284328182,
    "mp-561664": 1.0351336727322014,
    "mp-23794": 1.0756229040832062,
    "mp-756570": 3.3306767544203795,
    "mp-27987": 0.2518916611819144,
    "mp-550959": 11.959611993326174,
    "mp-556719": 0.9664462928672074,
    "mp-27914": 2.8881148908084664,
    "mp-29524": 2.4851331952904023,
    "mp-504908": 1.565327394161818,
    "mp-559065": 4.273305385482192,
    "mp-769218": 54.88902832388291,
    "mp-570213": 78.17078364033432,
    "mp-1023936": 5.881048460428828,
    "mp-560588": 5.419573036987902,
    "mp-1222661": 46.543372982303445,
    "mp-1227993": 8.613900465663713,
    "mp-567246": 52.50145829237726,
    "mp-1184796": 0.9255585158317216,
    "mp-1217830": 5.2147915971206125,
    "mp-774907": 10.554312000100403,
    "mp-672158": 0.5656317070340904,
    "mp-1228522": 4.047755005622766,
    "mp-504910": 6.610333596511948,
    "mp-568802": 62.233227858915015,
    "mp-1222565": 0.9889358463803521,
    "mp-33723": 51.34230432503968,
    "mp-1227512": 75.33964351702322,
    "mp-1189731": 1.118677150771472,
    "mp-28089": 26.14355158219752,
    "mp-36779": 2.6648601191683094,
    "mp-560521": 0.16937390415577078,
    "mp-571195": 84.29718964858638,
    "mp-1208039": 1.273074803172406,
    "mp-1224376": 19.587153111497006,
    "mp-1219501": 25.238776280628407,
    "mp-1218158": 4.015583390501097,
    "mp-17207": 35.98576842954252,
    "agm003202330": 60.59611437468745,
    "agm002254137": 105.29484096666347,
    "agm002186848": 67.40274042740123,
    "agm002224787": 14.300911540029656,
    "agm002153716": -0.07534967417143723,
    "mp-1195571": 2.6097279590792404,
    "mp-998230": 5.969217921452851,
    "mp-1223489": 0.41733965744039536,
    "mp-1029932": 19.29864135806344,
    "mp-28473": 0.7370680845229893,
    "mp-1228745": 36.16108376051646,
    "mp-1029652": 2.3958145817572967,
    "mp-985293": -0.428038575276944,
    "mp-1019889": 0.5290608794961369,
    "mp-1227994": -1.3078250492836059,
    "agm002156258": 0.8165034062184929,
    "mp-559373": 1.9152658010443606,
    "mp-1215615": 18.171438638132692,
    "mp-1219293": 0.6792957253849244,
    "mp-560699": 2.0781874874181203,
    "agm002156599": 3.5664264081513863,
    "mp-1078049": 18.43548021611329,
    "mp-554002": 0.028880994410973422,
    "mp-1226863": 0.5260272982090604,
    "agm002848041": 0.03009032027551954,
    "agm002336867": 126.00885276599219,
    "mp-1222496": 3.330055235983373,
    "agm003160584": 63.19651921611283,
    "mp-568328": 115.55396537545862,
    "agm002137965": 1.2737386246474998,
    "agm002074655": 0.7738438245378071,
    "agm2000085596": 9.615334485160574,
    "agm005539186": 19.617829286742765,
    "agm002073755": 0.7211116172393283,
    "agm002149208": -0.5356608272648334,
    "agm002225219": 15.265662839066692,
    "agm003713453": 1.941642215212524,
    "agm1000019508": -2.9300562707121323,
    "agm2000011039": -1.6082010864151906,
    "agm005769288": 6.309346060463602,
    "agm005112928": 11.625786403578148,
    "agm001266143": 40.328528829650615,
    "agm005955873": -0.5807322595379182,
    "agm002077911": 14.594727547868816,
    "agm002097562": 2.359139811588859,
    "agm2000016398": -0.7782598095220862,
    "agm2000145156": -2.3809813790726153,
    "agm002056302": 0.600159724928493,
    "agm002190330": 55.92308467259516,
    "mp-685097": 4.735625322205368,
    "agm003464867": 9.454200954765787,
    "agm003204906": 13.222874563890354,
    "agm002072309": 3.3529011661709367,
    "agm003612680": 0.642842130693721,
    "agm002128787": 12.668093851553056,
    "agm2000128632": -4.708397440490773,
    "agm005882580": 4.237196515987298,
    "agm003743952": 5.402065054443786,
    "mp-1029408": 12.601572867694436,
    "agm2000084944": 0.01929044452365455,
    "mp-998591": 6.187923926655,
    "agm004958126": 3.0278013849519,
    "agm002233061": 50.76378635450932,
    "agm005605704": 18.069002327197694,
    "mp-1220818": 6.566665547261461,
    "mp-761842": 2.4632525934274363,
    "mp-14568": 0.995036942667768,
    "agm004947354": 4.736217820581728,
    "agm006056059": 0.5487146574195897,
    "mp-32959": -0.44349676359273477,
    "agm002091778": 3.1945548042912195,
    "agm004951594": 8.919295658027282,
    "agm002079795": -0.520430362488483,
    "agm002018585": 78.97761891500194,
    "agm004786105": 29.27917748553515
  },
  "metrics": {
    "mae": 7.494076008229285,
    "rmse": 14.547787533021484,
    "spearman": 0.8062734254992319,
    "r2_score": 0.7203896054169371
  }
}