{
  "predictions": {
    "mp-552663": -0.31971379186380683,
    "mp-753401": 2.5975513083388164,
    "mp-23363": 2.4386257934180846,
    "mp-559961": 2.865169515164748,
    "mp-17066": 3.5832795900313363,
    "mp-29155": 2.9387761736640075,
    "mp-542931": 3.478943365236268,
    "mp-27316": -0.6899398278024474,
    "mp-6126": 8.617493499563992,
    "mp-997027": 11.32580043047258,
    "mp-21521": 3.7997651519818048,
    "mp-8673": 14.476519299141598,
    "mp-23280": 8.817888667625247,
    "mp-561664": 1.3932487761822503,
    "mp-23794": 0.4820842224524129,
    "mp-756570": 2.787841865400165,
    "mp-27987": 1.7281430741783104,
    "mp-550959": 14.321245103076944,
    "mp-556719": 1.9273727155846725,
    "mp-27914": -5.381507187221787,
    "mp-29524": -1.0994141325116475,
    "mp-504908": 4.125236947349457,
    "mp-559065": 3.4085277380569545,
    "mp-769218": 85.14366371826414,
    "mp-570213": 45.11101884227017,
    "mp-1023936": 8.037129195790607,
    "mp-560588": 20.278555594313964,
    "mp-1222661": 46.31589414410051,
    "mp-1227993": 10.84584167574879,
    "mp-567246": 21.073505395579502,
    "mp-1184796": 0.7680140205690335,
    "mp-1217830": 10.06655145580202,
    "mp-774907": 3.80505465609955,
    "mp-672158": 7.890747010424812,
    "mp-1228522": 8.382026958915983,
    "mp-504910": 1.4915551360944068,
    "mp-568802": 15.943178798599616,
    "mp-1222565": 1.0662658648210723,
    "mp-33723": 43.65281420227198,
    "mp-1227512": 83.13859193015014,
    "mp-1189731": 2.566811325878187,
    "mp-28089": 13.186357871954126,
    "mp-36779": 2.033505401799966,
    "mp-560521": 0.6080355256736535,
    "mp-571195": 84.17731055188013,
    "mp-1208039": 0.7613126357529654,
    "mp-1224376": 49.19737564840697,
    "mp-1219501": 36.10402093389411,
    "mp-1218158": 11.811307551695778,
    "mp-17207": 28.837123552671926,
    "agm003202330": 39.88551276585542,
    "agm002254137": 63.910032486657514,
    "agm002186848": 60.85333224081514,
    "agm002224787": 10.865346107709616,
    "agm002153716": 2.0704297380541252,
    "mp-1195571": 0.5223738695747494,
    "mp-998230": 5.48094450623002,
    "mp-1223489": 0.5135318113730021,
    "mp-1029932": 6.980442758937353,
    "mp-28473": 0.2565299032542106,
    "mp-1228745": 26.632183818855864,
    "mp-1029652": 6.775273638952922,
    "mp-985293": 0.7344676517979237,
    "mp-1019889": 0.5659221101581449,
    "mp-1227994": 1.5471456177772653,
    "agm002156258": 1.0200371767653729,
    "mp-559373": 3.8675912227960256,
    "mp-1215615": 17.76423051543773,
    "mp-1219293": 1.7802505649893456,
    "mp-560699": 6.726013715726763,
    "agm002156599": -0.9467241433825723,
    "mp-1078049": 15.838532630913987,
    "mp-554002": 1.1266810527569504,
    "mp-1226863": 0.3698929836246003,
    "agm002848041": -0.4445633429246714,
    "agm002336867": 99.50345277360037,
    "mp-1222496": 3.2538669808323455,
    "agm003160584": 35.7979039281015,
    "mp-568328": 66.91574334477303,
    "agm002137965": 0.2964697998212865,
    "agm002074655": 1.1868909627398136,
    "agm2000085596": 13.064501669198156,
    "agm005539186": 17.22362121683502,
    "agm002073755": 0.33274255016420895,
    "agm002149208": 2.9983202606333723,
    "agm002225219": 18.58033407320138,
    "agm003713453": 0.8395160560063277,
    "agm1000019508": -1.846554055285763,
    "agm2000011039": -2.0821391881547613,
    "agm005769288": 1.9726400672043658,
    "agm005112928": 59.40494783289543,
    "agm001266143": 56.0089544813246,
    "agm005955873": 1.4110933978095936,
    "agm002077911": 11.165476012584353,
    "agm002097562": 0.3797696385231583,
    "agm2000016398": 0.028992911483703226,
    "agm2000145156": 1.2467679931275617,
    "agm002056302": 2.8336192563330163,
    "agm002190330": 44.3295118449599,
    "mp-685097": 2.0657305550845644,
    "agm003464867": 14.82186915099823,
    "agm003204906": 9.59985137882502,
    "agm002072309": 2.957375950744459,
    "agm003612680": 0.8004035331120516,
    "agm002128787": 21.866601913952255,
    "agm2000128632": 2.016476593112768,
    "agm005882580": 0.7335668520494983,
    "agm003743952": 0.2993107276001127,
    "mp-1029408": 7.568137053947444,
    "agm2000084944": 0.08843219917748033,
    "mp-998591": 4.0436699513873995,
    "agm004958126": 5.989851366951605,
    "agm002233061": 30.926188709916467,
    "agm005605704": 10.108055767572882,
    "mp-1220818": 9.357535311184682,
    "mp-761842": 4.270408271821085,
    "mp-14568": 0.7721317542740139,
    "agm004947354": 12.749522134117546,
    "agm006056059": 0.25172493694389253,
    "mp-32959": 0.28503252723065925,
    "agm002091778": 0.22239301055758842,
    "agm004951594": 5.883703306701839,
    "agm002079795": 2.121838309877027,
    "agm002018585": 45.51862559369736,
    "agm004786105": 35.36800431987895
  },
  "metrics": {
    "mae": 8.29796737652545,
    "rmse": 17.0748686180113,
    "spearman": 0.7818740399385561,
    "r2_score": 0.6148107532978038
  }
}