{
  "predictions": {
    "mp-21892": 9.178605757852916,
    "mp-8070": 3.113927581316381,
    "mp-558491": 1.318415977140328,
    "mp-632684": 0.6501328643909368,
    "mp-23329": 6.266331571982906,
    "mp-555150": 5.5099214103924785,
    "mp-6564": -0.17558326296976268,
    "mp-18578": 5.450990704593277,
    "mp-760755": 0.16964359138715582,
    "mp-28456": 23.9222930975566,
    "mp-4779": 0.7725903998866863,
    "mp-6268": 5.012735270790472,
    "mp-706621": 1.3791053312809995,
    "mp-559057": 2.079134694754306,
    "mp-24468": 0.5459863722051291,
    "mp-1778": 1.0400271704074904,
    "mp-2176": 68.7965971651296,
    "mp-22909": 0.10443095564830149,
    "mp-4187": 16.065304347075525,
    "mp-10341": 1.4193351402288674,
    "mp-9844": 0.9982838952150864,
    "mp-5784": -0.7387896504484771,
    "mp-20694": 28.92320646816882,
    "mp-9066": 0.12861623861512897,
    "mp-6126": 3.6404381998416695,
    "mp-632229": 3.5578075018739326,
    "mp-12177": 7.639589617273999,
    "mp-21521": 16.576618315744373,
    "mp-1287": 8.407561214211174,
    "mp-756044": 1.7727316323016824,
    "mp-754712": -0.7736579846536649,
    "mp-4812": 0.6537470847299994,
    "mp-18168": -2.6921450144196157,
    "mp-23866": 0.9304784465192122,
    "mp-558085": -0.5757462376775174,
    "mp-230": 3.2786323475692662,
    "mp-505702": 3.308749714174404,
    "mp-559065": 7.759627619924062,
    "mp-559545": 6.902780549918477,
    "mp-549720": 17.079628553329922,
    "mp-561385": 1.4674479181779416,
    "mp-13666": 18.18565206199043,
    "mp-14444": 9.864443457258446,
    "mp-1550": 16.305280209626055,
    "mp-2469": 22.833183725089288,
    "mp-31451": 71.45139104282775,
    "mp-1023924": -1.4713645067131031,
    "mp-1100395": 0.9573269818269459,
    "mp-961682": 60.789145101016445,
    "mp-38011": 1.5370218286098178,
    "mp-30847": 77.34225241917004,
    "mp-8884": 63.869354414000775,
    "mp-1017534": 38.2661963658648,
    "mp-6980": 23.017817720616154,
    "mp-560588": 34.81789088290455,
    "mp-4524": 78.17531300160236,
    "mp-4514": 6.8970549068821505,
    "mp-11714": 6.58383682825567,
    "mp-1180133": 7.840847011056672,
    "mp-675161": 0.4141185937240562,
    "mp-983327": 0.520825861232337,
    "mp-1225884": -1.763941435516649,
    "mp-1219554": 7.11578483464438,
    "mp-1196457": 1.3388166746406587,
    "mp-560894": 1.787440107839057,
    "mp-1196282": -0.47656701664579304,
    "mp-1222122": 22.326780612707157,
    "mp-1219328": 21.21602554533576,
    "mp-1227014": 48.70441847304765,
    "mp-1222205": 10.222469010692867,
    "mp-1227124": 33.17230952377531,
    "mp-1102285": 6.273587477482734,
    "mp-1227389": 21.381455516251265,
    "mp-1180688": 15.581280577368233,
    "mp-1399519": -0.022972565604112868,
    "mp-1227110": 0.33262394328342737,
    "mp-1079676": -0.08501921801734542,
    "mp-24705": 0.4291571953461582,
    "mp-1516294": 0.9069315554749291,
    "mp-1228342": 0.09664975953304644,
    "mp-17862": 67.5591184222375,
    "mp-504952": 50.23420331289654,
    "mp-1222589": -0.9826914712589078,
    "mp-1223849": -1.7014751747417205,
    "mp-6524": 0.694540846928036,
    "mp-1208039": 0.5007630497339174,
    "mp-625175": -0.10688371905535231,
    "mp-1219000": 36.31412370883793,
    "mp-532424": 0.025471899223119623,
    "mp-1218099": 3.807913087310786,
    "agm002306806": 7.67601894796386,
    "agm003160552": 61.213101291347265,
    "agm003202328": 26.22627803515716,
    "agm002353946": 35.792763888776776,
    "agm002278924": 53.87732398964711,
    "agm002381637": 97.06635001390013,
    "agm003225028": 5.819448292017618,
    "agm003202410": 57.18652658763088,
    "agm003230659": 3.160058077410678,
    "agm003128264": 6.966121562286976,
    "mp-781710": 17.321366598778425,
    "mp-1227011": 48.429277467914986,
    "mp-1216118": 7.5786234421609,
    "agm002166075": 11.891371263504311,
    "agm002135972": 76.73581267412415,
    "mp-3267": 19.848667639874588,
    "agm002224865": 7.440245609195366,
    "agm002347507": 7.391374054983471,
    "agm003157565": -2.222122125331322,
    "mp-1216100": 1.447604032532105,
    "mp-1195571": 1.2399944689555447,
    "mp-780232": 4.36510937005166,
    "agm002018869": 101.32870383126306,
    "agm002140778": 3.744165650275926,
    "agm002041336": 47.929436819148975,
    "agm003219193": 0.33195584919368043,
    "mp-1228160": -0.5090728222909421,
    "mp-1223489": 0.6249440576838442,
    "mp-1221169": 17.372067310919356,
    "mp-4431": 27.835934834475278,
    "mp-8393": 41.72443316800984,
    "mp-1105300": 26.07409406926589,
    "mp-36066": 4.070479849432965,
    "mp-1103351": 14.950108750811346,
    "mp-1103228": 60.3659471783293,
    "mp-1029368": 22.373849503315526,
    "mp-1217825": 23.37058318395705,
    "mp-1029633": 13.57757602476409,
    "agm002147818": 2.783696428738754,
    "agm003248171": 0.8589348790546463,
    "mp-1223526": 0.25393415337730224,
    "agm002153139": 1.4574185533137571,
    "mp-239": 13.086399535804329,
    "agm002137320": 2.473352118891099,
    "mp-1079609": 2.693337344546822,
    "mp-558219": 3.407638085383159,
    "mp-555202": 0.5914881276515517,
    "mp-1216976": 13.56550368035236,
    "mp-626172": 0.9326288246249551,
    "agm002156258": 0.4664375633711221,
    "mp-772748": 0.2081187891791541,
    "agm002237467": 11.46401978079511,
    "mp-1223389": 23.864390450571005,
    "agm002155430": 36.597738412268065,
    "mp-9427": -0.04862446402594454,
    "mp-1225916": -0.12418530988133099,
    "agm003237859": -1.1143807878246648,
    "agm002156600": 1.800535412020177,
    "mp-1221971": 7.941803748780761,
    "mp-1220913": 4.70372909492383,
    "agm002237807": 68.52348191137759,
    "mp-1221578": 1.0405864667771512,
    "mp-1191266": 4.654097337249835,
    "mp-1205304": 11.41821578927501,
    "mp-1218334": 16.53146870556614,
    "agm002215982": -0.14177186857469398,
    "mp-559752": -0.22099931005601195,
    "mp-1215642": 11.29215227982407,
    "agm002813663": 5.747076790565839,
    "mp-1247873": 33.970271969601136,
    "mp-1194479": 0.5386369641213266,
    "mp-558521": 2.939539062753389,
    "agm003213121": 7.2341819011813255,
    "agm002286033": 12.880121185165672,
    "agm002297812": 1.2267716060955383,
    "mp-1147697": 7.216798886555069,
    "mp-29157": 46.11610487743583,
    "mp-558277": 8.860024471192363,
    "agm003200486": 3.382701650860822,
    "agm002157245": 10.047829416559612,
    "mp-1370": 52.53086608180476,
    "mp-555915": 1.3240444508249491,
    "mp-776226": 1.8357347475555685,
    "agm002138671": 9.499427479477731,
    "agm002790067": 42.50424595526361,
    "agm002163280": 15.55288122827763,
    "mp-532444": 2.018192124153515,
    "agm002177957": 17.99735420072735,
    "agm006045098": 1.799628102958679,
    "agm002205114": 49.65270022187335,
    "agm2000005406": 3.296457816181209,
    "agm002184995": 65.50464570199625,
    "agm003235252": -1.8710890752201463,
    "agm002178912": 19.840275251053118,
    "agm002115629": 2.1790916188200864,
    "agm003206267": 16.916728139241936,
    "agm004739450": 58.524338805117196,
    "agm003705731": 5.777045857150963,
    "agm005112928": 39.18220912593602,
    "agm005722808": 1.2592381049762835,
    "agm2000126920": 2.385194439533481,
    "agm2000137141": 17.091826276117825,
    "agm005848675": 37.91900215746654,
    "mp-2802611": 0.8096792104917185,
    "agm002158085": 9.280884494349962,
    "agm005545163": 2.771816567195119,
    "agm005056300": 6.7589316310371945,
    "agm004786326": 16.537859211409092,
    "agm003048447": 13.067900593119024,
    "agm002102212": -0.617364371341996,
    "agm001234439": 22.796408867642135,
    "agm002056302": 0.056407306342069106,
    "agm002137665": 2.6915685771327804,
    "agm003555711": 2.5051255761160443,
    "mp-554918": 2.1679655142804175,
    "mp-570756": -1.6697971667825422,
    "agm001375463": 57.02570462555537,
    "agm005208831": 42.06870672680376,
    "mp-4452": 20.792144907648044,
    "agm005882616": 0.04484916680545569,
    "agm2000001907": 0.4623758557487606,
    "agm005721583": 11.050764121644036,