{
  "predictions": {
    "mp-21892": 0.0006805140599926499,
    "mp-8070": 0.7003376611061088,
    "mp-558491": 1.0600951296479406,
    "mp-632684": 0.35731886100865207,
    "mp-23329": 9.15572354792967,
    "mp-555150": 0.8936122403070198,
    "mp-6564": 0.6246002085346796,
    "mp-18578": 7.967143374082607,
    "mp-760755": -2.442931257241773,
    "mp-28456": 12.499970739373888,
    "mp-4779": 0.24709631562940734,
    "mp-6268": 2.4008287118183596,
    "mp-706621": 0.6019058066715991,
    "mp-559057": 5.520752656983301,
    "mp-24468": 0.9039805215635686,
    "mp-1778": 18.194442980713248,
    "mp-2176": 103.7707418589708,
    "mp-22909": 0.5094394303482748,
    "mp-4187": 8.367211071664103,
    "mp-10341": 1.0526528898560135,
    "mp-9844": 0.5363290622329872,
    "mp-5784": 1.7659706623974585,
    "mp-20694": 5.557829690448206,
    "mp-9066": 1.5292116282747086,
    "mp-6126": 3.986377619088612,
    "mp-632229": 6.946081119767421,
    "mp-12177": 6.519695358656744,
    "mp-21521": 11.60784131351052,
    "mp-1287": 12.482501158943487,
    "mp-756044": 1.5448058808758665,
    "mp-754712": 4.367439112540156,
    "mp-4812": 3.4641489715341907,
    "mp-18168": 2.8110981276105855,
    "mp-23866": 1.2476377197005557,
    "mp-558085": 2.250790793150716,
    "mp-230": 2.4138586874822883,
    "mp-505702": 4.490383045616711,
    "mp-559065": 9.908763936376015,
    "mp-559545": 2.9793292306132613,
    "mp-549720": 18.273329086729067,
    "mp-561385": 2.83866950456462,
    "mp-13666": 25.337985260588095,
    "mp-14444": 6.022649847404908,
    "mp-1550": 30.627864321676544,
    "mp-2469": 11.049411119140915,
    "mp-31451": 81.10383983591375,
    "mp-1023924": -1.9618071598181048,
    "mp-1100395": 0.742232881802985,
    "mp-961682": 62.67361779312603,
    "mp-38011": 2.312327267896817,
    "mp-30847": 62.417665632779155,
    "mp-8884": 81.19976375155144,
    "mp-1017534": 41.82572034305124,
    "mp-6980": 15.331395907786966,
    "mp-560588": 14.909811365911066,
    "mp-4524": 84.70220876617898,
    "mp-4514": 22.169189850956684,
    "mp-11714": 11.214147844554429,
    "mp-1180133": 5.063172052877802,
    "mp-675161": -0.32946993637930283,
    "mp-983327": -0.2993364672066147,
    "mp-1225884": 2.5312133225651596,
    "mp-1219554": 8.682026781543868,
    "mp-1196457": -0.14379091597867713,
    "mp-560894": -0.10393791946865795,
    "mp-1196282": -1.343733637491413,
    "mp-1222122": 8.439795285326323,
    "mp-1219328": 14.055561913767038,
    "mp-1227014": 64.2864695894989,
    "mp-1222205": 10.153938619297657,
    "mp-1227124": 21.237092434319347,
    "mp-1102285": 6.944264493212817,
    "mp-1227389": 27.569714651630694,
    "mp-1180688": 8.871432815344832,
    "mp-1399519": 4.758562583568032,
    "mp-1227110": 1.0418912721158713,
    "mp-1079676": 8.63730085341441,
    "mp-24705": 0.1386364584978843,
    "mp-1516294": 1.8073436918707615,
    "mp-1228342": -0.4204142772940251,
    "mp-17862": 12.103995309388745,
    "mp-504952": 46.56400367054958,
    "mp-1222589": 0.006767220470261084,
    "mp-1223849": 0.41732691253803933,
    "mp-6524": 0.5574334828857173,
    "mp-1208039": 3.3386765658724573,
    "mp-625175": 0.42882886041524576,
    "mp-1219000": 30.094815392927696,
    "mp-532424": -2.7913478943221905,
    "mp-1218099": 0.9763604034138261,
    "agm002306806": 1.219733993039961,
    "agm003160552": 34.89872641173505,
    "agm003202328": 2.8035966881944754,
    "agm002353946": 20.696800250966778,
    "agm002278924": 71.97169595111248,
    "agm002381637": 83.1742112455956,
    "agm003225028": 5.069777494014018,
    "agm003202410": 31.439743707045707,
    "agm003230659": -0.02687796408157584,
    "agm003128264": 3.2575151274928764,
    "mp-781710": 23.243499599621195,
    "mp-1227011": 60.97926647797918,
    "mp-1216118": 3.4182558442779505,
    "agm002166075": 20.5218666224772,
    "agm002135972": 81.42352887354977,
    "mp-3267": 8.129826085948379,
    "agm002224865": 10.879700986978426,
    "agm002347507": 3.625799321334431,
    "agm003157565": 8.153049355996306,
    "mp-1216100": -0.18635366709922985,
    "mp-1195571": 4.792905247107239,
    "mp-780232": 4.335565557285441,
    "agm002018869": 89.16670550590327,
    "agm002140778": 6.584328325673967,
    "agm002041336": 61.74628990278267,
    "agm003219193": 0.7286137339297839,
    "mp-1228160": 1.4017235959902343,
    "mp-1223489": 0.4401348949942855,
    "mp-1221169": 12.618725668468699,
    "mp-4431": 23.11742532734587,
    "mp-8393": 31.95957497147746,
    "mp-1105300": 30.418404556408646,
    "mp-36066": 3.745527303363113,
    "mp-1103351": 15.68414367649792,
    "mp-1103228": 108.17361015054624,
    "mp-1029368": 8.933937497872964,
    "mp-1217825": 24.666248545741862,
    "mp-1029633": 2.8664924031524577,
    "agm002147818": 0.0006956368946837419,
    "agm003248171": 0.5692809636191435,
    "mp-1223526": 0.8100784921233156,
    "agm002153139": 0.6054336366213832,
    "mp-239": 21.28484971167958,
    "agm002137320": 2.4675988883921294,
    "mp-1079609": 3.7405504943518366,
    "mp-558219": 6.360504549939639,
    "mp-555202": 1.5221517953901822,
    "mp-1216976": 5.535852382129225,
    "mp-626172": 0.05786158516645297,
    "agm002156258": 0.7114694202987049,
    "mp-772748": 0.32470118716038954,
    "agm002237467": 11.71330815385564,
    "mp-1223389": 21.161704674321413,
    "agm002155430": 41.39134976121204,
    "mp-9427": 0.5535181633824708,
    "mp-1225916": 1.0803782060557945,
    "agm003237859": 0.3559095394459873,
    "agm002156600": 3.115553390832084,
    "mp-1221971": 9.920433187815858,
    "mp-1220913": 3.3573252201208876,
    "agm002237807": 34.63125184412088,
    "mp-1221578": 1.959636416874996,
    "mp-1191266": 8.708021453267673,
    "mp-1205304": 13.954892182262165,
    "mp-1218334": 36.36899064972555,
    "agm002215982": 0.5661291298354003,
    "mp-559752": 2.308817652989751,
    "mp-1215642": 3.946720618070703,
    "agm002813663": 2.142716984772557,
    "mp-1247873": 8.671644268749072,
    "mp-1194479": -0.14427564746733085,
    "mp-558521": -3.426335587234367,
    "agm003213121": 10.413216532285077,
    "agm002286033": 12.387766015811012,
    "agm002297812": 1.1026467248328926,
    "mp-1147697": 7.641876721280364,
    "mp-29157": 68.75333533645741,
    "mp-558277": 7.7730662156436825,
    "agm003200486": 3.9259355798764113,
    "agm002157245": 14.114940190771284,
    "mp-1370": 19.893815197497695,
    "mp-555915": 0.292433161019776,
    "mp-776226": 5.290887183624858,
    "agm002138671": 6.528715399275211,
    "agm002790067": 40.43892025741526,
    "agm002163280": 5.164405111241119,
    "mp-532444": 0.8169317760505486,
    "agm002177957": 26.75110738814953,
    "agm006045098": -0.05955378971518741,
    "agm002205114": 48.9142444689903,
    "agm2000005406": 0.04345094333965077,
    "agm002184995": 96.00444399591588,
    "agm003235252": 0.06777754991376682,
    "agm002178912": 25.839082222584278,
    "agm002115629": 3.7635379197999996,
    "agm003206267": 22.486686047642664,
    "agm004739450": 89.29525150328264,
    "agm003705731": 7.253856300463197,
    "agm005112928": 1.2205700307827274,
    "agm005722808": -3.6175381081439353,
    "agm2000126920": 1.0165959922802004,
    "agm2000137141": 29.7536452486113,
    "agm005848675": 17.409743265429473,
    "mp-2802611": 0.7275422977769057,
    "agm002158085": 11.15435523886169,
    "agm005545163": 3.1202807098216323,
    "agm005056300": 10.911630439759858,
    "agm004786326": 12.146770783392693,
    "agm003048447": 7.884950659383171,
    "agm002102212": 0.9112728941630256,
    "agm001234439": 7.344401760655462,
    "agm002056302": 1.010425870650144,
    "agm002137665": -0.6832723059917587,
    "agm003555711": 2.4859791980756736,
    "mp-554918": 0.6511408976217301,
    "mp-570756": -2.467682594937673,
    "agm001375463": 65.26044993396356,
    "agm005208831": 32.345506181427965,
    "mp-4452": 22.272207841429626,
    "agm005882616": -0.5292265563668014,
    "agm2000001907": -0.08006066225392447,
    "agm005721583": 9.286481905826767,