{
  "predictions": {
    "mp-21892": 13.412863058802452,
    "mp-8070": 0.5349285279959481,
    "mp-558491": 1.012798619332921,
    "mp-632684": 0.45508424037680395,
    "mp-23329": 1.3704219285257002,
    "mp-555150": 0.10556386775201114,
    "mp-6564": -0.3149070213252991,
    "mp-18578": 9.147108824235808,
    "mp-760755": -0.4306074710796222,
    "mp-28456": 26.657115750951657,
    "mp-4779": 1.879246374374703,
    "mp-6268": 2.6220190712068763,
    "mp-706621": 1.5226093932810374,
    "mp-559057": 5.2040923024774,
    "mp-24468": 0.9424047871318116,
    "mp-1778": 1.0291703010765836,
    "mp-2176": 57.00855020194464,
    "mp-22909": 2.1209735499549445,
    "mp-4187": 12.645001567630514,
    "mp-10341": 2.948332585842534,
    "mp-9844": 2.585680941528895,
    "mp-5784": 1.4949097024992783,
    "mp-20694": 16.53741251488826,
    "mp-9066": 1.2986838640382197,
    "mp-6126": 7.416404396333115,
    "mp-632229": 1.2023419862866933,
    "mp-12177": 5.757233958994274,
    "mp-21521": 5.324010649044542,
    "mp-1287": 19.291901413817993,
    "mp-756044": 0.4410727189281628,
    "mp-754712": -1.9736760628214076,
    "mp-4812": 1.5066969946785338,
    "mp-18168": 4.410146762298749,
    "mp-23866": 0.8185367156072448,
    "mp-558085": 1.2701671769003962,
    "mp-230": 9.769956381124823,
    "mp-505702": 5.706916164104989,
    "mp-559065": 8.457434930151187,
    "mp-559545": 8.17808384155518,
    "mp-549720": 18.128698197591397,
    "mp-561385": 3.3927486051385407,
    "mp-13666": 38.949383605946835,
    "mp-14444": 14.599590570084588,
    "mp-1550": 48.29171385270376,
    "mp-2469": 17.757758587352313,
    "mp-31451": 58.461052798188526,
    "mp-1023924": 11.848245897717158,
    "mp-1100395": 3.2889760862591286,
    "mp-961682": 95.94027847666207,
    "mp-38011": 3.1125567461919035,
    "mp-30847": 82.90182256626412,
    "mp-8884": 83.7514476745667,
    "mp-1017534": 29.346024311114906,
    "mp-6980": 36.333436608784936,
    "mp-560588": 12.940208705857007,
    "mp-4524": 52.894954938521145,
    "mp-4514": 13.564039436230061,
    "mp-11714": 6.955939365467145,
    "mp-1180133": 4.565562448468573,
    "mp-675161": 0.5315141824379213,
    "mp-983327": 3.7400408324607075,
    "mp-1225884": 1.476798879485998,
    "mp-1219554": 4.81735072249183,
    "mp-1196457": -0.29734590919869797,
    "mp-560894": 2.224763535242789,
    "mp-1196282": 0.7811838604116783,
    "mp-1222122": 20.614971888799957,
    "mp-1219328": 8.922538315746102,
    "mp-1227014": 53.578486679672956,
    "mp-1222205": 9.037000074007073,
    "mp-1227124": 24.575714521227606,
    "mp-1102285": 3.4247657191914627,
    "mp-1227389": 14.699519789493207,
    "mp-1180688": 25.432532055312095,
    "mp-1399519": 0.6754341810942878,
    "mp-1227110": 0.13712249774446508,
    "mp-1079676": 0.30114206961044254,
    "mp-24705": 1.009168094868229,
    "mp-1516294": 3.7364207011466446,
    "mp-1228342": 3.295696032831709,
    "mp-17862": 57.3143070167454,
    "mp-504952": 20.191083209277824,
    "mp-1222589": 0.2545785855156529,
    "mp-1223849": 0.17666569411100094,
    "mp-6524": -0.18879799076024947,
    "mp-1208039": -0.6101763630917804,
    "mp-625175": -0.19391846432604828,
    "mp-1219000": 46.24488239184119,
    "mp-532424": -0.37450385138571435,
    "mp-1218099": 11.016889026437235,
    "agm002306806": 32.30572098949354,
    "agm003160552": 66.50954205212943,
    "agm003202328": 23.48607564421081,
    "agm002353946": 65.52898369448704,
    "agm002278924": 44.39589614155964,
    "agm002381637": 85.01194242777137,
    "agm003225028": 6.849337915701915,
    "agm003202410": 37.9668174202237,
    "agm003230659": 4.244961405143164,
    "agm003128264": 5.6798384126849735,
    "mp-781710": 19.42941061252373,
    "mp-1227011": 55.7382898167637,
    "mp-1216118": 9.488006280429014,
    "agm002166075": 3.259824006475668,
    "agm002135972": 66.66480214397073,
    "mp-3267": 25.927932271534853,
    "agm002224865": 10.678071623995397,
    "agm002347507": 7.272636412191115,
    "agm003157565": -1.0374239098892002,
    "mp-1216100": 0.7078648878800226,
    "mp-1195571": 1.7160532061639555,
    "mp-780232": 3.29947516895344,
    "agm002018869": 86.32849371870687,
    "agm002140778": 4.223963896310353,
    "agm002041336": 28.968174247824123,
    "agm003219193": 0.3532997616281749,
    "mp-1228160": -0.2641345902221954,
    "mp-1223489": 0.5346623403819688,
    "mp-1221169": 6.31029450528369,
    "mp-4431": 18.257231781906967,
    "mp-8393": 32.37130842066769,
    "mp-1105300": 30.30815369656445,
    "mp-36066": 2.01215100813961,
    "mp-1103351": 16.914954594124126,
    "mp-1103228": 85.24999576553758,
    "mp-1029368": 22.47245140920032,
    "mp-1217825": 25.81700623443162,
    "mp-1029633": 15.61792277956005,
    "agm002147818": 1.775298918625748,
    "agm003248171": 0.30826781781830564,
    "mp-1223526": 0.28618853666483557,
    "agm002153139": 1.241852575369,
    "mp-239": 13.971477096976216,
    "agm002137320": 0.5165453616041938,
    "mp-1079609": 3.7930252140706058,
    "mp-558219": 3.0786016151677154,
    "mp-555202": 0.9637345705678615,
    "mp-1216976": 29.188032827090773,
    "mp-626172": -0.04008089170144754,
    "agm002156258": 0.8832715759757268,
    "mp-772748": -0.05318521242482085,
    "agm002237467": 10.092735762252733,
    "mp-1223389": 24.17362438599574,
    "agm002155430": 31.59909020185232,
    "mp-9427": 0.25177883730683354,
    "mp-1225916": 0.8567728487979667,
    "agm003237859": 1.9486869342151523,
    "agm002156600": 0.1384499152675389,
    "mp-1221971": 7.019824966293238,
    "mp-1220913": 6.125769727243028,
    "agm002237807": 73.5925108367486,
    "mp-1221578": 0.8389665825529439,
    "mp-1191266": 4.497459708542404,
    "mp-1205304": 9.375532398715762,
    "mp-1218334": 12.014745088765407,
    "agm002215982": 1.1116477195185976,
    "mp-559752": -0.3653383659348604,
    "mp-1215642": 7.306835856339701,
    "agm002813663": 6.9953838449019585,
    "mp-1247873": 27.700592047696578,
    "mp-1194479": 2.1032478491200925,
    "mp-558521": 4.41661721873995,
    "agm003213121": 7.423757333891609,
    "agm002286033": 6.7895811242138,
    "agm002297812": 1.6250848836150826,
    "mp-1147697": 8.103026080781333,
    "mp-29157": 38.3601766498841,
    "mp-558277": 9.457567482026418,
    "agm003200486": -1.8191433545057296,
    "agm002157245": 7.000019830444265,
    "mp-1370": 29.890839490003824,
    "mp-555915": 10.8274743279866,
    "mp-776226": 1.9400916579673135,
    "agm002138671": 2.2004345258400333,
    "agm002790067": 59.95873275036599,
    "agm002163280": 9.237165387628687,
    "mp-532444": 0.19144717359137745,
    "agm002177957": 18.45302675435446,
    "agm006045098": 2.150096875625636,
    "agm002205114": 51.936119915665124,
    "agm2000005406": 1.92892661122236,
    "agm002184995": 53.701043851131786,
    "agm003235252": 0.361547205780568,
    "agm002178912": 21.731182954723334,
    "agm002115629": 2.4820865697967034,
    "agm003206267": 13.067042029113884,
    "agm004739450": 45.03443980667684,
    "agm003705731": 6.675183593590437,
    "agm005112928": 27.14996675638756,
    "agm005722808": 0.7443787344664423,
    "agm2000126920": -0.07901937242625313,
    "agm2000137141": 19.757714780449597,
    "agm005848675": 40.47472831096892,
    "mp-2802611": 0.5119309494808849,
    "agm002158085": 11.741040224394066,
    "agm005545163": 1.4373334738642958,
    "agm005056300": 5.782466221956535,
    "agm004786326": 10.248318889156593,
    "agm003048447": 5.5560024476510845,
    "agm002102212": -0.804295581052509,
    "agm001234439": 14.809357603444107,
    "agm002056302": 0.9330808582209315,
    "agm002137665": -0.46288013169149156,
    "agm003555711": 2.5557458897247987,
    "mp-554918": 1.0192113031997905,
    "mp-570756": 0.3288456049501409,
    "agm001375463": 68.27872810829139,
    "agm005208831": 36.54974378336515,
    "mp-4452": 19.106124200201318,
    "agm005882616": 1.2310521988031595,
    "agm2000001907": 0.46294202460119754,
    "agm005721583": 11.58104842051399,