{
  "predictions": {
    "mp-21892": 0.7583668828010559,
    "mp-8070": 0.8941760659217834,
    "mp-558491": 0.4537977874279022,
    "mp-632684": 0.7906707525253296,
    "mp-23329": 9.799612045288086,
    "mp-555150": 1.2833107709884644,
    "mp-760755": 0.6103554368019104,
    "mp-6268": 4.994377136230469,
    "mp-559057": 2.4662063121795654,
    "mp-1778": 6.266669750213623,
    "mp-2176": 60.98712921142578,
    "mp-22909": 7.970371723175049,
    "mp-9844": 0.9372106790542603,
    "mp-9066": 8.576032638549805,
    "mp-6126": 0.9685313701629639,
    "mp-632229": 2.009620428085327,
    "mp-21521": 1.8266104459762573,
    "mp-1287": 5.692152976989746,
    "mp-756044": 0.6827660202980042,
    "mp-754712": 0.8361284136772156,
    "mp-18168": 0.5901694297790527,
    "mp-505702": 12.250069618225098,
    "mp-559065": 8.22135066986084,
    "mp-559545": 6.943708896636963,
    "mp-549720": 26.018692016601562,
    "mp-561385": 5.8012309074401855,
    "mp-13666": 19.17934226989746,
    "mp-14444": 12.64482307434082,
    "mp-2469": 30.482757568359375,
    "mp-31451": 74.61227416992188,
    "mp-1023924": 6.84655237197876,
    "mp-38011": 7.074694633483887,
    "mp-8884": 67.8030776977539,
    "mp-6980": 26.113069534301758,
    "mp-4524": 92.13402557373047,
    "mp-11714": 17.607406616210938,
    "mp-1180133": 3.5225167274475098,
    "mp-1225884": 1.0019201040267944,
    "mp-1196457": 0.6989604234695435,
    "mp-560894": 0.6911211609840393,
    "mp-1196282": 0.5749250650405884,
    "mp-1219328": 8.62855339050293,
    "mp-1227124": 50.33295440673828,
    "mp-1102285": 5.494284152984619,
    "mp-1227389": 37.9923210144043,
    "mp-1227110": 0.7099902033805847,
    "mp-1079676": 0.9582606554031372,
    "mp-1228342": 2.0482568740844727,
    "mp-17862": 31.604448318481445,
    "mp-504952": 18.596466064453125,
    "mp-1223849": 6.186666965484619,
    "mp-1208039": 1.264417052268982,
    "mp-625175": 0.6094737648963928,
    "agm003160552": 36.34321594238281,
    "agm003202328": 14.327353477478027,
    "agm002278924": 21.345626831054688,
    "agm003202410": 46.605472564697266,
    "mp-1227011": 33.64405059814453,
    "agm002224865": 8.747237205505371,
    "agm003157565": 37.69460678100586,
    "agm002140778": 1.274704098701477,
    "agm002041336": 63.27459716796875,
    "agm003219193": 0.8264560699462891,
    "mp-1228160": 0.6603180170059204,
    "mp-1223489": 0.5966796875,
    "mp-1221169": 23.60219383239746,
    "mp-4431": 17.332138061523438,
    "mp-1105300": 21.79532814025879,
    "mp-1103351": 18.77881622314453,
    "mp-1029368": 10.946898460388184,
    "mp-1029633": 4.316943645477295,
    "agm002147818": 0.47365817427635193,
    "agm002153139": 0.9819403886795044,
    "mp-555202": 0.403266578912735,
    "mp-1216976": 11.759416580200195,
    "mp-626172": 0.6214523911476135,
    "agm002156258": 0.04455524682998657,
    "mp-772748": 0.7044920921325684,
    "mp-1223389": 15.806526184082031,
    "mp-9427": 0.5821678638458252,
    "mp-1225916": 0.6806953549385071,
    "agm003237859": 3.2887206077575684,
    "mp-1221971": 9.270334243774414,
    "agm002237807": 30.96394920349121,
    "mp-1215642": 6.65012788772583,
    "agm003213121": 2.281820297241211,
    "agm002297812": 0.757268488407135,
    "mp-29157": 51.53889083862305,
    "mp-555915": 6.37758731842041,
    "agm002138671": 3.4153332710266113,
    "agm002790067": 46.37681579589844,
    "agm002205114": 104.83831787109375,
    "agm002184995": 47.22385787963867,
    "agm003235252": 0.4789804220199585,
    "agm003206267": 39.56615447998047,
    "agm003705731": 10.177900314331055,
    "agm2000126920": 0.8137197494506836,
    "agm2000137141": 24.431190490722656,
    "agm005848675": 51.41025924682617,
    "mp-2802611": 2.035440444946289,
    "agm005056300": 12.410447120666504,
    "agm004786326": 13.786202430725098,
    "agm001234439": 0.668147087097168,
    "agm002056302": 0.6950535178184509,
    "agm002137665": 0.09926435351371765,
    "mp-554918": 0.6987141370773315,
    "agm001375463": 59.67531204223633,
    "agm005721583": 37.85795593261719,
    "agm006020719": 0.5060089826583862,
    "agm003112540": 75.20542907714844,
    "agm004787350": 9.745331764221191,
    "agm002176403": 0.5958019495010376,
    "agm002161194": 15.846168518066406,
    "agm2000136656": 8.633172988891602,
    "mp-1208179": 0.33604785799980164,
    "agm002017294": 61.58904266357422,
    "agm002041315": 33.872642517089844,
    "agm003469328": 0.7121083736419678,
    "agm005072178": 0.14603552222251892,
    "agm005664742": 5.2753005027771,
    "agm004773455": 2.8322722911834717,
    "agm005071058": 1.2154366970062256,
    "agm006047746": 22.9478702545166,
    "agm005754384": 0.7689597010612488,
    "agm005748012": 0.539680540561676
  },
  "uncertainties": null,
  "metrics": {
    "mae": 10.455690423647642,
    "rmse": 23.592380176148172,
    "spearman": 0.8271090629800305,
    "r2_score": 0.4105318936678608
  }
}