{
  "predictions": {
    "mp-21892": 3.940167221825867,
    "mp-8070": 0.4417134088948453,
    "mp-558491": 0.5827705082892004,
    "mp-632684": 0.5035398923825394,
    "mp-23329": 6.6331207318655485,
    "mp-555150": 0.9417458923883707,
    "mp-6564": 0.629416477489785,
    "mp-18578": 7.638593056253496,
    "mp-760755": 0.9035317526112633,
    "mp-28456": 16.139191450955614,
    "mp-4779": 0.786701886208081,
    "mp-6268": 3.298385340590473,
    "mp-706621": 0.35639544201496276,
    "mp-559057": 2.168079804986995,
    "mp-24468": 0.7551865641182686,
    "mp-1778": 2.3443879604358333,
    "mp-2176": 73.17752382107517,
    "mp-22909": 1.6678960826090943,
    "mp-4187": 9.32316933348923,
    "mp-10341": 1.916838481715754,
    "mp-9844": 0.8828933712218493,
    "mp-5784": 1.2936289732565436,
    "mp-20694": 9.618353767268413,
    "mp-9066": 0.936214640918192,
    "mp-6126": 4.4601381305222,
    "mp-632229": 1.950470937292451,
    "mp-12177": 4.691213520075674,
    "mp-21521": 6.679943043828924,
    "mp-1287": 19.278866706910545,
    "mp-756044": 1.5634792451528465,
    "mp-754712": 2.423733108388926,
    "mp-4812": 1.5968189093168854,
    "mp-18168": 1.8308424243221413,
    "mp-23866": 1.9273160225235122,
    "mp-558085": 0.9662411528852126,
    "mp-230": 24.472598059441243,
    "mp-505702": 5.926715186687804,
    "mp-559065": 9.233889560434031,
    "mp-559545": 6.738921480008985,
    "mp-549720": 22.925265771634816,
    "mp-561385": 1.943102051573938,
    "mp-13666": 30.668815270746613,
    "mp-14444": 17.17893906346458,
    "mp-1550": 19.194875381196383,
    "mp-2469": 13.188671469829929,
    "mp-31451": 78.33811894924061,
    "mp-1023924": 10.86325562506807,
    "mp-1100395": 3.7612959313534158,
    "mp-961682": 66.53626417164259,
    "mp-38011": 4.073776325859351,
    "mp-30847": 44.67560808452225,
    "mp-8884": 80.55977533868581,
    "mp-1017534": 40.715183639502136,
    "mp-6980": 16.171995102953527,
    "mp-560588": 19.5350697980396,
    "mp-4524": 69.79216060815853,
    "mp-4514": 12.53489492610284,
    "mp-11714": 6.831590405355643,
    "mp-1180133": 8.038461598423778,
    "mp-675161": 0.4621239897119251,
    "mp-983327": 0.720910435652805,
    "mp-1225884": 0.38194742328410103,
    "mp-1219554": 7.517027225415019,
    "mp-1196457": 0.48409837602204575,
    "mp-560894": 0.41510329018436587,
    "mp-1196282": 0.21544877582456173,
    "mp-1222122": 25.476908357987877,
    "mp-1219328": 14.802046514269081,
    "mp-1227014": 57.908116569783786,
    "mp-1222205": 8.639507216769761,
    "mp-1227124": 29.679296497897834,
    "mp-1102285": 7.188809008806809,
    "mp-1227389": 22.840182829120025,
    "mp-1180688": 24.43886262731192,
    "mp-1399519": 6.334171123878419,
    "mp-1227110": 0.14746858083193154,
    "mp-1079676": 1.1480041643214662,
    "mp-24705": 1.0471814896365292,
    "mp-1516294": 4.175525913673137,
    "mp-1228342": 1.9047458373868127,
    "mp-17862": 46.06040097092939,
    "mp-504952": 47.10039081475069,
    "mp-1222589": 0.2785645986685089,
    "mp-1223849": 0.8883718156328219,
    "mp-6524": 0.7091579521539393,
    "mp-1208039": 1.209523109916111,
    "mp-625175": 0.29683900164937727,
    "mp-1219000": 52.19046357489826,
    "mp-532424": 0.8725070093786155,
    "mp-1218099": 3.7922111904549802,
    "agm002306806": 24.93057513558438,
    "agm003160552": 65.94653258871367,
    "agm003202328": 26.790481526591392,
    "agm002353946": 34.67716960457034,
    "agm002278924": 56.703210789715875,
    "agm002381637": 102.07423392205385,
    "agm003225028": 9.015079878625432,
    "agm003202410": 50.74493230817656,
    "agm003230659": 1.862026600741671,
    "agm003128264": 4.4914161641995545,
    "mp-781710": 14.730110483107246,
    "mp-1227011": 30.15311128100385,
    "mp-1216118": 10.403199704578258,
    "agm002166075": 20.86872703653696,
    "agm002135972": 77.76423612761519,
    "mp-3267": 25.364908923175438,
    "agm002224865": 7.33598231762667,
    "agm002347507": 4.468833482782087,
    "agm003157565": 0.356239805140407,
    "mp-1216100": 1.1944706688529982,
    "mp-1195571": 1.5604585320952007,
    "mp-780232": 4.83890592109432,
    "agm002018869": 70.19714886357632,
    "agm002140778": 2.685368720408809,
    "agm002041336": 40.00781581866744,
    "agm003219193": 0.3636058707578714,
    "mp-1228160": 0.18212015565441886,
    "mp-1223489": 0.23466759355761457,
    "mp-1221169": 20.00497399301337,
    "mp-4431": 20.475521054062355,
    "mp-8393": 38.20121502708534,
    "mp-1105300": 29.01058626799302,
    "mp-36066": 2.4608835773511832,
    "mp-1103351": 18.26035510060454,
    "mp-1103228": 57.939859684320155,
    "mp-1029368": 13.877486144540944,
    "mp-1217825": 22.88889694914466,
    "mp-1029633": 18.10561058152472,
    "agm002147818": 0.16992211685219402,
    "agm003248171": 0.2914175001176095,
    "mp-1223526": 0.49384530049488823,
    "agm002153139": 1.7652714225907593,
    "mp-239": 11.543385552974165,
    "agm002137320": 1.9541766004880932,
    "mp-1079609": 2.9085636149029357,
    "mp-558219": 8.221369132590652,
    "mp-555202": 0.5147807432069016,
    "mp-1216976": 24.827365779423886,
    "mp-626172": 0.09120225515164192,
    "agm002156258": 0.5344348725438599,
    "mp-772748": 0.25185168195679164,
    "agm002237467": 9.976317984673377,
    "mp-1223389": 20.185664435313612,
    "agm002155430": 30.73823435872116,
    "mp-9427": 0.6109303723588048,
    "mp-1225916": 0.9855376698622257,
    "agm003237859": 1.0519467690284503,
    "agm002156600": 1.1640723869505711,
    "mp-1221971": 9.801908287197053,
    "mp-1220913": 4.524673555048487,
    "agm002237807": 36.33973623825345,
    "mp-1221578": 2.794285569635891,
    "mp-1191266": 7.675705061187451,
    "mp-1205304": 6.851305213589463,
    "mp-1218334": 41.92843807156636,
    "agm002215982": 0.9188011843255741,
    "mp-559752": 0.8623282181317083,
    "mp-1215642": 10.593654706547769,
    "agm002813663": 12.214991064460751,
    "mp-1247873": 28.799925914444444,
    "mp-1194479": 0.8008986790714643,
    "mp-558521": 1.7940631937537406,
    "agm003213121": 7.8349425108005555,
    "agm002286033": 8.589226958026915,
    "agm002297812": 1.2035053982120634,
    "mp-1147697": 7.506170467270212,
    "mp-29157": 52.94626710667062,
    "mp-558277": 9.173013730578717,
    "agm003200486": 1.2382497710916578,
    "agm002157245": 14.06897452444069,
    "mp-1370": 35.36085561140243,
    "mp-555915": 3.291686167848255,
    "mp-776226": 2.0185076813944183,
    "agm002138671": 4.083987037568835,
    "agm002790067": 39.68495433157117,
    "agm002163280": 3.6657269164688118,
    "mp-532444": 0.8029441884470502,
    "agm002177957": 19.974196933457147,
    "agm006045098": 1.0765339391888689,
    "agm002205114": 59.13309380974717,
    "agm2000005406": 0.3908823728221067,
    "agm002184995": 60.31372480700506,
    "agm003235252": 0.40779634573144585,
    "agm002178912": 21.3819446295368,
    "agm002115629": 2.2621640188844108,
    "agm003206267": 14.573122207977114,
    "agm004739450": 63.33845769937596,
    "agm003705731": 4.542938086158398,
    "agm005112928": 44.07041858330358,
    "agm005722808": 2.956214945069175,
    "agm2000126920": 2.118935970387989,
    "agm2000137141": 24.571111588087565,
    "agm005848675": 27.70528369239777,
    "mp-2802611": 0.6014577803742907,
    "agm002158085": 10.90226396843804,
    "agm005545163": 1.4126870911524392,
    "agm005056300": 7.07809713802261,
    "agm004786326": 11.875669207616063,
    "agm003048447": 13.905493879061696,
    "agm002102212": 0.5470020328024845,
    "agm001234439": 12.437059269373782,
    "agm002056302": 2.213974605494765,
    "agm002137665": 0.2325544714811548,
    "agm003555711": 1.9636951995797594,
    "mp-554918": 1.0462000393424442,
    "mp-570756": 0.3624837483650319,
    "agm001375463": 73.68424423544958,
    "agm005208831": 25.90503056298563,
    "mp-4452": 19.172518722994138,
    "agm005882616": 0.7989602757782519,
    "agm2000001907": 0.6965860453033695,
    "agm005721583": 14.7903604964971,
    "agm001281942": 1.3372774911590388,