{
  "predictions": {
    "mp-21892": 2.4177263712201666,
    "mp-8070": 0.1417227405274285,
    "mp-558491": 0.7314110352498284,
    "mp-632684": 0.6669442242915409,
    "mp-23329": 5.838408265101557,
    "mp-555150": 1.1472111962436167,
    "mp-6564": 0.2334153010409338,
    "mp-18578": 5.268645228413874,
    "mp-760755": 0.6769749584603162,
    "mp-28456": 9.390004146120425,
    "mp-4779": 0.6475161152594114,
    "mp-6268": 3.3106414580594605,
    "mp-706621": 0.24112419128856874,
    "mp-559057": 4.0409848877072605,
    "mp-24468": 0.5353416975482683,
    "mp-1778": 0.4171492647177072,
    "mp-2176": 95.71147674607003,
    "mp-22909": 2.21931148215314,
    "mp-4187": 4.011949220335207,
    "mp-10341": 2.0482250629029255,
    "mp-9844": 1.0194893122554576,
    "mp-5784": 0.7812082075375381,
    "mp-20694": 10.021441349569765,
    "mp-9066": 0.465025246855711,
    "mp-6126": 2.088062415971121,
    "mp-632229": 2.2323783278295704,
    "mp-12177": 4.813965022445151,
    "mp-21521": 2.4220045838157613,
    "mp-1287": 20.60442697122731,
    "mp-756044": 0.40340612158942185,
    "mp-754712": 7.320299745582507,
    "mp-4812": 1.1131744081512438,
    "mp-18168": 1.9600458960589202,
    "mp-23866": 0.7120515538200923,
    "mp-558085": 1.2083565806624583,
    "mp-230": 1.8864595037900838,
    "mp-505702": 4.532472966421344,
    "mp-559065": 6.876206355509416,
    "mp-559545": 7.865860627973373,
    "mp-549720": 23.672962212636694,
    "mp-561385": 2.6983190349043396,
    "mp-13666": 18.92592925297751,
    "mp-14444": 12.334781742814643,
    "mp-1550": 10.29127245466681,
    "mp-2469": 7.270207536173623,
    "mp-31451": 92.46459258980973,
    "mp-1023924": 7.8978506496109535,
    "mp-1100395": 1.520749642059347,
    "mp-961682": 46.00966934459606,
    "mp-38011": 3.08741762598922,
    "mp-30847": 30.299409804695777,
    "mp-8884": 94.76421302232018,
    "mp-1017534": 44.932783679511786,
    "mp-6980": 5.610476659949298,
    "mp-560588": 12.709849548382435,
    "mp-4524": 66.32249554948447,
    "mp-4514": 17.90290481213288,
    "mp-11714": 6.685252220217868,
    "mp-1180133": 3.250457569348793,
    "mp-675161": 0.42111618815017793,
    "mp-983327": 0.31362599529297763,
    "mp-1225884": 0.1879522206009794,
    "mp-1219554": 5.569727366688942,
    "mp-1196457": 0.42695822419881146,
    "mp-560894": 0.37159370534721137,
    "mp-1196282": 0.14563749383123192,
    "mp-1222122": 8.740504648011104,
    "mp-1219328": 13.181664731781307,
    "mp-1227014": 54.25827279891686,
    "mp-1222205": 10.906701392610898,
    "mp-1227124": 28.80587117525622,
    "mp-1102285": 2.006783366387384,
    "mp-1227389": 25.08914827493972,
    "mp-1180688": 23.017842553239998,
    "mp-1399519": 3.775272894500506,
    "mp-1227110": 0.22380397202256241,
    "mp-1079676": 1.3818654828182577,
    "mp-24705": 1.1369623135543026,
    "mp-1516294": 1.544859454316422,
    "mp-1228342": 1.567484752927398,
    "mp-17862": 47.67368752074679,
    "mp-504952": 54.437016098345964,
    "mp-1222589": 0.3764544908640132,
    "mp-1223849": 0.9510077256086177,
    "mp-6524": 0.6420104834635559,
    "mp-1208039": 1.7281329781146106,
    "mp-625175": 0.2649236219931565,
    "mp-1219000": 63.91307865966177,
    "mp-532424": 0.5695091926465846,
    "mp-1218099": 3.5807511715911464,
    "agm002306806": 20.266448465350795,
    "agm003160552": 74.36212823519641,
    "agm003202328": 18.257298733970224,
    "agm002353946": 35.697319860210676,
    "agm002278924": 65.18972470437397,
    "agm002381637": 96.7806988448602,
    "agm003225028": 6.542135613677348,
    "agm003202410": 29.894976890468683,
    "agm003230659": 2.2895075025025466,
    "agm003128264": 3.07568102678964,
    "mp-781710": 19.465653252297855,
    "mp-1227011": 36.596030639259254,
    "mp-1216118": 8.805904324140899,
    "agm002166075": 17.485787849295125,
    "agm002135972": 80.00492279456161,
    "mp-3267": 19.579686800705325,
    "agm002224865": 8.052898366409213,
    "agm002347507": 4.11713553129124,
    "agm003157565": 1.7830951970285422,
    "mp-1216100": 0.9935072405033338,
    "mp-1195571": 2.4052315591396236,
    "mp-780232": 4.856316383961482,
    "agm002018869": 71.29441475542197,
    "agm002140778": 1.8881769257314902,
    "agm002041336": 39.448674637405226,
    "agm003219193": 0.19595588173043293,
    "mp-1228160": 0.38723848870635114,
    "mp-1223489": 0.24436629807516588,
    "mp-1221169": 20.70351633057188,
    "mp-4431": 21.276058113417175,
    "mp-8393": 40.51647080787493,
    "mp-1105300": 24.894773671059284,
    "mp-36066": 2.574083247562638,
    "mp-1103351": 13.532525560151685,
    "mp-1103228": 73.58630827297624,
    "mp-1029368": 14.528865164617205,
    "mp-1217825": 24.924950508455698,
    "mp-1029633": 10.479870870621474,
    "agm002147818": 0.16541204965702305,
    "agm003248171": 0.26021053001285127,
    "mp-1223526": 0.5455272694563139,
    "agm002153139": 1.7325101812347865,
    "mp-239": 8.703887505943703,
    "agm002137320": 1.662784391332488,
    "mp-1079609": 3.499133393687407,
    "mp-558219": 9.26578067947945,
    "mp-555202": 0.6906296133063057,
    "mp-1216976": 17.792409230727557,
    "mp-626172": 0.0625996177201427,
    "agm002156258": 0.3098978209624686,
    "mp-772748": 0.22620652973257788,
    "agm002237467": 11.521658445246793,
    "mp-1223389": 19.617761286734055,
    "agm002155430": 31.85795706283479,
    "mp-9427": 0.7455518835414199,
    "mp-1225916": 1.2651119142653253,
    "agm003237859": 0.43304919734455266,
    "agm002156600": 1.5431659234734467,
    "mp-1221971": 9.435871916580968,
    "mp-1220913": 4.382827936043096,
    "agm002237807": 34.934799725124044,
    "mp-1221578": 1.6759401965719525,
    "mp-1191266": 5.145648975574827,
    "mp-1205304": 8.179866823029103,
    "mp-1218334": 27.4666697514317,
    "agm002215982": 1.0888539674998996,
    "mp-559752": 0.9764550432120948,
    "mp-1215642": 5.629749566277284,
    "agm002813663": 8.536262453680878,
    "mp-1247873": 27.741279169435337,
    "mp-1194479": 0.7928487899037058,
    "mp-558521": 1.615156597306881,
    "agm003213121": 9.674034754550128,
    "agm002286033": 9.927415909626932,
    "agm002297812": 1.237335819085657,
    "mp-1147697": 7.670721448917326,
    "mp-29157": 62.198077714605425,
    "mp-558277": 9.163923492457016,
    "agm003200486": 1.115475101940649,
    "agm002157245": 7.755586853192577,
    "mp-1370": 18.863954285636613,
    "mp-555915": 0.6801864655391258,
    "mp-776226": 4.293250228228545,
    "agm002138671": 3.5293500659247257,
    "agm002790067": 34.46079585103902,
    "agm002163280": 3.1955283697604364,
    "mp-532444": 0.3355231645061144,
    "agm002177957": 19.28258775670654,
    "agm006045098": 1.0159964364336673,
    "agm002205114": 64.34431050711791,
    "agm2000005406": 0.2531180182864604,
    "agm002184995": 69.43842546601391,
    "agm003235252": 0.5726262301851911,
    "agm002178912": 27.674840851656313,
    "agm002115629": 1.529853555257364,
    "agm003206267": 20.35283484944587,
    "agm004739450": 82.78347875153796,
    "agm003705731": 4.1432873277756475,
    "agm005112928": 29.177785855185753,
    "agm005722808": 2.566805126603867,
    "agm2000126920": 0.8992410912938992,
    "agm2000137141": 26.510024027461267,
    "agm005848675": 26.119379579118178,
    "mp-2802611": 0.9614582932467378,
    "agm002158085": 8.320676756362287,
    "agm005545163": 0.9204961626748088,
    "agm005056300": 5.9923828050615615,
    "agm004786326": 14.865499551396024,
    "agm003048447": 12.990902407370493,
    "agm002102212": 0.5535176577964223,
    "agm001234439": 4.7025368832311605,
    "agm002056302": 0.6377040376808053,
    "agm002137665": 0.2532003823436396,
    "agm003555711": 2.1707791590025893,
    "mp-554918": 1.0861293152660678,
    "mp-570756": 1.336383456987141,
    "agm001375463": 36.47333018775517,
    "agm005208831": 26.031151915248973,
    "mp-4452": 21.923890990311737,
    "agm005882616": 0.6448870778237434,
    "agm2000001907": 0.7694944845864888,
    "agm005721583": 15.281303123524967,