{
  "predictions": {
    "mp-21892": 6.787946762445728,
    "mp-8070": 0.6496971346812066,
    "mp-558491": 0.5398336647062232,
    "mp-632684": 0.4948506138264461,
    "mp-23329": 5.035657383944465,
    "mp-555150": 0.9514491983719569,
    "mp-6564": 0.7690385433717392,
    "mp-18578": 6.719549114792528,
    "mp-760755": 0.9879644868904647,
    "mp-28456": 18.522614915480904,
    "mp-4779": 0.672044087415259,
    "mp-6268": 2.7424821901257905,
    "mp-706621": 0.4202105306545432,
    "mp-559057": 3.298360728434941,
    "mp-24468": 0.7969667585140673,
    "mp-1778": 3.3145565782385735,
    "mp-2176": 75.79971148552006,
    "mp-22909": 1.2178078387379394,
    "mp-4187": 11.132958142281725,
    "mp-10341": 1.8675289282867518,
    "mp-9844": 0.9103401354257963,
    "mp-5784": 1.6693475778709552,
    "mp-20694": 11.3027662408412,
    "mp-9066": 0.8464089225783232,
    "mp-6126": 6.2007981461984185,
    "mp-632229": 2.240146545055577,
    "mp-12177": 4.81731169616535,
    "mp-21521": 5.592832513702681,
    "mp-1287": 17.93957998789462,
    "mp-756044": 1.6486257672922833,
    "mp-754712": 2.2051850342825055,
    "mp-4812": 1.477958715543153,
    "mp-18168": 3.1244158760067133,
    "mp-23866": 2.865111589129325,
    "mp-558085": 1.2375557491939169,
    "mp-230": 29.63346365283059,
    "mp-505702": 6.45083510505501,
    "mp-559065": 7.20438400240405,
    "mp-559545": 7.722314686325965,
    "mp-549720": 21.254419936709102,
    "mp-561385": 1.744113782044309,
    "mp-13666": 43.591523765206915,
    "mp-14444": 18.08966224499559,
    "mp-1550": 19.31741120082947,
    "mp-2469": 16.683487225831982,
    "mp-31451": 68.8937558114213,
    "mp-1023924": 16.910317944841143,
    "mp-1100395": 5.127236769090295,
    "mp-961682": 92.42392078932164,
    "mp-38011": 2.6019996622916106,
    "mp-30847": 52.12024308934035,
    "mp-8884": 81.59981166046722,
    "mp-1017534": 36.916609483115394,
    "mp-6980": 14.580344922423699,
    "mp-560588": 28.74870854830398,
    "mp-4524": 63.85747684290026,
    "mp-4514": 7.686582851993994,
    "mp-11714": 7.043825439839051,
    "mp-1180133": 10.490769755526433,
    "mp-675161": 0.46598020423258146,
    "mp-983327": 1.079597582716529,
    "mp-1225884": 0.49342822284788107,
    "mp-1219554": 7.461373918072367,
    "mp-1196457": 0.42140684130476097,
    "mp-560894": 0.4481070229579774,
    "mp-1196282": 0.2747159311648178,
    "mp-1222122": 20.892855284677115,
    "mp-1219328": 23.087348585194004,
    "mp-1227014": 62.4013007954796,
    "mp-1222205": 8.624692856561465,
    "mp-1227124": 32.43568473497657,
    "mp-1102285": 7.587263049047196,
    "mp-1227389": 21.836684020081048,
    "mp-1180688": 24.813395476572765,
    "mp-1399519": 8.383831085445497,
    "mp-1227110": 0.21524837381357304,
    "mp-1079676": 2.8980741184596415,
    "mp-24705": 1.072312007570907,
    "mp-1516294": 9.219933698059542,
    "mp-1228342": 2.1536747596257966,
    "mp-17862": 42.194507383973644,
    "mp-504952": 39.59574953115905,
    "mp-1222589": 0.4072867276695735,
    "mp-1223849": 1.10337533001507,
    "mp-6524": 0.9874844339104175,
    "mp-1208039": 1.205951092533355,
    "mp-625175": 0.2585277886791554,
    "mp-1219000": 48.45929410643453,
    "mp-532424": 1.0766204524333796,
    "mp-1218099": 5.049515319312502,
    "agm002306806": 25.996895344869987,
    "agm003160552": 64.06589601706342,
    "agm003202328": 26.122942059827814,
    "agm002353946": 32.299634784070705,
    "agm002278924": 55.49080736006483,
    "agm002381637": 103.54939947100159,
    "agm003225028": 8.867553544838575,
    "agm003202410": 50.59355763234001,
    "agm003230659": 1.7849948644556994,
    "agm003128264": 4.988812582501039,
    "mp-781710": 17.72285684112268,
    "mp-1227011": 36.6386085073408,
    "mp-1216118": 10.081693673342713,
    "agm002166075": 21.109651373300952,
    "agm002135972": 87.89599494488719,
    "mp-3267": 32.835376337762824,
    "agm002224865": 6.7398593246286165,
    "agm002347507": 6.086124413074008,
    "agm003157565": 0.4863632037333259,
    "mp-1216100": 1.3614077831404279,
    "mp-1195571": 1.4066197930705249,
    "mp-780232": 4.856338654422273,
    "agm002018869": 69.01035252560821,
    "agm002140778": 1.6687227452499436,
    "agm002041336": 41.67995305952324,
    "agm003219193": 0.32607231324131647,
    "mp-1228160": 0.2039193177063129,
    "mp-1223489": 0.2792232754072066,
    "mp-1221169": 19.77279362423739,
    "mp-4431": 18.852991740707907,
    "mp-8393": 46.62984193346298,
    "mp-1105300": 29.293327090987056,
    "mp-36066": 2.497569698693736,
    "mp-1103351": 19.24755732857181,
    "mp-1103228": 69.49903497223885,
    "mp-1029368": 20.67659059865848,
    "mp-1217825": 20.616366287028026,
    "mp-1029633": 17.972381420057594,
    "agm002147818": 0.24730128177984897,
    "agm003248171": 0.2812485086924265,
    "mp-1223526": 0.46075003422887884,
    "agm002153139": 1.636075629718614,
    "mp-239": 20.101214953173542,
    "agm002137320": 1.9121468272273268,
    "mp-1079609": 2.9037454122397355,
    "mp-558219": 9.190154548701319,
    "mp-555202": 0.779486809165934,
    "mp-1216976": 29.498395163509777,
    "mp-626172": 0.09022304839114911,
    "agm002156258": 0.9661766780421996,
    "mp-772748": 0.25289586687004717,
    "agm002237467": 10.036711471194762,
    "mp-1223389": 23.6829543945154,
    "agm002155430": 31.126018202304913,
    "mp-9427": 0.6155157732784192,
    "mp-1225916": 1.1953686938732437,
    "agm003237859": 0.6830553869726397,
    "agm002156600": 1.2459089227275733,
    "mp-1221971": 9.823504459996766,
    "mp-1220913": 4.848337070620105,
    "agm002237807": 41.921764827429485,
    "mp-1221578": 3.169335342779649,
    "mp-1191266": 6.562816237694649,
    "mp-1205304": 6.329380350892,
    "mp-1218334": 42.99999220239547,
    "agm002215982": 0.9658346823829254,
    "mp-559752": 0.9059925720873854,
    "mp-1215642": 7.058284832840746,
    "agm002813663": 10.035597729296251,
    "mp-1247873": 31.49804814923498,
    "mp-1194479": 0.8367924632716361,
    "mp-558521": 1.5803927814745524,
    "agm003213121": 11.592571394891525,
    "agm002286033": 9.559571111139604,
    "agm002297812": 1.3974325550925804,
    "mp-1147697": 7.53057910556677,
    "mp-29157": 46.42633069234733,
    "mp-558277": 9.414412169683017,
    "agm003200486": 2.781744940532828,
    "agm002157245": 17.918121812239857,
    "mp-1370": 36.71804306019328,
    "mp-555915": 4.341648146171594,
    "mp-776226": 2.213514405328952,
    "agm002138671": 5.488187910313575,
    "agm002790067": 42.391463113320526,
    "agm002163280": 3.085449924257121,
    "mp-532444": 1.2797728454379065,
    "agm002177957": 19.977133717674626,
    "agm006045098": 0.9683786490278442,
    "agm002205114": 59.17766319448887,
    "agm2000005406": 0.40357029024128543,
    "agm002184995": 57.63055687011063,
    "agm003235252": 0.36727275479508575,
    "agm002178912": 21.076175195776585,
    "agm002115629": 2.2670120777534137,
    "agm003206267": 14.013106606669345,
    "agm004739450": 54.6941217508902,
    "agm003705731": 4.685789600549194,
    "agm005112928": 48.7733905616448,
    "agm005722808": 3.8885812222837446,
    "agm2000126920": 2.5095716802260144,
    "agm2000137141": 22.87531085806402,
    "agm005848675": 25.630569547020333,
    "mp-2802611": 0.5760221108045643,
    "agm002158085": 10.534223179295793,
    "agm005545163": 1.7201994900155904,
    "agm005056300": 8.31639150392357,
    "agm004786326": 11.037741891064595,
    "agm003048447": 11.474501143650897,
    "agm002102212": 0.5943402104762341,
    "agm001234439": 12.379149560263096,
    "agm002056302": 2.229320045036605,
    "agm002137665": 0.19140757363090746,
    "agm003555711": 3.1453089771015312,
    "mp-554918": 0.9514572838854398,
    "mp-570756": 0.5471825469192632,
    "agm001375463": 74.11374812823465,
    "agm005208831": 23.540820395839596,
    "mp-4452": 18.27057138162307,
    "agm005882616": 0.9759254435616367,
    "agm2000001907": 0.8519818624867681,
    "agm005721583": 18.711670759479794,
    "agm001281942": 1.4401055666131857,