{
  "predictions": {
    "mp-552663": 2.4974519006229214,
    "mp-753401": 3.87655636279967,
    "mp-23363": 0.4272469564450865,
    "mp-559961": 5.928020641174413,
    "mp-17066": 2.122610849018472,
    "mp-29155": 1.9455059710461609,
    "mp-542931": 2.4216469916942014,
    "mp-27316": 0.4937909918056751,
    "mp-6126": 1.9410959901085194,
    "mp-997027": 19.115902461079756,
    "mp-21521": 1.8873578158190387,
    "mp-8673": 1.7206510976227989,
    "mp-23280": 2.0954632185854343,
    "mp-561664": 1.6377805563733865,
    "mp-23794": 0.5088612119290832,
    "mp-756570": 2.9982141722417195,
    "mp-27987": 1.7245096504047828,
    "mp-550959": 7.7056140015302255,
    "mp-556719": 2.470720863305689,
    "mp-27914": 3.258824792240034,
    "mp-29524": 1.4210992040694783,
    "mp-504908": 3.631546273952456,
    "mp-559065": 8.805041350160645,
    "mp-769218": 33.50753849482504,
    "mp-570213": 54.38587970771618,
    "mp-1023936": 5.729761343063628,
    "mp-560588": 11.983113818281335,
    "mp-1222661": 56.32996276873862,
    "mp-1227993": 14.556304206142558,
    "mp-567246": 36.93200985048984,
    "mp-1184796": 0.14482424532287028,
    "mp-1217830": 5.077206877910196,
    "mp-774907": 4.7419293501523105,
    "mp-672158": 2.568243431889835,
    "mp-1228522": 6.900396506784995,
    "mp-504910": 1.5160865673985722,
    "mp-568802": 40.42397485413099,
    "mp-1222565": 0.41860572862043044,
    "mp-33723": 35.331819802280855,
    "mp-1227512": 69.31214045561597,
    "mp-1189731": 11.154134461594698,
    "mp-28089": 26.626670583266787,
    "mp-36779": 2.172749099257642,
    "mp-560521": 0.4600671750514089,
    "mp-571195": 71.75127143928421,
    "mp-1208039": 1.8693464206317207,
    "mp-1224376": 36.36103283307925,
    "mp-1219501": 22.655053662676583,
    "mp-1218158": 4.332016831646521,
    "mp-17207": 29.182310196930768,
    "agm003202330": 56.349806401897155,
    "agm002254137": 98.76798172875198,
    "agm002186848": 76.26865774320329,
    "agm002224787": 12.270361296794777,
    "agm002153716": 1.8337069750896395,
    "mp-1195571": 2.4127511370101873,
    "mp-998230": 3.8884086997533474,
    "mp-1223489": 0.21161951572846877,
    "mp-1029932": 23.613740511001144,
    "mp-28473": 0.25965580330135063,
    "mp-1228745": 37.04944670755313,
    "mp-1029652": 5.219628053921843,
    "mp-985293": 0.3135771330760744,
    "mp-1019889": 0.2873233703600444,
    "mp-1227994": 1.0842328146196472,
    "agm002156258": 0.2621096027080684,
    "mp-559373": 2.2012943335663344,
    "mp-1215615": 19.944179307682273,
    "mp-1219293": 1.5450942883728984,
    "mp-560699": 4.704342573285536,
    "agm002156599": 1.0582476033196624,
    "mp-1078049": 17.36441835212069,
    "mp-554002": 0.6503194606396379,
    "mp-1226863": 0.417177527933316,
    "agm002848041": 1.6345009571882805,
    "agm002336867": 115.31865244838067,
    "mp-1222496": 5.1688464840460595,
    "agm003160584": 95.78335458292044,
    "mp-568328": 42.772706420941766,
    "agm002137965": 0.4576697327953248,
    "agm002074655": 1.7612104078476725,
    "agm2000085596": 9.216322590327877,
    "agm005539186": 15.685363865728888,
    "agm002073755": 0.6177636790065427,
    "agm002149208": 0.22653638030594048,
    "agm002225219": 15.366257052506162,
    "agm003713453": 1.9255896577548137,
    "agm1000019508": 1.3436697584813686,
    "agm2000011039": 1.0745526794286366,
    "agm005769288": 9.52566274888695,
    "agm005112928": 18.35337003564068,
    "agm001266143": 55.84076092410909,
    "agm005955873": 0.6234205108552981,
    "agm002077911": 15.30294509703068,
    "agm002097562": 0.550056615534768,
    "agm2000016398": 0.00895675342724536,
    "agm2000145156": 0.34130929212706834,
    "agm002056302": 0.6208136654122259,
    "agm002190330": 66.08163462540638,
    "mp-685097": 4.360707469399844,
    "agm003464867": 17.754175135576055,
    "agm003204906": 14.046471487459199,
    "agm002072309": 2.737829874187135,
    "agm003612680": 0.4392482999932005,
    "agm002128787": 29.45418059374478,
    "agm2000128632": 0.35852318954752,
    "agm005882580": 3.963868037419939,
    "agm003743952": 3.667262981260709,
    "mp-1029408": 9.960653426436972,
    "agm2000084944": 0.25729472062598296,
    "mp-998591": 5.216780948084704,
    "agm004958126": 3.079548477878741,
    "agm002233061": 45.18119335328632,
    "agm005605704": 17.95350271230913,
    "mp-1220818": 5.050812927393858,
    "mp-761842": 2.8930308052758744,
    "mp-14568": 0.1510069221443281,
    "agm004947354": 6.324132885513454,
    "agm006056059": 0.34315252806598656,
    "mp-32959": 0.5902715748211035,
    "agm002091778": 2.375370210692338,
    "agm004951594": 6.964904015192856,
    "agm002079795": 2.146632910703849,
    "agm002018585": 50.92115807965285,
    "agm004786105": 25.773238118226654
  },
  "metrics": {
    "mae": 6.839353883690146,
    "rmse": 14.120979400820866,
    "spearman": 0.8135729646697387,
    "r2_score": 0.7365555510059842
  }
}