{
  "predictions": {
    "mp-552663": 1.928837238936322,
    "mp-753401": 3.084357914412434,
    "mp-23363": 0.2822372711669784,
    "mp-559961": 3.8915682991348053,
    "mp-17066": 2.6043077893600524,
    "mp-29155": 1.7509253108409522,
    "mp-542931": 2.536903884319121,
    "mp-27316": 0.24746271281670487,
    "mp-6126": 4.431726945611415,
    "mp-997027": 12.11304645771408,
    "mp-21521": 6.2336184665435335,
    "mp-8673": 6.166887004868791,
    "mp-23280": 10.58598935220083,
    "mp-561664": 1.8213277022331342,
    "mp-23794": 0.7195612831323303,
    "mp-756570": 4.048739342048508,
    "mp-27987": 1.585331023751608,
    "mp-550959": 8.765665800522067,
    "mp-556719": 2.19393896972432,
    "mp-27914": 2.8438590420664283,
    "mp-29524": 2.5556804055120095,
    "mp-504908": 6.191324124968125,
    "mp-559065": 8.024801151447857,
    "mp-769218": 33.00634368014918,
    "mp-570213": 54.69854121812997,
    "mp-1023936": 8.602449870640745,
    "mp-560588": 23.725693192751418,
    "mp-1222661": 45.92937359174811,
    "mp-1227993": 9.83583234757353,
    "mp-567246": 21.68975085285254,
    "mp-1184796": 0.2556758779752127,
    "mp-1217830": 6.127844350981177,
    "mp-774907": 7.741257406373134,
    "mp-672158": 5.34610755279861,
    "mp-1228522": 9.370886115702532,
    "mp-504910": 2.485848222737208,
    "mp-568802": 34.96996774085074,
    "mp-1222565": 0.38113039458463555,
    "mp-33723": 55.15931845824441,
    "mp-1227512": 65.12985623766663,
    "mp-1189731": 7.739567993063132,
    "mp-28089": 19.600294939864618,
    "mp-36779": 2.3947268127252554,
    "mp-560521": 0.35010452449537943,
    "mp-571195": 81.33111376103734,
    "mp-1208039": 1.2447304920523679,
    "mp-1224376": 40.185612476422854,
    "mp-1219501": 32.73045663319622,
    "mp-1218158": 4.628922114516575,
    "mp-17207": 29.952710620418735,
    "agm003202330": 43.3909568111146,
    "agm002254137": 78.04508593267852,
    "agm002186848": 69.61854324726417,
    "agm002224787": 12.074104539502247,
    "agm002153716": 2.0347680202326317,
    "mp-1195571": 3.1194426395480064,
    "mp-998230": 3.056757370207263,
    "mp-1223489": 0.2691207341311771,
    "mp-1029932": 17.36362839928674,
    "mp-28473": 0.2955093809287484,
    "mp-1228745": 34.404171738998805,
    "mp-1029652": 4.50362923734806,
    "mp-985293": 0.5378587005617548,
    "mp-1019889": 0.32335846346332553,
    "mp-1227994": 1.604561344899965,
    "agm002156258": 1.2032641377385032,
    "mp-559373": 4.528251514536162,
    "mp-1215615": 18.394768885127984,
    "mp-1219293": 0.45365491743962544,
    "mp-560699": 4.758246394324759,
    "agm002156599": 1.2138646407423372,
    "mp-1078049": 16.519540057658002,
    "mp-554002": 0.18811714297923615,
    "mp-1226863": 0.5952918171822127,
    "agm002848041": 1.5348038330130047,
    "agm002336867": 100.96873957617721,
    "mp-1222496": 5.2630725787944685,
    "agm003160584": 73.49572153855571,
    "mp-568328": 41.28879054424689,
    "agm002137965": 0.4447552800672208,
    "agm002074655": 1.3411520335166423,
    "agm2000085596": 8.298685561209252,
    "agm005539186": 16.49471936167002,
    "agm002073755": 0.7823953332522806,
    "agm002149208": 0.22149074518863227,
    "agm002225219": 16.02737278809095,
    "agm003713453": 3.981451964688063,
    "agm1000019508": 1.1701736053982972,
    "agm2000011039": 1.1435562883475716,
    "agm005769288": 3.5821185792398698,
    "agm005112928": 45.051771668494894,
    "agm001266143": 54.21306747001572,
    "agm005955873": 0.5085796095550413,
    "agm002077911": 13.45415104840741,
    "agm002097562": 0.3924280973171067,
    "agm2000016398": 0.01833503224370934,
    "agm2000145156": 0.049048632044978294,
    "agm002056302": 1.6955857748047,
    "agm002190330": 58.12246275517854,
    "mp-685097": 4.017729089751842,
    "agm003464867": 15.78464987616241,
    "agm003204906": 12.064984004532908,
    "agm002072309": 2.735503600104536,
    "agm003612680": 0.4403773987391623,
    "agm002128787": 22.28479684428791,
    "agm2000128632": 1.2642948029807106,
    "agm005882580": 3.573324836080181,
    "agm003743952": 2.918131373804731,
    "mp-1029408": 8.158375102408575,
    "agm2000084944": 0.14283298778689274,
    "mp-998591": 3.743653477550906,
    "agm004958126": 4.160622861646906,
    "agm002233061": 51.81787562836916,
    "agm005605704": 20.375326168197354,
    "mp-1220818": 5.079555928849062,
    "mp-761842": 4.263310994743204,
    "mp-14568": 0.06198388054273973,
    "agm004947354": 12.482818719312856,
    "agm006056059": 0.2712225417325382,
    "mp-32959": 0.9955033787370686,
    "agm002091778": 8.621702150650412,
    "agm004951594": 10.766664725318265,
    "agm002079795": 3.1918007315416714,
    "agm002018585": 47.38912593006402,
    "agm004786105": 38.833197770174046
  },
  "metrics": {
    "mae": 7.202487565751572,
    "rmse": 14.867960639442204,
    "spearman": 0.8157357910906295,
    "r2_score": 0.7079466323345047
  }
}