{
  "predictions": {
    "mp-552663": 2.4776732020093695,
    "mp-753401": 2.730041344635169,
    "mp-23363": 0.34316043480272773,
    "mp-559961": 5.411335510588924,
    "mp-17066": 3.0115472952399447,
    "mp-29155": 1.9840458078630903,
    "mp-542931": 2.7806547134779978,
    "mp-27316": 0.28336234578067687,
    "mp-6126": 4.816866687528403,
    "mp-997027": 18.564194960758563,
    "mp-21521": 3.3415209941160184,
    "mp-8673": 7.371420272017908,
    "mp-23280": 13.41381576501054,
    "mp-561664": 1.6921455676286201,
    "mp-23794": 0.6440505666568442,
    "mp-756570": 3.1319369360210683,
    "mp-27987": 1.5331022200099156,
    "mp-550959": 11.786867305462858,
    "mp-556719": 3.7479294048611713,
    "mp-27914": 3.749241565858775,
    "mp-29524": 2.6242355230518655,
    "mp-504908": 7.329141379433952,
    "mp-559065": 6.611317171488578,
    "mp-769218": 40.389223447169755,
    "mp-570213": 55.168592689337586,
    "mp-1023936": 15.760995155938106,
    "mp-560588": 21.297630562819577,
    "mp-1222661": 46.472500496159576,
    "mp-1227993": 9.265243156753042,
    "mp-567246": 19.757488410937277,
    "mp-1184796": 0.2756765736794859,
    "mp-1217830": 7.439039993954191,
    "mp-774907": 11.68399827428092,
    "mp-672158": 8.679476352529228,
    "mp-1228522": 9.64261930589068,
    "mp-504910": 2.5877236388228027,
    "mp-568802": 30.675145583484067,
    "mp-1222565": 0.3284631381885418,
    "mp-33723": 43.40407344369867,
    "mp-1227512": 68.55847247048679,
    "mp-1189731": 4.603330271603049,
    "mp-28089": 22.767453231361714,
    "mp-36779": 2.509708219006726,
    "mp-560521": 0.3630333336254163,
    "mp-571195": 79.08042315479821,
    "mp-1208039": 1.0844299662081445,
    "mp-1224376": 40.195783144598714,
    "mp-1219501": 23.26031722620356,
    "mp-1218158": 6.1080280744510205,
    "mp-17207": 30.91718289032334,
    "agm003202330": 44.60487226564884,
    "agm002254137": 79.17257595174264,
    "agm002186848": 64.3526577393296,
    "agm002224787": 11.368960853345536,
    "agm002153716": 2.543726642654271,
    "mp-1195571": 1.5667626530137437,
    "mp-998230": 4.088960046695857,
    "mp-1223489": 0.29070104662847746,
    "mp-1029932": 19.40610593618713,
    "mp-28473": 0.4588524780323329,
    "mp-1228745": 32.45941559721452,
    "mp-1029652": 4.1301615444573585,
    "mp-985293": 0.6869368595043936,
    "mp-1019889": 0.2980267088091817,
    "mp-1227994": 2.3095368062525723,
    "agm002156258": 0.9778901147915501,
    "mp-559373": 6.66333238926448,
    "mp-1215615": 16.121393512938447,
    "mp-1219293": 0.6346089472228446,
    "mp-560699": 5.512491064096874,
    "agm002156599": 1.3082682351540658,
    "mp-1078049": 16.373338081676717,
    "mp-554002": 0.15516375462271229,
    "mp-1226863": 0.7722527064915197,
    "agm002848041": 1.078997301228992,
    "agm002336867": 102.10863381192283,
    "mp-1222496": 6.96466993034792,
    "agm003160584": 50.092945643723354,
    "mp-568328": 54.898187065416444,
    "agm002137965": 0.4745976233862291,
    "agm002074655": 1.6608789241252386,
    "agm2000085596": 14.032690825401994,
    "agm005539186": 15.77676233667019,
    "agm002073755": 0.7754900576671478,
    "agm002149208": 1.113780595487469,
    "agm002225219": 16.199857528184292,
    "agm003713453": 3.9247960446249537,
    "agm1000019508": 1.1576442058033194,
    "agm2000011039": 1.2632180777497422,
    "agm005769288": 1.8401744036034637,
    "agm005112928": 44.29798622596135,
    "agm001266143": 54.0961219438934,
    "agm005955873": 0.7198712420801823,
    "agm002077911": 13.2786420821975,
    "agm002097562": 0.4016664331286416,
    "agm2000016398": 0.0357565871759967,
    "agm2000145156": 0.06646412757233598,
    "agm002056302": 1.8588551226008931,
    "agm002190330": 57.08055703249328,
    "mp-685097": 3.260096413469159,
    "agm003464867": 18.676192100413918,
    "agm003204906": 11.575240279369991,
    "agm002072309": 2.4445659471726824,
    "agm003612680": 0.5209328293166257,
    "agm002128787": 26.51685048744514,
    "agm2000128632": 1.4192157764423703,
    "agm005882580": 3.5231841364285708,
    "agm003743952": 3.0094365563767496,
    "mp-1029408": 8.078981120477449,
    "agm2000084944": 0.11925951581313622,
    "mp-998591": 4.69272934787078,
    "agm004958126": 4.483920008103509,
    "agm002233061": 50.22300943789323,
    "agm005605704": 17.327790949789666,
    "mp-1220818": 4.936925765293813,
    "mp-761842": 4.34365509725082,
    "mp-14568": 0.05936595489555356,
    "agm004947354": 12.333936621215837,
    "agm006056059": 0.2754556209637481,
    "mp-32959": 0.6741650562648107,
    "agm002091778": 7.46236353129359,
    "agm004951594": 9.928820875370105,
    "agm002079795": 2.8418861194944385,
    "agm002018585": 55.15757858371235,
    "agm004786105": 42.682401926773245
  },
  "metrics": {
    "mae": 7.49374030662579,
    "rmse": 15.093934931992829,
    "spearman": 0.7986666666666666,
    "r2_score": 0.6990014801326357
  }
}