{
  "predictions": {
    "mp-21892": 1.9403562545776367,
    "mp-8070": 0.35473936796188354,
    "mp-558491": 0.7095909118652344,
    "mp-632684": 0.6371051073074341,
    "mp-23329": 6.820896148681641,
    "mp-555150": 0.9315160512924194,
    "mp-760755": 0.33883175253868103,
    "mp-6268": 0.9391477704048157,
    "mp-559057": 2.4094436168670654,
    "mp-1778": 0.7514474987983704,
    "mp-2176": 72.14633178710938,
    "mp-22909": 1.103814959526062,
    "mp-9844": 0.9933609962463379,
    "mp-9066": 0.47510677576065063,
    "mp-6126": 2.162015914916992,
    "mp-632229": 2.4959912300109863,
    "mp-21521": 3.453059434890747,
    "mp-1287": 14.661764144897461,
    "mp-756044": 0.4825138449668884,
    "mp-754712": 0.8631746172904968,
    "mp-18168": 2.523207187652588,
    "mp-505702": 1.8214654922485352,
    "mp-559065": 9.607802391052246,
    "mp-559545": 4.873136520385742,
    "mp-549720": 27.045154571533203,
    "mp-561385": 0.29778218269348145,
    "mp-13666": 25.730119705200195,
    "mp-14444": 11.856328964233398,
    "mp-2469": 11.31481647491455,
    "mp-31451": 81.29998779296875,
    "mp-1023924": 5.674574375152588,
    "mp-38011": 1.5596500635147095,
    "mp-8884": 87.46672058105469,
    "mp-6980": 11.356829643249512,
    "mp-4524": 92.31146240234375,
    "mp-11714": 6.675861835479736,
    "mp-1180133": 3.6024460792541504,
    "mp-1225884": 0.3925413191318512,
    "mp-1196457": 0.4075629413127899,
    "mp-560894": 0.3337444067001343,
    "mp-1196282": 0.03185432031750679,
    "mp-1219328": 11.710248947143555,
    "mp-1227124": 20.986387252807617,
    "mp-1102285": 5.080687999725342,
    "mp-1227389": 10.77822494506836,
    "mp-1227110": 0.1838325709104538,
    "mp-1079676": 0.22219569981098175,
    "mp-1228342": 1.6033166646957397,
    "mp-17862": 42.429847717285156,
    "mp-504952": 36.26949691772461,
    "mp-1223849": 0.5621973872184753,
    "mp-1208039": 1.3334438800811768,
    "mp-625175": 0.29535621404647827,
    "agm003160552": 42.63124084472656,
    "agm003202328": 26.150651931762695,
    "agm002278924": 108.85022735595703,
    "agm003202410": 16.718929290771484,
    "mp-1227011": 41.109683990478516,
    "agm002224865": 2.1178619861602783,
    "agm003157565": 0.23641231656074524,
    "agm002140778": 1.2990089654922485,
    "agm002041336": 28.990358352661133,
    "agm003219193": 0.22139038145542145,
    "mp-1228160": 0.38195961713790894,
    "mp-1223489": 0.22438019514083862,
    "mp-1221169": 16.940481185913086,
    "mp-4431": 18.08306312561035,
    "mp-1105300": 27.059999465942383,
    "mp-1103351": 11.925433158874512,
    "mp-1029368": 8.062848091125488,
    "mp-1029633": 6.477316856384277,
    "agm002147818": 0.1855688840150833,
    "agm002153139": 1.4998027086257935,
    "mp-555202": 0.4621044993400574,
    "mp-1216976": 22.578594207763672,
    "mp-626172": 0.15140828490257263,
    "agm002156258": 0.387425035238266,
    "mp-772748": 0.21233266592025757,
    "mp-1223389": 21.076988220214844,
    "mp-9427": 0.4713071584701538,
    "mp-1225916": 1.0823702812194824,
    "agm003237859": 0.15443933010101318,
    "mp-1221971": 8.08880615234375,
    "agm002237807": 51.09922409057617,
    "mp-1215642": 3.7074272632598877,
    "agm003213121": 4.282217025756836,
    "agm002297812": 1.1850110292434692,
    "mp-29157": 51.75511169433594,
    "mp-555915": 1.4102973937988281,
    "agm002138671": 3.468060255050659,
    "agm002790067": 41.985816955566406,
    "agm002205114": 55.488685607910156,
    "agm002184995": 50.32624816894531,
    "agm003235252": 0.2939760684967041,
    "agm003206267": 16.630918502807617,
    "agm003705731": 6.798905849456787,
    "agm2000126920": 1.0420334339141846,
    "agm2000137141": 19.105854034423828,
    "agm005848675": 18.89715576171875,
    "mp-2802611": 0.5748429298400879,
    "agm005056300": 6.041394233703613,
    "agm004786326": 9.689517974853516,
    "agm001234439": 3.8423922061920166,
    "agm002056302": 1.4635897874832153,
    "agm002137665": 0.16602297127246857,
    "mp-554918": 0.7529728412628174,
    "agm001375463": 53.201507568359375,
    "agm005721583": 10.096977233886719,
    "agm006020719": 0.37043556571006775,
    "agm003112540": 57.731746673583984,
    "agm004787350": 1.6360948085784912,
    "agm002176403": 0.7886943221092224,
    "agm002161194": 14.09211540222168,
    "agm2000136656": 7.253598690032959,
    "mp-1208179": 0.5305514335632324,
    "agm002017294": 18.762876510620117,
    "agm002041315": 57.760868072509766,
    "agm003469328": 0.2240535169839859,
    "agm005072178": 0.2055162489414215,
    "agm005664742": 3.4384841918945312,
    "agm004773455": 3.375511884689331,
    "agm005071058": 1.362064003944397,
    "agm006047746": 39.37773513793945,
    "agm005754384": 1.8982774019241333,
    "agm005748012": 0.4247691035270691
  },
  "uncertainties": {
    "mp-21892": 1.0717923641204834,
    "mp-8070": 0.20563828945159912,
    "mp-558491": 0.38309627771377563,
    "mp-632684": 0.3484378457069397,
    "mp-23329": 3.1850006580352783,
    "mp-555150": 0.46271488070487976,
    "mp-760755": 0.32072943449020386,
    "mp-6268": 0.6763757467269897,
    "mp-559057": 1.1509013175964355,
    "mp-1778": 0.8626289963722229,
    "mp-2176": 14.583638191223145,
    "mp-22909": 0.6482217907905579,
    "mp-9844": 0.42238932847976685,
    "mp-9066": 0.26604369282722473,
    "mp-6126": 1.283221960067749,
    "mp-632229": 1.1667449474334717,
    "mp-21521": 2.0346121788024902,
    "mp-1287": 15.372681617736816,
    "mp-756044": 0.4218178987503052,
    "mp-754712": 0.5014719367027283,
    "mp-18168": 1.261069416999817,
    "mp-505702": 1.3261042833328247,
    "mp-559065": 4.552493572235107,
    "mp-559545": 2.2999370098114014,
    "mp-549720": 9.084919929504395,
    "mp-561385": 0.5326833724975586,
    "mp-13666": 10.230013847351074,
    "mp-14444": 5.6165595054626465,
    "mp-2469": 6.26908016204834,
    "mp-31451": 31.391542434692383,
    "mp-1023924": 2.4301702976226807,
    "mp-38011": 1.132991075515747,
    "mp-8884": 13.037720680236816,
    "mp-6980": 6.413276672363281,
    "mp-4524": 11.779923439025879,
    "mp-11714": 1.2577754259109497,
    "mp-1180133": 1.78665030002594,
    "mp-1225884": 0.43640926480293274,
    "mp-1196457": 0.1950637400150299,
    "mp-560894": 0.22756074368953705,
    "mp-1196282": 0.22919631004333496,
    "mp-1219328": 5.773488521575928,
    "mp-1227124": 7.268370151519775,
    "mp-1102285": 3.948699712753296,
    "mp-1227389": 5.524401664733887,
    "mp-1227110": 0.18124009668827057,
    "mp-1079676": 0.2809451222419739,
    "mp-1228342": 1.1026854515075684,
    "mp-17862": 19.64986801147461,
    "mp-504952": 7.319624423980713,
    "mp-1223849": 0.40223246812820435,
    "mp-1208039": 0.7431417107582092,
    "mp-625175": 0.21633212268352509,
    "agm003160552": 14.203371047973633,
    "agm003202328": 13.152910232543945,
    "agm002278924": 21.168188095092773,
    "agm003202410": 19.078996658325195,
    "mp-1227011": 21.47185516357422,
    "agm002224865": 2.0682151317596436,
    "agm003157565": 0.2408902794122696,
    "agm002140778": 0.7605301141738892,
    "agm002041336": 21.4256649017334,
    "agm003219193": 0.21378949284553528,
    "mp-1228160": 0.2555222809314728,
    "mp-1223489": 0.18693993985652924,
    "mp-1221169": 8.158162117004395,
    "mp-4431": 3.914010763168335,
    "mp-1105300": 8.134809494018555,
    "mp-1103351": 4.079516887664795,
    "mp-1029368": 2.753204107284546,
    "mp-1029633": 3.1336545944213867,
    "agm002147818": 0.2100348025560379,
    "agm002153139": 0.5152689218521118,
    "mp-555202": 0.5057975053787231,
    "mp-1216976": 8.668231964111328,
    "mp-626172": 0.18509985506534576,
    "agm002156258": 0.24035094678401947,
    "mp-772748": 0.1620982438325882,
    "mp-1223389": 3.2748541831970215,
    "mp-9427": 0.22966955602169037,
    "mp-1225916": 0.3525308668613434,
    "agm003237859": 0.26429659128189087,
    "mp-1221971": 1.7862789630889893,
    "agm002237807": 34.29636764526367,
    "mp-1215642": 1.3754549026489258,
    "agm003213121": 1.9381567239761353,