{
  "predictions": {
    "mp-21892": 1.595628023147583,
    "mp-8070": 0.23896339535713196,
    "mp-558491": 0.6732325553894043,
    "mp-632684": 0.5241168737411499,
    "mp-23329": 6.772683143615723,
    "mp-555150": 1.0715200901031494,
    "mp-760755": 0.29530230164527893,
    "mp-6268": 0.7633187174797058,
    "mp-559057": 2.8645594120025635,
    "mp-1778": 0.5021091103553772,
    "mp-2176": 87.1509780883789,
    "mp-22909": 1.8012385368347168,
    "mp-9844": 0.8797876834869385,
    "mp-9066": 0.3738873302936554,
    "mp-6126": 1.3219056129455566,
    "mp-632229": 2.9321069717407227,
    "mp-21521": 2.302816390991211,
    "mp-1287": 6.353891372680664,
    "mp-756044": 0.44801369309425354,
    "mp-754712": 0.5210850238800049,
    "mp-18168": 1.8862605094909668,
    "mp-505702": 2.635542869567871,
    "mp-559065": 11.117222785949707,
    "mp-559545": 6.464468002319336,
    "mp-549720": 18.84308433532715,
    "mp-561385": 0.4332023561000824,
    "mp-13666": 33.06675720214844,
    "mp-14444": 17.142780303955078,
    "mp-2469": 8.637896537780762,
    "mp-31451": 135.16184997558594,
    "mp-1023924": 5.148080825805664,
    "mp-38011": 1.3299883604049683,
    "mp-8884": 96.38954162597656,
    "mp-6980": 10.56692123413086,
    "mp-4524": 90.9312515258789,
    "mp-11714": 6.228862285614014,
    "mp-1180133": 1.93024480342865,
    "mp-1225884": 0.4002535939216614,
    "mp-1196457": 0.2894522249698639,
    "mp-560894": 0.2615545988082886,
    "mp-1196282": 0.22693222761154175,
    "mp-1219328": 6.874124050140381,
    "mp-1227124": 18.8807430267334,
    "mp-1102285": 6.448169708251953,
    "mp-1227389": 10.616286277770996,
    "mp-1227110": 0.22116731107234955,
    "mp-1079676": 0.35468411445617676,
    "mp-1228342": 1.650183916091919,
    "mp-17862": 64.98321533203125,
    "mp-504952": 60.1073112487793,
    "mp-1223849": 0.4105938971042633,
    "mp-1208039": 1.987655758857727,
    "mp-625175": 0.2707647383213043,
    "agm003160552": 100.49054718017578,
    "agm003202328": 23.065834045410156,
    "agm002278924": 85.21841430664062,
    "agm003202410": 63.84767150878906,
    "mp-1227011": 53.98193359375,
    "agm002224865": 3.318533420562744,
    "agm003157565": 0.2841765284538269,
    "agm002140778": 1.3739771842956543,
    "agm002041336": 12.050829887390137,
    "agm003219193": 0.2629668116569519,
    "mp-1228160": 0.34043675661087036,
    "mp-1223489": 0.2356070876121521,
    "mp-1221169": 14.360125541687012,
    "mp-4431": 20.302419662475586,
    "mp-1105300": 22.14815902709961,
    "mp-1103351": 10.692046165466309,
    "mp-1029368": 5.444067478179932,
    "mp-1029633": 7.680380821228027,
    "agm002147818": 0.23309727013111115,
    "agm002153139": 2.0784170627593994,
    "mp-555202": 0.5524902939796448,
    "mp-1216976": 18.107261657714844,
    "mp-626172": 0.21847747266292572,
    "agm002156258": 0.2874109148979187,
    "mp-772748": 0.23404014110565186,
    "mp-1223389": 20.005624771118164,
    "mp-9427": 0.397272527217865,
    "mp-1225916": 0.916500985622406,
    "agm003237859": 0.20453159511089325,
    "mp-1221971": 8.210399627685547,
    "agm002237807": 81.14522552490234,
    "mp-1215642": 3.3091866970062256,
    "agm003213121": 4.668555736541748,
    "agm002297812": 0.9533705115318298,
    "mp-29157": 60.404117584228516,
    "mp-555915": 0.3207204043865204,
    "agm002138671": 4.7598114013671875,
    "agm002790067": 35.18592071533203,
    "agm002205114": 35.5247688293457,
    "agm002184995": 17.9446964263916,
    "agm003235252": 0.4389091432094574,
    "agm003206267": 13.86312484741211,
    "agm003705731": 6.304698467254639,
    "agm2000126920": 0.7964346408843994,
    "agm2000137141": 15.579079627990723,
    "agm005848675": 17.683794021606445,
    "mp-2802611": 0.596289873123169,
    "agm005056300": 6.398680210113525,
    "agm004786326": 12.44182014465332,
    "agm001234439": 7.339655876159668,
    "agm002056302": 1.0820672512054443,
    "agm002137665": 0.2544515132904053,
    "mp-554918": 1.1606621742248535,
    "agm001375463": 20.624773025512695,
    "agm005721583": 11.122803688049316,
    "agm006020719": 0.3411349356174469,
    "agm003112540": 59.788455963134766,
    "agm004787350": 1.977952480316162,
    "agm002176403": 0.7874684929847717,
    "agm002161194": 10.925663948059082,
    "agm2000136656": 5.148645401000977,
    "mp-1208179": 0.3987840712070465,
    "agm002017294": 9.152029991149902,
    "agm002041315": 14.138916015625,
    "agm003469328": 0.26277294754981995,
    "agm005072178": 0.22362743318080902,
    "agm005664742": 2.9965882301330566,
    "agm004773455": 4.379429817199707,
    "agm005071058": 0.5891183614730835,
    "agm006047746": 41.79928207397461,
    "agm005754384": 2.2177584171295166,
    "agm005748012": 0.3930172026157379
  },
  "uncertainties": {
    "mp-21892": 0.8172277808189392,
    "mp-8070": 0.1458972841501236,
    "mp-558491": 0.49561426043510437,
    "mp-632684": 0.36658725142478943,
    "mp-23329": 2.8376083374023438,
    "mp-555150": 0.5148366093635559,
    "mp-760755": 0.1943424791097641,
    "mp-6268": 0.5443170070648193,
    "mp-559057": 1.2475441694259644,
    "mp-1778": 0.6214693188667297,
    "mp-2176": 12.905068397521973,
    "mp-22909": 2.1228513717651367,
    "mp-9844": 0.35258224606513977,
    "mp-9066": 0.2219397872686386,
    "mp-6126": 1.1284304857254028,
    "mp-632229": 0.8163303732872009,
    "mp-21521": 2.993614912033081,
    "mp-1287": 7.405216217041016,
    "mp-756044": 0.3179291784763336,
    "mp-754712": 0.37955889105796814,
    "mp-18168": 0.8955265879631042,
    "mp-505702": 1.903429388999939,
    "mp-559065": 3.523078680038452,
    "mp-559545": 1.9492899179458618,
    "mp-549720": 8.690645217895508,
    "mp-561385": 0.9643646478652954,
    "mp-13666": 9.60140323638916,
    "mp-14444": 7.044990539550781,
    "mp-2469": 4.637423038482666,
    "mp-31451": 16.853229522705078,
    "mp-1023924": 3.1869425773620605,
    "mp-38011": 0.9198027849197388,
    "mp-8884": 9.784807205200195,
    "mp-6980": 8.194307327270508,
    "mp-4524": 13.184633255004883,
    "mp-11714": 0.8009384870529175,
    "mp-1180133": 1.476654291152954,
    "mp-1225884": 0.3123178482055664,
    "mp-1196457": 0.1996259242296219,
    "mp-560894": 0.1582784354686737,
    "mp-1196282": 0.14628207683563232,
    "mp-1219328": 6.0945868492126465,
    "mp-1227124": 7.714083194732666,
    "mp-1102285": 4.583370208740234,
    "mp-1227389": 4.365795612335205,
    "mp-1227110": 0.15948116779327393,
    "mp-1079676": 0.361517071723938,
    "mp-1228342": 1.757972240447998,
    "mp-17862": 22.969589233398438,
    "mp-504952": 15.130619049072266,
    "mp-1223849": 0.46576523780822754,
    "mp-1208039": 1.2107174396514893,
    "mp-625175": 0.16966578364372253,
    "agm003160552": 16.642765045166016,
    "agm003202328": 14.811760902404785,
    "agm002278924": 17.670705795288086,
    "agm003202410": 33.04286193847656,
    "mp-1227011": 22.96615982055664,
    "agm002224865": 3.2047667503356934,
    "agm003157565": 0.2574182450771332,
    "agm002140778": 0.7115044593811035,
    "agm002041336": 11.089008331298828,
    "agm003219193": 0.14804469048976898,
    "mp-1228160": 0.19727277755737305,
    "mp-1223489": 0.13801853358745575,
    "mp-1221169": 7.195140361785889,
    "mp-4431": 2.375271797180176,
    "mp-1105300": 10.082964897155762,
    "mp-1103351": 4.410837173461914,
    "mp-1029368": 1.731797218322754,
    "mp-1029633": 2.3795723915100098,
    "agm002147818": 0.1557631939649582,
    "agm002153139": 0.5147907137870789,
    "mp-555202": 0.41890448331832886,
    "mp-1216976": 8.227865219116211,
    "mp-626172": 0.14627037942409515,
    "agm002156258": 0.18149034678936005,
    "mp-772748": 0.14790067076683044,
    "mp-1223389": 3.3867547512054443,
    "mp-9427": 0.17713047564029694,
    "mp-1225916": 0.33827123045921326,
    "agm003237859": 0.16669711470603943,
    "mp-1221971": 2.578085422515869,
    "agm002237807": 30.70076560974121,
    "mp-1215642": 1.1648328304290771,
    "agm003213121": 2.5451533794403076,