{
  "predictions": {
    "mp-21892": 3.097214460372925,
    "mp-8070": 0.38861578702926636,
    "mp-558491": 0.5051455497741699,
    "mp-632684": 0.45971137285232544,
    "mp-23329": 6.217834949493408,
    "mp-555150": 0.7270358204841614,
    "mp-760755": 0.18667550384998322,
    "mp-6268": 1.1846143007278442,
    "mp-559057": 3.265840530395508,
    "mp-1778": 0.8197773098945618,
    "mp-2176": 66.27995300292969,
    "mp-22909": 1.1053571701049805,
    "mp-9844": 0.7917273044586182,
    "mp-9066": 0.37471073865890503,
    "mp-6126": 4.269625663757324,
    "mp-632229": 1.0589853525161743,
    "mp-21521": 1.8791024684906006,
    "mp-1287": 23.256685256958008,
    "mp-756044": 0.47619685530662537,
    "mp-754712": 0.9129723906517029,
    "mp-18168": 2.5353341102600098,
    "mp-505702": 2.6506054401397705,
    "mp-559065": 9.665716171264648,
    "mp-559545": 6.350494384765625,
    "mp-549720": 20.84723472595215,
    "mp-561385": 1.3810044527053833,
    "mp-13666": 25.478713989257812,
    "mp-14444": 10.916106224060059,
    "mp-2469": 12.254323959350586,
    "mp-31451": 42.76935958862305,
    "mp-1023924": 5.583908557891846,
    "mp-38011": 1.3022178411483765,
    "mp-8884": 93.50868225097656,
    "mp-6980": 8.830738067626953,
    "mp-4524": 83.94758605957031,
    "mp-11714": 6.887514591217041,
    "mp-1180133": 5.35965633392334,
    "mp-1225884": 0.4311138093471527,
    "mp-1196457": 0.383973091840744,
    "mp-560894": 0.3800709843635559,
    "mp-1196282": 0.148246169090271,
    "mp-1219328": 13.951798439025879,
    "mp-1227124": 25.929540634155273,
    "mp-1102285": 4.4233012199401855,
    "mp-1227389": 5.897092342376709,
    "mp-1227110": 0.20169204473495483,
    "mp-1079676": 0.5706406235694885,
    "mp-1228342": 0.7366933226585388,
    "mp-17862": 33.16032028198242,
    "mp-504952": 31.689979553222656,
    "mp-1223849": 0.8141918778419495,
    "mp-1208039": 0.9913276433944702,
    "mp-625175": 0.3961709141731262,
    "agm003160552": 30.254005432128906,
    "agm003202328": 25.746816635131836,
    "agm002278924": 116.46345520019531,
    "agm003202410": 22.550325393676758,
    "mp-1227011": 37.678009033203125,
    "agm002224865": 5.272944450378418,
    "agm003157565": 0.24990294873714447,
    "agm002140778": 0.9032137393951416,
    "agm002041336": 32.91044235229492,
    "agm003219193": 0.284475713968277,
    "mp-1228160": 0.21751940250396729,
    "mp-1223489": 0.4162099063396454,
    "mp-1221169": 18.184505462646484,
    "mp-4431": 15.829826354980469,
    "mp-1105300": 37.063350677490234,
    "mp-1103351": 14.837440490722656,
    "mp-1029368": 9.096173286437988,
    "mp-1029633": 8.441736221313477,
    "agm002147818": 0.1974666267633438,
    "agm002153139": 1.128486156463623,
    "mp-555202": 0.379785418510437,
    "mp-1216976": 30.698965072631836,
    "mp-626172": 0.35057806968688965,
    "agm002156258": 0.5308391451835632,
    "mp-772748": 0.23812009394168854,
    "mp-1223389": 21.913564682006836,
    "mp-9427": 0.4559580981731415,
    "mp-1225916": 1.0482425689697266,
    "agm003237859": 0.315534383058548,
    "mp-1221971": 8.479938507080078,
    "agm002237807": 18.66082191467285,
    "mp-1215642": 4.087583541870117,
    "agm003213121": 3.3253471851348877,
    "agm002297812": 0.9569172859191895,
    "mp-29157": 39.57084655761719,
    "mp-555915": 1.6313122510910034,
    "agm002138671": 3.2401773929595947,
    "agm002790067": 42.52995681762695,
    "agm002205114": 42.598350524902344,
    "agm002184995": 84.51109313964844,
    "agm003235252": 0.2709144651889801,
    "agm003206267": 16.97229766845703,
    "agm003705731": 6.156099796295166,
    "agm2000126920": 0.8270618319511414,
    "agm2000137141": 29.640661239624023,
    "agm005848675": 31.977083206176758,
    "mp-2802611": 0.42748668789863586,
    "agm005056300": 5.313061714172363,
    "agm004786326": 8.96792984008789,
    "agm001234439": 2.8432037830352783,
    "agm002056302": 1.7380675077438354,
    "agm002137665": 0.18762575089931488,
    "mp-554918": 0.7215126752853394,
    "agm001375463": 59.49208450317383,
    "agm005721583": 10.16031265258789,
    "agm006020719": 0.3339727520942688,
    "agm003112540": 57.99356460571289,
    "agm004787350": 1.7057220935821533,
    "agm002176403": 0.7029416561126709,
    "agm002161194": 13.54713249206543,
    "agm2000136656": 10.641644477844238,
    "mp-1208179": 0.38898614048957825,
    "agm002017294": 8.156109809875488,
    "agm002041315": 70.4972915649414,
    "agm003469328": 0.2581288814544678,
    "agm005072178": 0.2166321873664856,
    "agm005664742": 1.9264860153198242,
    "agm004773455": 3.1676671504974365,
    "agm005071058": 1.5444014072418213,
    "agm006047746": 43.83018493652344,
    "agm005754384": 0.9604700207710266,
    "agm005748012": 0.36576351523399353
  },
  "uncertainties": {
    "mp-21892": 1.436505675315857,
    "mp-8070": 0.22542446851730347,
    "mp-558491": 0.26618683338165283,
    "mp-632684": 0.2718503177165985,
    "mp-23329": 1.8222768306732178,
    "mp-555150": 0.44469404220581055,
    "mp-760755": 0.22720159590244293,
    "mp-6268": 0.6473433375358582,
    "mp-559057": 2.029651165008545,
    "mp-1778": 0.6513558626174927,
    "mp-2176": 16.168819427490234,
    "mp-22909": 0.6220396161079407,
    "mp-9844": 0.3111450672149658,
    "mp-9066": 0.25627273321151733,
    "mp-6126": 3.7604119777679443,
    "mp-632229": 0.5646040439605713,
    "mp-21521": 1.0834286212921143,
    "mp-1287": 19.63178062438965,
    "mp-756044": 0.3946990370750427,
    "mp-754712": 0.546238362789154,
    "mp-18168": 1.1220771074295044,
    "mp-505702": 1.6739445924758911,
    "mp-559065": 3.0994327068328857,
    "mp-559545": 2.8084664344787598,
    "mp-549720": 7.991906642913818,
    "mp-561385": 0.8508036136627197,
    "mp-13666": 8.68168830871582,
    "mp-14444": 3.764179229736328,
    "mp-2469": 8.50618839263916,
    "mp-31451": 19.138967514038086,
    "mp-1023924": 2.349726915359497,
    "mp-38011": 0.998488187789917,
    "mp-8884": 10.83763599395752,
    "mp-6980": 3.2627248764038086,
    "mp-4524": 11.67900562286377,
    "mp-11714": 0.9048234820365906,
    "mp-1180133": 2.487670660018921,
    "mp-1225884": 0.3798411786556244,
    "mp-1196457": 0.22887031733989716,
    "mp-560894": 0.19097743928432465,
    "mp-1196282": 0.20865775644779205,
    "mp-1219328": 6.182224273681641,
    "mp-1227124": 6.845099925994873,
    "mp-1102285": 5.3672404289245605,
    "mp-1227389": 3.3453807830810547,
    "mp-1227110": 0.14750748872756958,
    "mp-1079676": 0.5234472751617432,
    "mp-1228342": 0.4553186297416687,
    "mp-17862": 12.953655242919922,
    "mp-504952": 5.247611045837402,
    "mp-1223849": 0.2984253466129303,
    "mp-1208039": 0.4797779321670532,
    "mp-625175": 0.22888919711112976,
    "agm003160552": 10.079570770263672,
    "agm003202328": 12.821918487548828,
    "agm002278924": 22.517061233520508,
    "agm003202410": 19.251482009887695,
    "mp-1227011": 15.341093063354492,
    "agm002224865": 3.159933567047119,
    "agm003157565": 0.19416272640228271,
    "agm002140778": 0.4651937186717987,
    "agm002041336": 19.967208862304688,
    "agm003219193": 0.19470733404159546,
    "mp-1228160": 0.16680102050304413,
    "mp-1223489": 0.3645268976688385,
    "mp-1221169": 7.949080467224121,
    "mp-4431": 7.1178812980651855,
    "mp-1105300": 4.2656707763671875,
    "mp-1103351": 3.438784599304199,
    "mp-1029368": 4.4363627433776855,
    "mp-1029633": 3.994495391845703,
    "agm002147818": 0.17407020926475525,
    "agm002153139": 0.6399123072624207,
    "mp-555202": 0.2908362150192261,
    "mp-1216976": 6.344560146331787,
    "mp-626172": 0.21974389255046844,
    "agm002156258": 0.40957725048065186,
    "mp-772748": 0.204924076795578,
    "mp-1223389": 4.473217010498047,
    "mp-9427": 0.2315216064453125,
    "mp-1225916": 0.41704806685447693,
    "agm003237859": 0.21748656034469604,
    "mp-1221971": 1.0494877099990845,
    "agm002237807": 8.856840133666992,
    "mp-1215642": 1.4920190572738647,
    "agm003213121": 2.1508803367614746,