{
  "predictions": {
    "mp-21892": 3.372022403445238,
    "mp-8070": 0.3690427936682056,
    "mp-558491": 0.07659699607289104,
    "mp-632684": 0.4478327689559375,
    "mp-23329": 4.490548652319846,
    "mp-555150": 0.6419802193855642,
    "mp-760755": 0.022687781974716482,
    "mp-6268": 2.9183265428194476,
    "mp-559057": 3.1886266810158985,
    "mp-1778": 1.9551310700513176,
    "mp-2176": 67.61634346739461,
    "mp-22909": -0.1371627114096442,
    "mp-9844": 1.1042636547975693,
    "mp-9066": 0.47134268699237475,
    "mp-6126": 3.19082777821209,
    "mp-632229": 0.6422711486442936,
    "mp-21521": 2.642957423558939,
    "mp-1287": 25.142331697494892,
    "mp-756044": 0.11662151303893527,
    "mp-754712": -2.9941631228097574,
    "mp-18168": 3.251044240930682,
    "mp-505702": 1.9114780948776153,
    "mp-559065": 5.447391669314979,
    "mp-559545": 6.420404999645824,
    "mp-549720": 19.049969743244137,
    "mp-561385": 2.310020156990243,
    "mp-13666": 39.01636992260358,
    "mp-14444": 12.465131280577303,
    "mp-2469": 37.265582487817476,
    "mp-31451": 68.7986290152074,
    "mp-1023924": 5.331415689742163,
    "mp-38011": 5.468090517730828,
    "mp-8884": 68.94089184861225,
    "mp-6980": 24.41832211565258,
    "mp-4524": 78.59560496651712,
    "mp-11714": 6.346448398020635,
    "mp-1180133": 4.973063225462232,
    "mp-1225884": -0.7500846650964874,
    "mp-1196457": 0.11678610820302414,
    "mp-560894": 3.191874307038787,
    "mp-1196282": -0.8192022486173299,
    "mp-1219328": 20.513010155197588,
    "mp-1227124": 29.377020431106686,
    "mp-1102285": 9.166120694940503,
    "mp-1227389": 24.698979380360743,
    "mp-1227110": 0.37878604207702027,
    "mp-1079676": 1.1347487335024646,
    "mp-1228342": 2.652584950824599,
    "mp-17862": 40.08353784564852,
    "mp-504952": 45.16883928017287,
    "mp-1223849": 0.5276955843150071,
    "mp-1208039": 0.18023770569126268,
    "mp-625175": -0.07150733296083904,
    "agm003160552": 58.63788554538486,
    "agm003202328": 25.064532249722568,
    "agm002278924": 70.01286321971969,
    "agm003202410": 31.086473612395885,
    "mp-1227011": 59.21232625798945,
    "agm002224865": 6.928613195079726,
    "agm003157565": -0.4008480690453286,
    "agm002140778": 3.629555433129717,
    "agm002041336": 21.116191903548767,
    "agm003219193": 0.2468174766818262,
    "mp-1228160": 0.3886662564035032,
    "mp-1223489": 0.13726596553910353,
    "mp-1221169": 19.639687900364184,
    "mp-4431": 22.609811309906693,
    "mp-1105300": 34.64885205786988,
    "mp-1103351": 16.595485772573483,
    "mp-1029368": 16.567927162769216,
    "mp-1029633": 16.308986641564918,
    "agm002147818": 0.937108750903744,
    "agm002153139": 1.4614393619802253,
    "mp-555202": 0.34585889926731056,
    "mp-1216976": 23.623017185651545,
    "mp-626172": 0.40245832548897725,
    "agm002156258": 0.7863963687076528,
    "mp-772748": 0.40402826409766474,
    "mp-1223389": 23.540475209900773,
    "mp-9427": 0.24273648104069823,
    "mp-1225916": 0.9237706553793285,
    "agm003237859": 1.1038500526559842,
    "mp-1221971": 7.751091840520248,
    "agm002237807": 55.141213723651454,
    "mp-1215642": 8.032748145139202,
    "agm003213121": 11.83988757019666,
    "agm002297812": 1.7889942135940322,
    "mp-29157": 59.381064290458006,
    "mp-555915": 5.548353275827751,
    "agm002138671": 5.0416066580496945,
    "agm002790067": 37.28720878278453,
    "agm002205114": 57.08716911458304,
    "agm002184995": 75.3590726896635,
    "agm003235252": 0.3957985646330962,
    "agm003206267": 14.77985618053737,
    "agm003705731": 5.717454753847802,
    "agm2000126920": -1.199016381670497,
    "agm2000137141": 15.394855473485606,
    "agm005848675": 22.906315982011854,
    "mp-2802611": 0.8795685675267961,
    "agm005056300": 8.140788821584362,
    "agm004786326": 12.257873952425834,
    "agm001234439": 5.07835367167292,
    "agm002056302": 1.3829744208432087,
    "agm002137665": -0.023130941647235965,
    "mp-554918": 0.5444445197547708,
    "agm001375463": 44.33309527249528,
    "agm005721583": 20.38114900659618,
    "agm006020719": 1.0013369463778528,
    "agm003112540": 43.33464589953797,
    "agm004787350": 2.4955555594476704,
    "agm002176403": -0.8945254783828157,
    "agm002161194": 15.488858722364107,
    "agm2000136656": 16.148785077726494,
    "mp-1208179": 0.8249096580832336,
    "agm002017294": 16.495476004563912,
    "agm002041315": 51.70250231807168,
    "agm003469328": 0.7190983295574533,
    "agm005072178": 0.27457540420775606,
    "agm005664742": 3.2391380271069496,
    "agm004773455": 3.310065623558212,
    "agm005071058": 1.4686074593649074,
    "agm006047746": 46.96982058230028,
    "agm005754384": 3.667732059849107,
    "agm005748012": 1.1982481944470955
  },
  "metrics": {
    "mae": 7.689737536849165,
    "rmse": 18.333102879593962,
    "spearman": 0.8806144393241165,
    "r2_score": 0.6440502048123149
  }
}