{
  "predictions": {
    "mp-21892": 3.1797586281432118,
    "mp-8070": 0.7093283307726665,
    "mp-558491": 1.089064136519121,
    "mp-632684": 0.7339161742067903,
    "mp-23329": 5.470561872747463,
    "mp-555150": 0.7504700451149275,
    "mp-760755": 0.2662210968100364,
    "mp-6268": 2.531187225049185,
    "mp-559057": 2.3876637519872403,
    "mp-1778": 7.3883912901395385,
    "mp-2176": 84.58906660087374,
    "mp-22909": 4.218500109792648,
    "mp-9844": 0.8730878657725444,
    "mp-9066": 1.361093317070084,
    "mp-6126": 1.5803907203532215,
    "mp-632229": 2.623497423609631,
    "mp-21521": 5.430139156637185,
    "mp-1287": 9.33343417119306,
    "mp-756044": 0.5904166013821248,
    "mp-754712": 7.498509478177802,
    "mp-18168": 2.089337103104326,
    "mp-505702": 8.730832088138635,
    "mp-559065": 6.7380585334819605,
    "mp-559545": 7.312052201528309,
    "mp-549720": 25.694285235595803,
    "mp-561385": 3.406807539343325,
    "mp-13666": 28.660564435088585,
    "mp-14444": 16.53540822882111,
    "mp-2469": 19.20683497276353,
    "mp-31451": 79.97366003632968,
    "mp-1023924": 8.422573253873033,
    "mp-38011": 6.613193388963275,
    "mp-8884": 80.63453959289603,
    "mp-6980": 27.524448451325068,
    "mp-4524": 88.6782849333161,
    "mp-11714": 6.20505818666245,
    "mp-1180133": 5.117281113739556,
    "mp-1225884": 2.660262213933157,
    "mp-1196457": 0.3074173946041308,
    "mp-560894": 0.032050590958584625,
    "mp-1196282": 0.44251602371967813,
    "mp-1219328": 19.74133083787912,
    "mp-1227124": 32.01463373126529,
    "mp-1102285": 7.584541891493086,
    "mp-1227389": 39.09671499331637,
    "mp-1227110": 0.7840370976249421,
    "mp-1079676": 8.149594826848004,
    "mp-1228342": 1.374274837777902,
    "mp-17862": 36.856187190744684,
    "mp-504952": 58.01266017633118,
    "mp-1223849": 0.5420882874566663,
    "mp-1208039": 1.4308050558441665,
    "mp-625175": 0.43676207057649613,
    "agm003160552": 72.1047442449944,
    "agm003202328": 17.377187006640835,
    "agm002278924": 81.02866443956965,
    "agm003202410": 45.34064065872879,
    "mp-1227011": 43.1606078858592,
    "agm002224865": 13.715376010448374,
    "agm003157565": 5.612884118043559,
    "agm002140778": 4.156730310497131,
    "agm002041336": 38.99492091091881,
    "agm003219193": 0.40802531300664474,
    "mp-1228160": 1.1217173741225397,
    "mp-1223489": 0.5063592790459895,
    "mp-1221169": 15.091937488453594,
    "mp-4431": 21.31356635289163,
    "mp-1105300": 22.562311495333685,
    "mp-1103351": 26.804443126965477,
    "mp-1029368": 6.269424813326629,
    "mp-1029633": 4.1345610690715064,
    "agm002147818": -0.7060941527875478,
    "agm002153139": 1.4262779149617992,
    "mp-555202": 0.5236757574617612,
    "mp-1216976": 19.102239772833745,
    "mp-626172": 0.366505047704897,
    "agm002156258": 0.61961113908026,
    "mp-772748": 0.2505655038111011,
    "mp-1223389": 16.664679617410933,
    "mp-9427": 0.678685984651446,
    "mp-1225916": 1.7773819360152339,
    "agm003237859": -0.6343203516429677,
    "mp-1221971": 9.07194872911336,
    "agm002237807": 50.96284941424054,
    "mp-1215642": 2.624716253098079,
    "agm003213121": 11.638468640536194,
    "agm002297812": 1.601952173871787,
    "mp-29157": 70.65495374550339,
    "mp-555915": -0.5711529099030719,
    "agm002138671": 5.122144937078544,
    "agm002790067": 38.339096206578404,
    "agm002205114": 50.47885217234143,
    "agm002184995": 63.69937204413168,
    "agm003235252": 0.5421044384255814,
    "agm003206267": 18.537371635098175,
    "agm003705731": 5.5313555885669325,
    "agm2000126920": 0.6469913326858542,
    "agm2000137141": 21.979023758209987,
    "agm005848675": 23.97595698487574,
    "mp-2802611": 0.8585414695470224,
    "agm005056300": 7.744673804590006,
    "agm004786326": 8.253943633722681,
    "agm001234439": 2.3934579854297815,
    "agm002056302": 3.9769909267797705,
    "agm002137665": 0.48534299444392764,
    "mp-554918": 0.7984185716995834,
    "agm001375463": 55.179453350689876,
    "agm005721583": 26.069637940999176,
    "agm006020719": 0.2701690394479393,
    "agm003112540": 61.716376963418966,
    "agm004787350": 2.8118709747182433,
    "agm002176403": 1.7945399980788421,
    "agm002161194": 11.621075647483954,
    "agm2000136656": 4.426165647316745,
    "mp-1208179": 1.7279695110621147,
    "agm002017294": 10.876079126631755,
    "agm002041315": 48.31792585675561,
    "agm003469328": 0.3110162119846025,
    "agm005072178": 0.4244115216789374,
    "agm005664742": 3.803270885919584,
    "agm004773455": 3.472417974879596,
    "agm005071058": 2.0694009070162265,
    "agm006047746": 55.458011348722046,
    "agm005754384": 2.826865961363602,
    "agm005748012": 3.366258705651249
  },
  "metrics": {
    "mae": 7.743430890067599,
    "rmse": 18.366044059828496,
    "spearman": 0.8792196620583717,
    "r2_score": 0.6427699042954487
  }
}