{
  "predictions": {
    "mp-21892": 1.70338648593732,
    "mp-8070": -0.12572751898231097,
    "mp-558491": 0.2780457426042725,
    "mp-632684": 0.722486421347821,
    "mp-23329": 5.245199952813488,
    "mp-555150": -1.000124955335988,
    "mp-760755": -0.4868167047200991,
    "mp-6268": 5.125182766522132,
    "mp-559057": 5.606749402868556,
    "mp-1778": -0.8508449033868154,
    "mp-2176": 77.0501019326039,
    "mp-22909": 1.0710705261944806,
    "mp-9844": 0.8748291694051434,
    "mp-9066": 0.17437363418353463,
    "mp-6126": 3.7350593366929323,
    "mp-632229": 1.6509792649906416,
    "mp-21521": 5.804576636854939,
    "mp-1287": 22.70144295985387,
    "mp-756044": 2.047478546880943,
    "mp-754712": -3.6658492394115942,
    "mp-18168": 4.373841211748649,
    "mp-505702": 2.795800007404481,
    "mp-559065": 9.2339370851367,
    "mp-559545": 6.838106174772893,
    "mp-549720": 28.407280538326464,
    "mp-561385": 3.617404954931919,
    "mp-13666": 37.94591672864185,
    "mp-14444": 12.938818764782747,
    "mp-2469": 23.041947866644044,
    "mp-31451": 51.079787793064746,
    "mp-1023924": 5.039078457501989,
    "mp-38011": 3.83951438361773,
    "mp-8884": 90.13411832112553,
    "mp-6980": 15.32276655201923,
    "mp-4524": 67.64478169036931,
    "mp-11714": 5.714054277310376,
    "mp-1180133": 9.854425477420516,
    "mp-1225884": 0.629766675439887,
    "mp-1196457": 0.1306846969237056,
    "mp-560894": 2.084509076093197,
    "mp-1196282": -2.061730950125254,
    "mp-1219328": 22.461736064439066,
    "mp-1227124": 29.856667514641302,
    "mp-1102285": 4.926675857782955,
    "mp-1227389": 18.002944856573198,
    "mp-1227110": 0.1617026995717025,
    "mp-1079676": 2.4809498235364345,
    "mp-1228342": 0.8171975422197632,
    "mp-17862": 42.668930909712124,
    "mp-504952": 48.35516993298271,
    "mp-1223849": -0.1410274141707781,
    "mp-1208039": 1.686686105056372,
    "mp-625175": -0.6431711767415726,
    "agm003160552": 64.64682684830494,
    "agm003202328": 33.325138073278694,
    "agm002278924": 44.68372592957696,
    "agm003202410": 37.85082262663536,
    "mp-1227011": 36.772712046091634,
    "agm002224865": 12.513234273977575,
    "agm003157565": 1.074334643609948,
    "agm002140778": 2.8564262182541107,
    "agm002041336": 24.26539628376961,
    "agm003219193": 0.3274093522177663,
    "mp-1228160": 0.015572721802579537,
    "mp-1223489": 0.3126665267202026,
    "mp-1221169": 20.98301810416708,
    "mp-4431": 20.470808637024028,
    "mp-1105300": 28.191899040519232,
    "mp-1103351": 14.339554222938748,
    "mp-1029368": 13.869769030192518,
    "mp-1029633": 15.781468119938166,
    "agm002147818": 0.29340277132854553,
    "agm002153139": 1.0508455689440401,
    "mp-555202": 0.8660320567509752,
    "mp-1216976": 22.3060702065858,
    "mp-626172": 0.4663678531637186,
    "agm002156258": 0.7416346015286922,
    "mp-772748": 0.37795442992710054,
    "mp-1223389": 21.91780986596298,
    "mp-9427": 0.3505570309959059,
    "mp-1225916": 0.9888620170572678,
    "agm003237859": -0.29443916957510624,
    "mp-1221971": 8.71760776328429,
    "agm002237807": 46.12384792792722,
    "mp-1215642": 6.997997071340004,
    "agm003213121": 8.554027755220396,
    "agm002297812": 0.10994850478666457,
    "mp-29157": 51.32271004668841,
    "mp-555915": 4.615059096296266,
    "agm002138671": 5.35607359608425,
    "agm002790067": 43.87672702445384,
    "agm002205114": 61.51366401414523,
    "agm002184995": 61.411330019640715,
    "agm003235252": 1.428723614248166,
    "agm003206267": 12.679789561105919,
    "agm003705731": 5.279091475852808,
    "agm2000126920": -1.9697569327042728,
    "agm2000137141": 20.255356646632492,
    "agm005848675": 22.97787741033299,
    "mp-2802611": 0.39650666293919135,
    "agm005056300": 8.801161891586615,
    "agm004786326": 18.350163424819268,
    "agm001234439": 6.1337423501902775,
    "agm002056302": 2.236061378647103,
    "agm002137665": -0.8989127969697124,
    "mp-554918": 0.5308619008234183,
    "agm001375463": 73.94971062182279,
    "agm005721583": 14.503009190272795,
    "agm006020719": 0.7164130188170428,
    "agm003112540": 45.012484531341784,
    "agm004787350": 1.4075756806906032,
    "agm002176403": -1.2092105211019675,
    "agm002161194": 15.271969299840423,
    "agm2000136656": 15.533647642558279,
    "mp-1208179": 0.4697024532539512,
    "agm002017294": 13.958599230210714,
    "agm002041315": 55.60493262723006,
    "agm003469328": 0.6185486739935571,
    "agm005072178": 0.06426037255936173,
    "agm005664742": 3.758668362720271,
    "agm004773455": 2.727789072008497,
    "agm005071058": 1.2910156367551433,
    "agm006047746": 32.970584455101864,
    "agm005754384": 6.627568380398111,
    "agm005748012": 0.9248953765434189
  },
  "metrics": {
    "mae": 8.86162826914089,
    "rmse": 21.02145091514587,
    "spearman": 0.8756190476190475,
    "r2_score": 0.5320039664123222
  }
}