{
  "predictions": {
    "mp-21892": 4.300712521398131,
    "mp-8070": 4.67545600389094,
    "mp-558491": 1.3910499447843974,
    "mp-632684": 1.1776057760182301,
    "mp-23329": 7.812248716810334,
    "mp-555150": 1.6498045312377825,
    "mp-6564": 2.3418847776966487,
    "mp-18578": 5.217720516034567,
    "mp-760755": 1.1364838108186073,
    "mp-28456": 6.059325716844535,
    "mp-4779": 4.111597334419143,
    "mp-6268": 1.7363706641384655,
    "mp-706621": 0.7115859221263651,
    "mp-559057": 2.501688706670361,
    "mp-24468": 2.0289940448215447,
    "mp-1778": 1.08198239294367,
    "mp-2176": 103.10820937337655,
    "mp-22909": 4.223064141580958,
    "mp-4187": 8.569663456275464,
    "mp-10341": 11.61371150646703,
    "mp-9844": 4.071847358248076,
    "mp-5784": 8.96726821199591,
    "mp-20694": 0.09462721830956038,
    "mp-9066": 1.7179866267992845,
    "mp-6126": 4.786534806770044,
    "mp-632229": 0.6253822940164974,
    "mp-12177": 2.8906215977798255,
    "mp-21521": 2.4897937120994538,
    "mp-1287": 0.20545590753466708,
    "mp-756044": 4.0128967516285625,
    "mp-754712": 1.0735459773863505,
    "mp-4812": 3.079844655625381,
    "mp-18168": 2.1213253366087503,
    "mp-23866": 0.20174796949255114,
    "mp-558085": 3.639639547504781,
    "mp-230": 3.3633131117421295,
    "mp-505702": 3.170726264057348,
    "mp-559065": 4.373072577173608,
    "mp-559545": 5.10975478805645,
    "mp-549720": 1.7153451411491902,
    "mp-561385": 2.1449175930808564,
    "mp-13666": 4.077787285736079,
    "mp-14444": 7.943428161795181,
    "mp-1550": 17.274330454629713,
    "mp-2469": 11.445273108854977,
    "mp-31451": 76.85585837838791,
    "mp-1023924": 9.585522527222338,
    "mp-1100395": 2.339083607637913,
    "mp-961682": 15.945867858600263,
    "mp-38011": 2.6724175354965167,
    "mp-30847": 29.751199369112086,
    "mp-8884": 79.54891845014238,
    "mp-1017534": 19.1589715895641,
    "mp-6980": 25.355427061519492,
    "mp-560588": 2.5183124160691492,
    "mp-4524": 64.75902819625017,
    "mp-4514": 24.217626311260393,
    "mp-11714": 3.0439135291984782,
    "mp-1180133": 1.9368501860360097,
    "mp-675161": 0.6734339305473594,
    "mp-983327": 1.3492028180058888,
    "mp-1225884": 0.44352133874127436,
    "mp-1219554": 1.5434854390971102,
    "mp-1196457": 0.8349170230289228,
    "mp-560894": 2.479777502986798,
    "mp-1196282": 0.053334959651237544,
    "mp-1222122": 0.26470150422847716,
    "mp-1219328": 4.099510148812153,
    "mp-1227014": 15.174778198054648,
    "mp-1222205": 12.018550345898166,
    "mp-1227124": 26.241006613164405,
    "mp-1102285": 6.766967129376892,
    "mp-1227389": 9.817465810785272,
    "mp-1180688": 56.11486504355219,
    "mp-1399519": 0.7788808777588524,
    "mp-1227110": 0.5652738833307387,
    "mp-1079676": 7.207027342169431,
    "mp-24705": 2.716474092989669,
    "mp-1516294": 10.067313612495736,
    "mp-1228342": 3.436952954134701,
    "mp-17862": 9.677656020985541,
    "mp-504952": 16.9866634291661,
    "mp-1222589": 1.4498534799344784,
    "mp-1223849": 0.7872095909742087,
    "mp-6524": 1.6559331614142023,
    "mp-1208039": 0.12728730233428542,
    "mp-625175": 2.5636859956233247,
    "mp-1219000": 34.14374798133643,
    "mp-532424": 0.8624689905608157,
    "mp-1218099": 2.2237235462398064,
    "agm002306806": 19.310585384165385,
    "agm003160552": 6.455385733488363,
    "agm003202328": 7.679582131614994,
    "agm002353946": 19.75795499478351,
    "agm002278924": 78.31960449698958,
    "agm002381637": 86.56973556164343,
    "agm003225028": 4.087746039229888,
    "agm003202410": 12.670325784421637,
    "agm003230659": 3.7568187494847285,
    "agm003128264": 2.883599685851106,
    "mp-781710": 4.868391625397405,
    "mp-1227011": 11.112599794014375,
    "mp-1216118": 9.140697091494749,
    "agm002166075": 47.96328094166814,
    "agm002135972": 12.514656391848627,
    "mp-3267": 8.110231906326183,
    "agm002224865": 0.8674461517049781,
    "agm002347507": 5.924456560936051,
    "agm003157565": 0.08835358263879828,
    "mp-1216100": 2.0866008704364796,
    "mp-1195571": 0.6799209926142222,
    "mp-780232": 4.647747827159744,
    "agm002018869": 0.3032218353213492,
    "agm002140778": 6.7469730324348935,
    "agm002041336": 5.231062454081179,
    "agm003219193": 1.966606185295067,
    "mp-1228160": 1.3503356683970444,
    "mp-1223489": 0.3919967988856132,
    "mp-1221169": 13.489315294107815,
    "mp-4431": 33.271084861481185,
    "mp-8393": 33.12472771156214,
    "mp-1105300": 21.039515151002206,
    "mp-36066": 3.6757733021594627,
    "mp-1103351": 4.079472501226738,
    "mp-1103228": 117.45948312717505,
    "mp-1029368": 15.671504558757912,
    "mp-1217825": 6.83003726664877,
    "mp-1029633": 11.220854360212469,
    "agm002147818": 3.3790457115001504,
    "agm003248171": 1.3890024958677019,
    "mp-1223526": 1.8547963449359068,
    "agm002153139": 7.062234160974422,
    "mp-239": 5.247796601696768,
    "agm002137320": 1.4010107324009193,
    "mp-1079609": 3.741626980717754,
    "mp-558219": 5.3535197688879235,
    "mp-555202": 1.5907747795237641,
    "mp-1216976": 8.184914373506038,
    "mp-626172": 0.8708372571737653,
    "agm002156258": 1.3777660125719366,
    "mp-772748": 1.5955880776962237,
    "agm002237467": 10.459298131475483,
    "mp-1223389": 30.105580924548697,
    "agm002155430": 10.798057508623277,
    "mp-9427": 1.7194035426966592,
    "mp-1225916": 2.109197844272073,
    "agm003237859": 1.7724287530367921,
    "agm002156600": 5.496627928160526,
    "mp-1221971": 5.140008702417225,
    "mp-1220913": 4.7772942721349345,
    "agm002237807": 18.375291048392302,
    "mp-1221578": 2.7060240515778515,
    "mp-1191266": 4.017488772998797,
    "mp-1205304": 1.922919379916157,
    "mp-1218334": 20.249951207562425,
    "agm002215982": 4.759664898840767,
    "mp-559752": 2.186373512699806,
    "mp-1215642": 9.31183900789794,
    "agm002813663": 7.680268845309762,
    "mp-1247873": 9.221389967817993,
    "mp-1194479": 0.34624025367960104,
    "mp-558521": 0.35964827665554827,
    "agm003213121": 9.450563154313285,
    "agm002286033": 3.3580501746657045,
    "agm002297812": 4.160627487948485,
    "mp-1147697": 7.470233372451232,
    "mp-29157": 29.227053462671133,
    "mp-558277": 5.081467860527021,
    "agm003200486": 0.05912338621994922,
    "agm002157245": 15.848662116912863,
    "mp-1370": 1.7949418634176495,
    "mp-555915": 0.1678136899224599,
    "mp-776226": 2.203065818054076,
    "agm002138671": 4.879323158217401,
    "agm002790067": 32.258008175815554,
    "agm002163280": 9.247636271960465,
    "mp-532444": 1.3231623098585732,
    "agm002177957": 22.801051733321813,
    "agm006045098": 1.1623242298736516,
    "agm002205114": 59.940336643940725,
    "agm2000005406": 3.615261221208003,
    "agm002184995": 13.004505454756995,
    "agm003235252": 0.620313532830908,
    "agm002178912": 11.59421263017289,
    "agm002115629": 7.537938130196909,
    "agm003206267": 19.483704620422266,
    "agm004739450": 28.18160095055036,
    "agm003705731": 5.224586293473261,
    "agm005112928": 1.2841597549732724,
    "agm005722808": 4.358491459777353,
    "agm2000126920": 1.3931479418972357,
    "agm2000137141": 4.139039731145933,
    "agm005848675": 20.715674466422815,
    "mp-2802611": 1.7715795429223289,
    "agm002158085": 8.03893592777959,
    "agm005545163": 3.283376112927696,
    "agm005056300": 7.408179414159144,
    "agm004786326": 7.96104618414074,
    "agm003048447": 12.872989943951877,
    "agm002102212": 1.2382049709448744,
    "agm001234439": 2.0908880099806546,
    "agm002056302": 6.610048230285206,
    "agm002137665": 0.3492439880636342,
    "agm003555711": 1.5275309276211437,
    "mp-554918": 3.6430748642215187,
    "mp-570756": 1.5986249196027231,
    "agm001375463": 144.83739478595774,
    "agm005208831": 27.66270001167706,
    "mp-4452": 25.23585339941283,
    "agm005882616": 0.6678057118112473,
    "agm2000001907": 0.93102866626793,
    "agm005721583": 16.39696565775902,
    "agm001281942": 3.8066643662253834,