{
  "predictions": {
    "mp-21892": 3.373881345548022,
    "mp-8070": 5.910079744045447,
    "mp-558491": 0.1455669059289452,
    "mp-632684": 1.0496447673626992,
    "mp-23329": 9.077246322438864,
    "mp-555150": 2.6133446540997967,
    "mp-6564": 0.9342631627726737,
    "mp-18578": 1.5897996208060154,
    "mp-760755": 1.0083915047628471,
    "mp-28456": 6.911776232580016,
    "mp-4779": 3.1516773452877764,
    "mp-6268": 5.4146966100871525,
    "mp-706621": 1.6368208628379621,
    "mp-559057": 2.1854457016727533,
    "mp-24468": 1.0076416363657839,
    "mp-1778": 0.06502566193200605,
    "mp-2176": 102.41606215718018,
    "mp-22909": 0.6807378165584416,
    "mp-4187": 4.6146297138274255,
    "mp-10341": 7.53094777481688,
    "mp-9844": 0.5407708308618165,
    "mp-5784": 5.904493082808124,
    "mp-20694": 0.6561859282809678,
    "mp-9066": 5.49451702377801,
    "mp-6126": 2.332479026495704,
    "mp-632229": 2.726039568301038,
    "mp-12177": 4.7583721957493825,
    "mp-21521": 2.931716642214193,
    "mp-1287": 0.14302828979444954,
    "mp-756044": 2.2542708321207403,
    "mp-754712": 0.9426642646015853,
    "mp-4812": 1.657647264225432,
    "mp-18168": 1.564679584488575,
    "mp-23866": 0.5436790649367599,
    "mp-558085": 3.3816863417143677,
    "mp-230": 1.0113005487804052,
    "mp-505702": 0.580382124824289,
    "mp-559065": 4.78247396162127,
    "mp-559545": 6.566939879038307,
    "mp-549720": 3.580232140651017,
    "mp-561385": 2.133983501523295,
    "mp-13666": 9.038410513592247,
    "mp-14444": 8.006406341404864,
    "mp-1550": 15.84708203079842,
    "mp-2469": 11.511334952729852,
    "mp-31451": 94.94812514607622,
    "mp-1023924": 1.0387111931454862,
    "mp-1100395": 4.446039489231947,
    "mp-961682": 18.428025971864432,
    "mp-38011": 3.851768087857531,
    "mp-30847": 36.778685191539,
    "mp-8884": 77.86835656000594,
    "mp-1017534": 4.134258220261088,
    "mp-6980": 8.919048973540848,
    "mp-560588": 2.860126336166288,
    "mp-4524": 59.36600344204157,
    "mp-4514": 35.66701588325735,
    "mp-11714": 8.680795926741302,
    "mp-1180133": 12.217426865334053,
    "mp-675161": 0.6951962532918107,
    "mp-983327": 0.6802753602544821,
    "mp-1225884": 0.7751926847914308,
    "mp-1219554": 3.883485235170664,
    "mp-1196457": 1.6391487474879611,
    "mp-560894": 1.332842936303268,
    "mp-1196282": 0.15541239338240995,
    "mp-1222122": 20.30171948008127,
    "mp-1219328": 2.1786023739942095,
    "mp-1227014": 21.45608165695904,
    "mp-1222205": 14.245063246654864,
    "mp-1227124": 3.9256145021425812,
    "mp-1102285": 3.1752844063689136,
    "mp-1227389": 13.51957760968078,
    "mp-1180688": 8.267276809506706,
    "mp-1399519": 0.7632054952717323,
    "mp-1227110": 0.42774005682100785,
    "mp-1079676": 2.0962806896673274,
    "mp-24705": 3.519463187156326,
    "mp-1516294": 11.975145110359898,
    "mp-1228342": 1.1716851209760852,
    "mp-17862": 9.04785822149773,
    "mp-504952": 18.63305262080835,
    "mp-1222589": 1.6252997108638767,
    "mp-1223849": 1.07653731797981,
    "mp-6524": 6.253649044105873,
    "mp-1208039": 3.775750742671831,
    "mp-625175": 1.5424445015587662,
    "mp-1219000": 22.116161310393576,
    "mp-532424": 0.7550030375198588,
    "mp-1218099": 2.63783792157005,
    "agm002306806": 19.68397060316917,
    "agm003160552": 7.6427615466183605,
    "agm003202328": 26.813497539985605,
    "agm002353946": 7.39932831294911,
    "agm002278924": 46.021321404822466,
    "agm002381637": 45.491151802740156,
    "agm003225028": 7.4709976313260675,
    "agm003202410": 5.798043221965153,
    "agm003230659": 3.3346042000904585,
    "agm003128264": 9.614611493328821,
    "mp-781710": 3.2214652633112673,
    "mp-1227011": 15.955950794495985,
    "mp-1216118": 8.778393020590617,
    "agm002166075": 13.747847164669386,
    "agm002135972": 14.556092924576447,
    "mp-3267": 3.27837015641735,
    "agm002224865": 14.019385982832139,
    "agm002347507": 6.398976884102337,
    "agm003157565": 1.122370348853106,
    "mp-1216100": 1.1763573177480535,
    "mp-1195571": 0.649043865581519,
    "mp-780232": 4.834774966628719,
    "agm002018869": 0.17344584139310956,
    "agm002140778": 3.2971942335335167,
    "agm002041336": 8.563737919309382,
    "agm003219193": 1.9648367943634246,
    "mp-1228160": 2.9143184414543533,
    "mp-1223489": 0.376494360794331,
    "mp-1221169": 2.882560580831471,
    "mp-4431": 38.74144399444571,
    "mp-8393": 11.101781875974133,
    "mp-1105300": 25.448883751807255,
    "mp-36066": 4.378686995003013,
    "mp-1103351": 12.564366619927403,
    "mp-1103228": 23.61323634361505,
    "mp-1029368": 13.067359426377825,
    "mp-1217825": 13.478822873344523,
    "mp-1029633": 16.148035053431403,
    "agm002147818": 1.0681713837065072,
    "agm003248171": 2.2895791093828635,
    "mp-1223526": 2.3757098193329744,
    "agm002153139": 3.91526058250051,
    "mp-239": 0.4011350083973492,
    "agm002137320": 3.642443525681082,
    "mp-1079609": 3.3444837666092107,
    "mp-558219": 2.122718875322974,
    "mp-555202": 3.549095440695198,
    "mp-1216976": 4.56090164970019,
    "mp-626172": 1.0045180836299268,
    "agm002156258": 5.097235336888918,
    "mp-772748": 2.265644394428486,
    "agm002237467": 7.251401679041748,
    "mp-1223389": 21.1141343854472,
    "agm002155430": 25.539229482440433,
    "mp-9427": 1.5537847345705644,
    "mp-1225916": 1.223661558123615,
    "agm003237859": 2.0555851904960196,
    "agm002156600": 1.6945091898822158,
    "mp-1221971": 8.66061307438371,
    "mp-1220913": 6.21244512610087,
    "agm002237807": 12.943634602556973,
    "mp-1221578": 0.5974257907557105,
    "mp-1191266": 9.436080803256145,
    "mp-1205304": 2.8961931119080733,
    "mp-1218334": 2.804679172512407,
    "agm002215982": 3.4335019779649585,
    "mp-559752": 1.0888436071881435,
    "mp-1215642": 5.335296819180705,
    "agm002813663": 0.25592845035739586,
    "mp-1247873": 5.577383530940431,
    "mp-1194479": 1.786529047153557,
    "mp-558521": 1.0622733354555514,
    "agm003213121": 1.7364601712783176,
    "agm002286033": 0.16724955152587478,
    "agm002297812": 1.7827232552535421,
    "mp-1147697": 7.184110795377578,
    "mp-29157": 22.252486137487132,
    "mp-558277": 4.534864075823158,
    "agm003200486": 0.02126337111187759,
    "agm002157245": 8.921857555541688,
    "mp-1370": 1.8416154188163225,
    "mp-555915": 0.7636146688823334,
    "mp-776226": 2.277126990655132,
    "agm002138671": 3.8710022806701225,
    "agm002790067": 33.47494209379073,
    "agm002163280": 5.577412693159581,
    "mp-532444": 0.9893706926270797,
    "agm002177957": 17.28106339384004,
    "agm006045098": 2.7009188741797674,
    "agm002205114": 95.73198612438371,
    "agm2000005406": 2.6278398425786085,
    "agm002184995": 4.691707631707196,
    "agm003235252": 1.0845636137474994,
    "agm002178912": 34.56270608918203,
    "agm002115629": 6.186424772827754,
    "agm003206267": 21.089063419155597,
    "agm004739450": 20.034151476465812,
    "agm003705731": 7.186589210111263,
    "agm005112928": 3.1532435602064695,
    "agm005722808": 1.8561548515174995,
    "agm2000126920": 1.9202514012098186,
    "agm2000137141": 7.482780938668517,
    "agm005848675": 18.68476580093875,
    "mp-2802611": 0.8407362766390731,
    "agm002158085": 10.519146314408802,
    "agm005545163": 0.40096786360506964,
    "agm005056300": 13.242386599869958,
    "agm004786326": 14.61120766742274,
    "agm003048447": 7.528268367767942,
    "agm002102212": 1.28597702296978,
    "agm001234439": 2.1463322647793697,
    "agm002056302": 2.8960948165281817,
    "agm002137665": 1.3640386657798123,
    "agm003555711": 1.5925306027789916,
    "mp-554918": 3.312658366364243,
    "mp-570756": 1.616855598921962,
    "agm001375463": 94.21382072884948,
    "agm005208831": 15.054972851611737,
    "mp-4452": 17.779150393038538,
    "agm005882616": 2.2356386044495604,
    "agm2000001907": 0.8785180279999504,
    "agm005721583": 12.488799700130373,
    "agm001281942": 5.396429773663719,