{
  "predictions": {
    "mp-21892": 9.422603508677806,
    "mp-8070": 4.909551294822598,
    "mp-558491": 1.3190979396270124,
    "mp-632684": 3.3063384236387034,
    "mp-23329": 10.042532956821391,
    "mp-555150": 1.8994522894606354,
    "mp-6564": 0.8869961570245078,
    "mp-18578": 1.4816269874545849,
    "mp-760755": 0.5348848383057304,
    "mp-28456": 4.963734806754803,
    "mp-4779": 4.065805801228353,
    "mp-6268": 3.9407822253988005,
    "mp-706621": 0.49548671804165284,
    "mp-559057": 3.891399912416842,
    "mp-24468": 2.7052804567847946,
    "mp-1778": 0.4133998394646744,
    "mp-2176": 102.25392549427573,
    "mp-22909": 2.338786407621782,
    "mp-4187": 5.255951344226836,
    "mp-10341": 4.1926751132022835,
    "mp-9844": 3.3629550788080014,
    "mp-5784": 5.260394632759232,
    "mp-20694": 1.3178916428090577,
    "mp-9066": 3.2471116109897458,
    "mp-6126": 1.3306207311393758,
    "mp-632229": 2.957367956685963,
    "mp-12177": 4.155965817292021,
    "mp-21521": 3.982578470899576,
    "mp-1287": 0.5420759501799554,
    "mp-756044": 1.5978525474427152,
    "mp-754712": 1.6116856430435607,
    "mp-4812": 1.1417674580697987,
    "mp-18168": 2.4389304537352103,
    "mp-23866": 1.070427052237217,
    "mp-558085": 1.6240782414976218,
    "mp-230": 2.987099570869194,
    "mp-505702": 0.8360668855369199,
    "mp-559065": 5.447489133648595,
    "mp-559545": 4.013175661012089,
    "mp-549720": 3.3318034215179106,
    "mp-561385": 1.3291802068542264,
    "mp-13666": 6.079537165901944,
    "mp-14444": 6.385242162690557,
    "mp-1550": 4.3064240706185135,
    "mp-2469": 12.639408903080856,
    "mp-31451": 73.58127090314323,
    "mp-1023924": 1.6195044456096028,
    "mp-1100395": 2.950260293167721,
    "mp-961682": 3.726078445966274,
    "mp-38011": 3.5142399946825327,
    "mp-30847": 25.824554940660978,
    "mp-8884": 82.12229348487075,
    "mp-1017534": 9.438223482720709,
    "mp-6980": 9.087750987246174,
    "mp-560588": 3.8052375176356272,
    "mp-4524": 65.76546647528113,
    "mp-4514": 31.72560250886948,
    "mp-11714": 8.387371872789128,
    "mp-1180133": 4.96129073112706,
    "mp-675161": 0.8571646233229124,
    "mp-983327": 2.875613396102016,
    "mp-1225884": 1.0571084752552042,
    "mp-1219554": 6.399522345930142,
    "mp-1196457": 0.3661702426179555,
    "mp-560894": 2.067306631993356,
    "mp-1196282": 0.6439015733713344,
    "mp-1222122": 0.14684211237712128,
    "mp-1219328": 3.7039477843805204,
    "mp-1227014": 18.03456370628044,
    "mp-1222205": 13.539293278402319,
    "mp-1227124": 19.43822671827347,
    "mp-1102285": 9.190779285521218,
    "mp-1227389": 6.0002883457130425,
    "mp-1180688": 12.34585601501909,
    "mp-1399519": 1.3757037956352183,
    "mp-1227110": 0.22127831503136483,
    "mp-1079676": 0.9178839002647317,
    "mp-24705": 3.878629256900853,
    "mp-1516294": 3.7034256183661327,
    "mp-1228342": 3.3840547135048564,
    "mp-17862": 0.6202642077120574,
    "mp-504952": 12.583128419369983,
    "mp-1222589": 2.8754601501871337,
    "mp-1223849": 0.8912979886963666,
    "mp-6524": 0.01794548297235772,
    "mp-1208039": 2.659135803343921,
    "mp-625175": 0.9970704991055326,
    "mp-1219000": 19.355736809270045,
    "mp-532424": 0.44521520806177733,
    "mp-1218099": 2.52600735695638,
    "agm002306806": 20.563246142581107,
    "agm003160552": 4.6575948549097035,
    "agm003202328": 34.080710558447365,
    "agm002353946": 4.757547266892813,
    "agm002278924": 66.75417085291141,
    "agm002381637": 86.29814677606802,
    "agm003225028": 6.265803318140481,
    "agm003202410": 11.531188782457555,
    "agm003230659": 5.266465953058421,
    "agm003128264": 6.561867388082242,
    "mp-781710": 3.7741939973407295,
    "mp-1227011": 31.562004926332147,
    "mp-1216118": 8.585726759382599,
    "agm002166075": 0.9643786612656471,
    "agm002135972": 6.946814408296515,
    "mp-3267": 5.410178429747413,
    "agm002224865": 8.324251472264972,
    "agm002347507": 4.041011859713117,
    "agm003157565": 0.6354320549820915,
    "mp-1216100": 1.1793480797514553,
    "mp-1195571": 0.7425148487786773,
    "mp-780232": 5.297104855849023,
    "agm002018869": 0.5252182765783043,
    "agm002140778": 6.524517868770642,
    "agm002041336": 14.9989792957475,
    "agm003219193": 1.8610090475938996,
    "mp-1228160": 2.344294995513136,
    "mp-1223489": 0.734052641382562,
    "mp-1221169": 1.451529918412711,
    "mp-4431": 39.51687980758179,
    "mp-8393": 26.381342126172925,
    "mp-1105300": 25.893873851397647,
    "mp-36066": 5.432429993498004,
    "mp-1103351": 12.344560593292066,
    "mp-1103228": 62.19613008130181,
    "mp-1029368": 16.346201890586958,
    "mp-1217825": 12.51950805973415,
    "mp-1029633": 11.47213178818061,
    "agm002147818": 2.466111674727204,
    "agm003248171": 0.845247304278569,
    "mp-1223526": 2.753506102906757,
    "agm002153139": 2.6138056592737495,
    "mp-239": 0.005108494011218873,
    "agm002137320": 3.1249905444545147,
    "mp-1079609": 3.2765257080185184,
    "mp-558219": 2.8573980361089304,
    "mp-555202": 2.9353341691727604,
    "mp-1216976": 2.459527752464004,
    "mp-626172": 1.0884125614600257,
    "agm002156258": 2.216398784657362,
    "mp-772748": 1.3743639720112737,
    "agm002237467": 8.743966486859728,
    "mp-1223389": 22.284080028234964,
    "agm002155430": 19.888500034876074,
    "mp-9427": 1.344516767479325,
    "mp-1225916": 3.664714344539747,
    "agm003237859": 1.2474497467607026,
    "agm002156600": 1.566971075255481,
    "mp-1221971": 7.030150201822517,
    "mp-1220913": 6.607731227842011,
    "agm002237807": 20.30763045580154,
    "mp-1221578": 6.991872289260272,
    "mp-1191266": 6.676259507699745,
    "mp-1205304": 2.231467648608275,
    "mp-1218334": 2.9795429695280227,
    "agm002215982": 1.2182455402058592,
    "mp-559752": 1.2797800532315813,
    "mp-1215642": 4.493677883825782,
    "agm002813663": 3.714582296757582,
    "mp-1247873": 8.174583721281744,
    "mp-1194479": 1.9876112052798525,
    "mp-558521": 0.6511671265100197,
    "agm003213121": 5.258207687030883,
    "agm002286033": 12.333665236218172,
    "agm002297812": 2.1499215246416417,
    "mp-1147697": 7.053099280319936,
    "mp-29157": 13.234335580145391,
    "mp-558277": 5.050449436837309,
    "agm003200486": 0.03195920008297673,
    "agm002157245": 15.07571918499658,
    "mp-1370": 2.7848341119527396,
    "mp-555915": 1.4136919800316083,
    "mp-776226": 2.185594188450791,
    "agm002138671": 5.030450933661379,
    "agm002790067": 36.02766297082097,
    "agm002163280": 3.7872731906044264,
    "mp-532444": 0.9963093353340715,
    "agm002177957": 22.392821639148806,
    "agm006045098": 1.121491587604783,
    "agm002205114": 96.21440346516694,
    "agm2000005406": 3.023627659141709,
    "agm002184995": 41.05000198240004,
    "agm003235252": 0.15110329782867654,
    "agm002178912": 17.229456552699734,
    "agm002115629": 6.320725030562865,
    "agm003206267": 20.125609475159155,
    "agm004739450": 26.13249203697105,
    "agm003705731": 4.313534902624279,
    "agm005112928": 1.2170464013631868,
    "agm005722808": 3.4573501205146617,
    "agm2000126920": 1.6110873093419342,
    "agm2000137141": 7.889820186697633,
    "agm005848675": 25.399885332676025,
    "mp-2802611": 0.8950190540789644,
    "agm002158085": 9.264149063780959,
    "agm005545163": 2.2304609633895964,
    "agm005056300": 7.3122615366571715,
    "agm004786326": 9.97857807697055,
    "agm003048447": 7.922640711253759,
    "agm002102212": 2.0303122400312708,
    "agm001234439": 2.920812679721593,
    "agm002056302": 3.728207355909823,
    "agm002137665": 0.7315593473918214,
    "agm003555711": 1.2558957031038351,
    "mp-554918": 0.799918313801659,
    "mp-570756": 2.3717270218482644,
    "agm001375463": 67.14750295894066,
    "agm005208831": 20.13396985880839,
    "mp-4452": 23.18460846443607,
    "agm005882616": 0.941076812333431,
    "agm2000001907": 1.3715724748694167,
    "agm005721583": 17.1076383990095,
    "agm001281942": 13.281892731465025,