{
  "predictions": {
    "mp-983357": 0.41631133944410176,
    "mp-8377": 11.480952463361247,
    "mp-18938": 0.7828403686446163,
    "mp-5854": 1.5608871062241283,
    "mp-23778": 2.444140968839557,
    "mp-19219": 2.637091588020282,
    "mp-9197": 0.6545215906858397,
    "mp-553887": 7.591420907934614,
    "mp-23407": 7.875446014639735,
    "mp-555150": 0.3455521959617783,
    "mp-6062": 0.7596839952980478,
    "mp-863374": 4.7395476280215565,
    "mp-23363": 0.11512824848199649,
    "mp-23321": 0.32514715299476254,
    "mp-27755": 0.1049046208211939,
    "mp-3491": 6.471151771043659,
    "mp-540634": 0.6521905075029213,
    "mp-557773": 3.145971456503615,
    "mp-559961": 1.5080087845256467,
    "mp-556966": 1.4706029784798504,
    "mp-7324": 0.35927997553117275,
    "mp-622018": 2.6530069284699556,
    "mp-29305": 4.777362031729337,
    "mp-639714": 5.491981784767129,
    "mp-24118": -0.008944295084781843,
    "mp-555203": 0.46705316653859374,
    "mp-706621": 0.1805850410692204,
    "mp-16792": 3.219999058063599,
    "mp-639506": 0.5025168427055474,
    "mp-5020": 9.024493032037942,
    "mp-3589": 0.8597731230592857,
    "mp-28264": 0.5484611304163228,
    "mp-570136": 20.48391660087533,
    "mp-862539": 0.22521668387630878,
    "mp-696946": 8.370980466166781,
    "mp-27726": 3.15480919199473,
    "mp-30530": 4.695974682285309,
    "mp-626620": 0.5957628531516533,
    "mp-2691": 34.92153638464338,
    "mp-21521": 4.457422445859797,
    "mp-4690": 0.6146156918052191,
    "mp-756570": 4.252635572363674,
    "mp-28918": 7.835793352729718,
    "mp-754585": 7.028670109930276,
    "mp-27914": -0.6448192801688482,
    "mp-29910": 10.315877570161678,
    "mp-14367": 1.6651965450377122,
    "mp-557027": 0.3299601827155083,
    "mp-29525": 3.006565618349368,
    "mp-23866": 1.5391899327505167,
    "mp-29524": 3.0764279474716254,
    "mp-559065": 8.379299004118753,
    "mp-551629": 1.9964636045664461,
    "mp-9064": 41.19693067785316,
    "mp-13666": 29.508924837265855,
    "mp-14444": 18.461336222811553,
    "mp-685145": 15.514641194322378,
    "mp-830": 30.34543023150238,
    "mp-31451": 57.36719165619633,
    "mp-30847": 75.62812558312162,
    "mp-36111": 27.651133894841546,
    "mp-1184046": 30.08562396379884,
    "mp-1215430": 41.599041717856416,
    "mp-1017534": 35.5440251547508,
    "mp-1018093": 36.0334545099188,
    "mp-1008556": 7.438831971090032,
    "mp-4524": 72.99954308411837,
    "mp-10572": 2.457663680243135,
    "mp-7582": 28.31561413432928,
    "mp-22965": 37.6801388991146,
    "mp-4586": 41.86266106252061,
    "mp-1193269": 0.1621085224703855,
    "mp-1101862": 0.6709617842565316,
    "mp-1097061": 0.04528174167262122,
    "mp-998623": 0.958472917950183,
    "mp-1028576": 7.072393613048896,
    "mp-672118": -0.10473902708417578,
    "mp-1215418": 59.42612018633462,
    "mp-23173": 23.512936090585203,
    "mp-863755": 10.030835282584821,
    "mp-1221954": 6.6607544150027165,
    "mp-1300570": 1.1346757419860876,
    "mp-1210659": 0.02606682663071864,
    "mp-554560": 0.9762649941053818,
    "mp-15776": 48.10708179157921,
    "mp-28873": 2.1082520682713395,
    "mp-1102285": 13.295156573625054,
    "mp-1227567": 61.36944739452763,
    "mp-1220190": 7.29178121190099,
    "mp-570084": 57.32263520026351,
    "mp-17862": 44.71380658127063,
    "mp-1190717": 0.058349375561943244,
    "mp-1217833": 3.670250251936371,
    "mp-675779": 34.36539353303859,
    "mp-27594": 27.781906128915523,
    "mp-1218158": 7.272900381076501,
    "mp-28140": 17.224569992845158,
    "mp-766345": 0.6085338608740186,
    "agm002183415": 51.550823530454764,
    "agm003160554": 80.48798623804853,
    "agm002205907": 55.29632935810012,
    "agm002233584": 9.761595244283292,
    "agm003227564": 0.268533940373195,
    "agm002793928": 18.219864989799568,
    "mp-781710": 16.45120252716986,
    "mp-1227011": 32.24409170291545,
    "mp-1216863": 9.190743941080479,
    "agm002135972": 86.6707255021614,
    "agm003234420": 1.4646687980871005,
    "agm002218325": 46.45521538831958,
    "mp-1216132": 3.6016095579992746,
    "mp-779863": 6.91778848665417,
    "mp-38103": 2.010677350331579,
    "mp-29362": 7.262210703627672,
    "mp-1019715": 0.3305990429766905,
    "agm002054632": 33.381652899714524,
    "mp-1204358": 0.6860068468639324,
    "mp-1105300": 36.55155185666415,
    "mp-1228823": 26.496563531204487,
    "mp-15833": 2.776545084946744,
    "mp-1103351": 12.703957144742668,
    "mp-24402": 1.4658106963419504,
    "mp-1095543": 1.2305527968162209,
    "mp-1188121": 0.1171417856243024,
    "mp-625521": 0.6633776617689479,
    "mp-23560": 3.0435961073558695,
    "mp-1227994": 5.498079131034513,
    "mp-1079609": 2.1543219186206892,
    "mp-1192126": 1.9416863902558128,
    "agm002197344": 12.157021562824232,
    "agm002177947": 44.377109252981036,
    "mp-696347": -0.12872951151695106,
    "mp-1147693": 8.036630103924002,
    "agm002156258": 0.42730991096415577,
    "mp-772748": 0.5085870908499018,
    "mp-1029422": 25.772229546786985,
    "mp-1120718": 4.684896337366508,
    "mp-1227036": 0.13161786445538184,
    "mp-1194520": 4.205454896089423,
    "mp-1218006": 20.788316233927024,
    "mp-1220913": 7.690998341679729,
    "mp-1223822": -0.8505336754518149,
    "mp-1147725": 9.516875309558081,
    "mp-984766": 0.23139505856577208,
    "mp-1210722": 4.992570300257795,
    "agm003263235": 4.167953091395214,
    "agm002215982": 1.5189368038132247,
    "mp-568968": 28.883063276832857,
    "mp-27313": 1.5986083668390352,
    "mp-556024": 0.07471666461072833,
    "mp-28020": 4.035951732599889,
    "mp-1229086": 3.1747559811196666,
    "mp-772875": 0.8163466723289975,
    "agm002363904": 0.7617025660460978,
    "mp-1223536": 18.166926265799123,
    "mp-1147697": 6.963921066351115,
    "mp-23887": 0.3592148443548642,
    "mp-18609": 41.61398411671382,
    "agm002848041": 0.7376404571499413,
    "agm002133608": 2.6302092797481036,
    "agm003268240": 96.32892810016479,
    "mp-1198890": 2.9263274715194267,
    "agm003200486": 5.36902953111046,
    "mp-1096810": 9.871709786280112,
    "mp-1105127": 54.64470767807534,
    "mp-1216944": 8.6015661063574,
    "mp-555915": 3.0751380127086625,
    "mp-776259": 3.4956939334585013,
    "agm002133663": 0.4515419662781061,
    "agm002790067": 40.51320238764502,
    "agm002162961": 14.672191663458582,
    "mp-767604": 20.197183168525086,
    "agm003445531": 3.2349688327016572,
    "agm003206623": 2.317572088472316,
    "mp-1227366": 7.05866578494188,
    "agm005543540": 1.2461847136204465,
    "agm2000012572": -0.6188098158423285,
    "agm002205114": 47.857978172930565,
    "agm003046706": 6.491125935793817,
    "agm004786073": 6.236082104756416,
    "agm003445638": 2.5764675183608903,
    "agm002149208": -0.2383945176068402,
    "agm2000022161": -0.7872189314187777,
    "agm2000001840": 2.049942432765826,
    "agm002158429": 4.20363324970227,
    "agm004751295": 0.6041196082029263,
    "agm005848257": 1.6480770900883144,
    "agm2000081842": -0.0738329022017217,
    "agm004879066": 2.165361522406981,
    "agm001347560": 103.62356386095423,
    "agm2000086862": 3.284111773926055,
    "agm002102214": -0.5298952897230479,
    "mp-23807": 1.0806441944752008,
    "agm004954137": 11.229552111854245,
    "agm004785400": 24.35761903217661,
    "agm001234439": 10.84442411580721,
    "agm2000011096": 1.2529635252923743,
    "agm2000002067": 0.16590954888684248,
    "agm003716707": 0.7590112311877402,
    "mp-554918": 0.5937196551162354,
    "agm005769896": 72.14494491242553,
    "agm005698720": 25.878867547349223,
    "agm004956590": 0.17892147213729992,
    "agm006124765": 32.02131632940406,
    "mp-1202153": 15.607199504448003,
    "mp-23914": 0.3972623281122482,
    "agm002073747": 1.1346615701475504,
    "agm004442672": 3.033732901135735,
    "agm004929360": 4.252288275894674,
    "agm003267560": 96.2219836677867,
    "agm002171920": 15.159798686818736,
    "mp-1215297": 10.749030005021284,
    "agm2000005425": 1.425423704360525,