{
  "predictions": {
    "mp-983357": 0.19458622410861023,
    "mp-8377": 8.995934201386588,
    "mp-18938": 1.546213391538733,
    "mp-5854": 1.3267138018427909,
    "mp-23778": 0.015742850223223998,
    "mp-19219": 2.246810549252967,
    "mp-9197": 1.292705887961478,
    "mp-553887": 7.200505638985204,
    "mp-23407": 8.408245769166005,
    "mp-555150": 1.546930501823452,
    "mp-6062": 0.6614395079056828,
    "mp-863374": 5.600101646907369,
    "mp-23363": 0.7977752375982498,
    "mp-23321": 0.15854537466048718,
    "mp-27755": 1.173945572053404,
    "mp-3491": 11.937483214893541,
    "mp-540634": 2.2882091635799164,
    "mp-557773": 1.8690582491623522,
    "mp-559961": 6.215109058274461,
    "mp-556966": 0.3264059054373236,
    "mp-7324": 0.30628830960949327,
    "mp-622018": 1.348883684633638,
    "mp-29305": 2.9993624426702654,
    "mp-639714": 2.7677316634286426,
    "mp-24118": 0.6282536258969806,
    "mp-555203": -0.048267166125246355,
    "mp-706621": 0.4417412381469269,
    "mp-16792": 1.6302327131498784,
    "mp-639506": -0.8879298666444577,
    "mp-5020": 12.515849945960515,
    "mp-3589": 0.73695423313025,
    "mp-28264": 0.6837508939944716,
    "mp-570136": 24.10614650161012,
    "mp-862539": 0.7234933471948863,
    "mp-696946": 3.309456647255665,
    "mp-27726": 3.9596645297008664,
    "mp-30530": 1.4308728386550662,
    "mp-626620": 1.7105851751697974,
    "mp-2691": 42.92279091645277,
    "mp-21521": 13.066658291739875,
    "mp-4690": 2.0568607047119225,
    "mp-756570": 14.947504250005093,
    "mp-28918": 3.686377535769732,
    "mp-754585": 6.082915064446052,
    "mp-27914": 1.3335478225036355,
    "mp-29910": -0.393936832724345,
    "mp-14367": 0.455528189466737,
    "mp-557027": 0.5946210265412522,
    "mp-29525": 5.975895025023407,
    "mp-23866": 0.6692060337176974,
    "mp-29524": 4.493066001212498,
    "mp-559065": 6.384169991746453,
    "mp-551629": 1.1289141274640884,
    "mp-9064": 18.992460505550913,
    "mp-13666": 17.38817602793593,
    "mp-14444": 13.713593482335488,
    "mp-685145": 12.768167265241726,
    "mp-830": 18.95821043851965,
    "mp-31451": 71.37850841347792,
    "mp-30847": 60.541802158679815,
    "mp-36111": 46.27166839403667,
    "mp-1184046": 50.61190837362849,
    "mp-1215430": 35.29689878587369,
    "mp-1017534": 39.022973370074986,
    "mp-1018093": 35.741002437800475,
    "mp-1008556": 5.768808941509472,
    "mp-4524": 81.52773843297122,
    "mp-10572": 1.7709956371377422,
    "mp-7582": 22.619116027091454,
    "mp-22965": 79.64862810890162,
    "mp-4586": 44.638519721480044,
    "mp-1193269": 0.2300874119092487,
    "mp-1101862": 0.6436208700503354,
    "mp-1097061": 2.671594319572028,
    "mp-998623": 1.8614518202022918,
    "mp-1028576": 7.299844683594343,
    "mp-672118": 0.4040272492769866,
    "mp-1215418": 42.92755400260424,
    "mp-23173": 10.787197023385174,
    "mp-863755": 9.384790849337293,
    "mp-1221954": 19.662331595507855,
    "mp-1300570": 3.2245818630562244,
    "mp-1210659": 0.6014555479054688,
    "mp-554560": -0.527917182326519,
    "mp-15776": 41.284046978168924,
    "mp-28873": 4.199014031931235,
    "mp-1102285": 7.609328446397592,
    "mp-1227567": 60.46875087436159,
    "mp-1220190": 34.55494351984794,
    "mp-570084": 15.462231797472068,
    "mp-17862": 29.49392160351728,
    "mp-1190717": 0.5137851109579619,
    "mp-1217833": 6.5949644455776,
    "mp-675779": 0.36011740359762623,
    "mp-27594": 30.908800934483665,
    "mp-1218158": 2.5443675230283715,
    "mp-28140": 19.00266400736278,
    "mp-766345": 1.5053702444125443,
    "agm002183415": 69.71704823145886,
    "agm003160554": 58.65730899219795,
    "agm002205907": 49.736032592894446,
    "agm002233584": 18.933496787984815,
    "agm003227564": -2.1045272566587956,
    "agm002793928": 12.507112534448583,
    "mp-781710": 19.237619387060086,
    "mp-1227011": 28.213520889277603,
    "mp-1216863": 7.507581451559952,
    "agm002135972": 81.90102575544468,
    "agm003234420": 0.8700809579521716,
    "agm002218325": 64.17136927265167,
    "mp-1216132": 8.070044430182872,
    "mp-779863": 4.996016816551443,
    "mp-38103": 0.4224353150262156,
    "mp-29362": 11.286977029506142,
    "mp-1019715": 0.46801813528130687,
    "agm002054632": 30.11806728011875,
    "mp-1204358": 1.0619235406241052,
    "mp-1105300": 27.128026505176933,
    "mp-1228823": 27.927164479811985,
    "mp-15833": 2.1445487386253186,
    "mp-1103351": 28.218198033928005,
    "mp-24402": 0.3295276721645639,
    "mp-1095543": 0.322510594708483,
    "mp-1188121": 0.6282935344627045,
    "mp-625521": 1.8297876557896056,
    "mp-23560": 2.3813440947278877,
    "mp-1227994": 0.557397715848998,
    "mp-1079609": 1.7719400583352398,
    "mp-1192126": 1.446472310109051,
    "agm002197344": 11.39586287925299,
    "agm002177947": 40.5331045827086,
    "mp-696347": 0.4271036662638408,
    "mp-1147693": 7.1957537529142686,
    "agm002156258": 0.39751232109081125,
    "mp-772748": 0.22732597413310668,
    "mp-1029422": 19.695601755417123,
    "mp-1120718": 5.918226264312432,
    "mp-1227036": 0.20718420769366389,
    "mp-1194520": 12.86764600304821,
    "mp-1218006": 13.91792513764664,
    "mp-1220913": 7.200505638985204,
    "mp-1223822": -0.5188103373926604,
    "mp-1147725": 9.54890152597001,
    "mp-984766": -0.3914923518908899,
    "mp-1210722": 1.573855491625518,
    "agm003263235": 5.531781857407512,
    "agm002215982": 0.6043816938297313,
    "mp-568968": 27.716965638606222,
    "mp-27313": 1.4386296614199987,
    "mp-556024": 0.557619340478025,
    "mp-28020": 7.243106280221621,
    "mp-1229086": 9.44561496936703,
    "mp-772875": -2.407728398419362,
    "agm002363904": 1.646742478457937,
    "mp-1223536": 14.038888421756152,
    "mp-1147697": 7.1957537529142686,
    "mp-23887": 0.5489155956967743,
    "mp-18609": 34.897694654554286,
    "agm002848041": 1.3694107894580272,
    "agm002133608": -1.076253602035175,
    "agm003268240": 57.92590037337296,
    "mp-1198890": 2.65097258329921,
    "agm003200486": -0.483712744645688,
    "mp-1096810": 8.300027227810629,
    "mp-1105127": 43.594104195708034,
    "mp-1216944": 5.637688952608153,
    "mp-555915": 0.8968338538188761,
    "mp-776259": 4.996016816551443,
    "agm002133663": 8.54510543952268,
    "agm002790067": 36.80337665029727,
    "agm002162961": 22.683232619265233,
    "mp-767604": 14.610507062596232,
    "agm003445531": 3.3994285796487027,
    "agm003206623": 2.2328685058813815,
    "mp-1227366": 9.912982527711979,
    "agm005543540": 2.7014878380689766,
    "agm2000012572": -0.27099928257690187,
    "agm002205114": 47.11811160869101,
    "agm003046706": 5.96791540612643,
    "agm004786073": 5.396613872840389,
    "agm003445638": 1.5634618708234207,
    "agm002149208": -0.5359631205676209,
    "agm2000022161": -0.20003412500502618,
    "agm2000001840": 0.707761827451314,
    "agm002158429": 3.1485093214276523,
    "agm004751295": 0.787621311563346,
    "agm005848257": 2.4666209542541178,
    "agm2000081842": -0.29758299055695503,
    "agm004879066": 4.269314260226061,
    "agm001347560": 122.49271680111443,
    "agm2000086862": 0.13124954703735608,
    "agm002102214": 0.7201012765225189,
    "mp-23807": 0.7366702230416133,
    "agm004954137": 7.808551910967016,
    "agm004785400": 12.604402611910569,
    "agm001234439": 0.6485465550365529,
    "agm2000011096": 0.3107043154082524,
    "agm2000002067": -0.7740495320826539,
    "agm003716707": 0.9469071779062966,
    "mp-554918": 1.3008077528443658,
    "agm005769896": 97.9208188875476,
    "agm005698720": 14.222356664073631,
    "agm004956590": 0.32996796337998663,
    "agm006124765": 24.832597139578347,
    "mp-1202153": 12.316356831345532,
    "mp-23914": 0.4270668836257462,
    "agm002073747": 0.5652320724665499,
    "agm004442672": 1.9590008105727108,
    "agm004929360": 3.3184772772965165,
    "agm003267560": 76.76745195858622,
    "agm002171920": 17.579732185669062,
    "mp-1215297": 11.184222740293523,
    "agm2000005425": -0.5881950485156204,