{
  "predictions": {
    "mp-983357": 0.49471860478746055,
    "mp-8377": 15.9131610552865,
    "mp-18938": 2.332458730049116,
    "mp-5854": 0.33789098777441584,
    "mp-23778": 0.5557006906219429,
    "mp-19219": 2.3558920902754945,
    "mp-9197": 1.352305074149093,
    "mp-553887": 9.370008793705408,
    "mp-23407": 6.2233727203406355,
    "mp-555150": 0.6760687889689013,
    "mp-6062": 1.5736373475103334,
    "mp-863374": 2.40767181669842,
    "mp-23363": 0.3370061612240776,
    "mp-23321": 0.05771054360505727,
    "mp-27755": -0.044885918215923186,
    "mp-3491": 7.482232534201203,
    "mp-540634": 1.9686709946568828,
    "mp-557773": 4.58684620532721,
    "mp-559961": 2.694981731855023,
    "mp-556966": 1.3957559319052395,
    "mp-7324": 0.2004064249188257,
    "mp-622018": 2.9126549633133223,
    "mp-29305": 4.860478865360932,
    "mp-639714": 4.446049365949166,
    "mp-24118": 0.4150002024169606,
    "mp-555203": 0.2979727046848787,
    "mp-706621": 0.729761305683622,
    "mp-16792": 8.268273773371494,
    "mp-639506": 1.9181685676585292,
    "mp-5020": 9.269304694316862,
    "mp-3589": 0.29088915616976624,
    "mp-28264": 0.7997666955516807,
    "mp-570136": 33.183851615484386,
    "mp-862539": 0.6601708005258431,
    "mp-696946": 6.994371803353114,
    "mp-27726": 3.2284110498903673,
    "mp-30530": 4.283480169325874,
    "mp-626620": 1.0048386099780702,
    "mp-2691": 30.801618851050346,
    "mp-21521": 5.018263409487156,
    "mp-4690": 0.8971219172069015,
    "mp-756570": 4.478037859323526,
    "mp-28918": 7.264354124046727,
    "mp-754585": 10.161395320486449,
    "mp-27914": 3.4715893492598218,
    "mp-29910": 10.741033718334197,
    "mp-14367": 1.1325903027226354,
    "mp-557027": 0.3230708737063956,
    "mp-29525": 3.2253461686280547,
    "mp-23866": 2.4252335995702476,
    "mp-29524": 6.201349616614319,
    "mp-559065": 8.805844950298733,
    "mp-551629": 2.486808093472939,
    "mp-9064": 38.871795738325815,
    "mp-13666": 46.53329827111954,
    "mp-14444": 12.513153485345711,
    "mp-685145": 6.1466524304843055,
    "mp-830": 24.43594944347398,
    "mp-31451": 36.597926428219154,
    "mp-30847": 77.8954516609222,
    "mp-36111": 20.826827175652294,
    "mp-1184046": 11.960194754033884,
    "mp-1215430": 39.14910998038751,
    "mp-1017534": 25.986481905263606,
    "mp-1018093": 37.93504819494657,
    "mp-1008556": 3.5498076316711566,
    "mp-4524": 69.71053587373383,
    "mp-10572": 3.417581994503042,
    "mp-7582": 21.27307604976234,
    "mp-22965": 42.84424194030209,
    "mp-4586": 43.96606112821086,
    "mp-1193269": 0.20502358766008424,
    "mp-1101862": 0.551927627061397,
    "mp-1097061": 0.15560608807509374,
    "mp-998623": -0.1876249657810612,
    "mp-1028576": 9.710377007510306,
    "mp-672118": 5.927374786658538,
    "mp-1215418": 56.78669564323185,
    "mp-23173": 19.100824644727645,
    "mp-863755": 11.229465891752282,
    "mp-1221954": 4.469328129020644,
    "mp-1300570": 0.31580765546309475,
    "mp-1210659": 1.3199899535359012,
    "mp-554560": 1.5071404694624153,
    "mp-15776": 45.48174893076603,
    "mp-28873": 3.929363689177438,
    "mp-1102285": 11.476177213328913,
    "mp-1227567": 49.96560973167414,
    "mp-1220190": 15.990516473449201,
    "mp-570084": 49.008829418260355,
    "mp-17862": 30.61270218116795,
    "mp-1190717": 0.6567733253522022,
    "mp-1217833": 12.047044865575266,
    "mp-675779": 22.935057775253814,
    "mp-27594": 32.99092183390182,
    "mp-1218158": 5.752780491611101,
    "mp-28140": 16.287470951569652,
    "mp-766345": 0.8425230652156634,
    "agm002183415": 38.23813530720837,
    "agm003160554": 89.3559077283149,
    "agm002205907": 50.46999721593768,
    "agm002233584": 11.241554787543,
    "agm003227564": 0.7345148518306396,
    "agm002793928": 14.604927401516186,
    "mp-781710": 19.276134723675362,
    "mp-1227011": 36.79776991523977,
    "mp-1216863": 10.78899380217838,
    "agm002135972": 77.59244281128436,
    "agm003234420": 1.5021293089535737,
    "agm002218325": 51.09592270428348,
    "mp-1216132": 4.449109337901293,
    "mp-779863": 6.026607669405851,
    "mp-38103": 1.3417153558958945,
    "mp-29362": 9.18524512870489,
    "mp-1019715": 0.6967506929461894,
    "agm002054632": 36.176859147269035,
    "mp-1204358": 0.2757799690647686,
    "mp-1105300": 36.84322444611966,
    "mp-1228823": 20.638880704954076,
    "mp-15833": 1.6196952001194675,
    "mp-1103351": 21.472934582157713,
    "mp-24402": -0.11520187918262417,
    "mp-1095543": 1.2690336241546298,
    "mp-1188121": 0.2705718744141084,
    "mp-625521": 0.6061146379579129,
    "mp-23560": 3.922389430674005,
    "mp-1227994": 1.9943846817966093,
    "mp-1079609": 2.2711408817501377,
    "mp-1192126": 2.3808834156209464,
    "agm002197344": 13.20789182781981,
    "agm002177947": 45.761219022539194,
    "mp-696347": -0.801907796420526,
    "mp-1147693": 8.597927871452216,
    "agm002156258": 0.7890844271420685,
    "mp-772748": 0.4524218183743742,
    "mp-1029422": 24.82564961561818,
    "mp-1120718": 6.003338772264467,
    "mp-1227036": 0.20730337152144443,
    "mp-1194520": 1.897874855627018,
    "mp-1218006": 18.14588518472407,
    "mp-1220913": 7.490429159339722,
    "mp-1223822": -0.05181485693435849,
    "mp-1147725": 9.03538404072185,
    "mp-984766": 0.46864195204813164,
    "mp-1210722": 3.515976448460262,
    "agm003263235": 4.5841988621185354,
    "agm002215982": 1.2061242516700421,
    "mp-568968": 22.943012200487672,
    "mp-27313": 2.5583525742755713,
    "mp-556024": 0.1134378352896393,
    "mp-28020": 9.64489127994695,
    "mp-1229086": 2.1517554401905428,
    "mp-772875": 1.2370715524777505,
    "agm002363904": 0.6793013386627106,
    "mp-1223536": 16.808738696870133,
    "mp-1147697": 7.501384361099646,
    "mp-23887": 1.0625353966493283,
    "mp-18609": 44.21463879903933,
    "agm002848041": 1.249032214668428,
    "agm002133608": 4.865510068896529,
    "agm003268240": 92.9386252706608,
    "mp-1198890": 0.22372318497707422,
    "agm003200486": 1.0482639113060321,
    "mp-1096810": 11.80470115671249,
    "mp-1105127": 47.65461684836828,
    "mp-1216944": 6.694841785995716,
    "mp-555915": 2.313195312045291,
    "mp-776259": 2.1786692161861567,
    "agm002133663": 5.080458368520909,
    "agm002790067": 33.12550716403266,
    "agm002162961": 18.799265938888315,
    "mp-767604": 20.27620996057392,
    "agm003445531": 3.7112593423053553,
    "agm003206623": 3.1160475938677488,
    "mp-1227366": 7.399802991353583,
    "agm005543540": 1.7049727072584182,
    "agm2000012572": 0.014684547829389463,
    "agm002205114": 52.25175635649184,
    "agm003046706": 7.49522089562137,
    "agm004786073": 6.067269850044866,
    "agm003445638": 3.490614671721525,
    "agm002149208": 0.47686120953237165,
    "agm2000022161": 0.31600882890018206,
    "agm2000001840": 1.5276034073333544,
    "agm002158429": 5.5324635254174455,
    "agm004751295": 0.5956063316508747,
    "agm005848257": 1.0825559859388736,
    "agm2000081842": -0.08027062983174513,
    "agm004879066": 1.5379411724737349,
    "agm001347560": 122.49550650337801,
    "agm2000086862": 3.364000264410748,
    "agm002102214": -0.48366776387368987,
    "mp-23807": 0.16299184586869014,
    "agm004954137": 6.300903461968969,
    "agm004785400": 16.00030310905581,
    "agm001234439": 10.857566542392343,
    "agm2000011096": 2.7127796477687274,
    "agm2000002067": 0.195469552649883,
    "agm003716707": 0.7136727872118217,
    "mp-554918": 0.29886103521103663,
    "agm005769896": 77.08927979968239,
    "agm005698720": 32.37153865127208,
    "agm004956590": 0.5809363378037198,
    "agm006124765": 25.732410638525415,
    "mp-1202153": 12.538088144432436,
    "mp-23914": 0.3726697696195035,
    "agm002073747": 0.7830433857114827,
    "agm004442672": 0.8980217789894039,
    "agm004929360": 2.219684278472396,
    "agm003267560": 78.65282284239044,
    "agm002171920": 15.695897862629836,
    "mp-1215297": 11.349309256004274,
    "agm2000005425": 0.7358757287282964,