{
  "predictions": {
    "mp-983357": 1.05,
    "mp-8377": 3.076,
    "mp-18938": 2.72,
    "mp-5854": 4.35,
    "mp-23778": 0.74,
    "mp-19219": 1.73,
    "mp-9197": 1.68,
    "mp-553887": 2.05,
    "mp-23407": 1.83,
    "mp-555150": 1.74,
    "mp-6062": 1.809,
    "mp-863374": 3.64,
    "mp-23363": 3.16,
    "mp-23321": 16.25,
    "mp-27755": 0.09,
    "mp-3491": 0.272108191,
    "mp-540634": 1.75,
    "mp-557773": 1.92,
    "mp-559961": 2.27,
    "mp-556966": 1.74,
    "mp-7324": 3.84,
    "mp-622018": 1.74,
    "mp-29305": 1.66,
    "mp-639714": 2.12,
    "mp-24118": 1.64,
    "mp-555203": 1.65,
    "mp-706621": 10.02785073,
    "mp-16792": 16.3,
    "mp-639506": 1.61,
    "mp-5020": 2.17,
    "mp-3589": 1.56,
    "mp-28264": 16.3,
    "mp-570136": 2.59,
    "mp-862539": 1.07,
    "mp-696946": 0.285,
    "mp-27726": 1.37,
    "mp-30530": 4.39,
    "mp-626620": 16.2,
    "mp-2691": 2.62,
    "mp-21521": 4.47,
    "mp-4690": 1.93,
    "mp-756570": 2.08,
    "mp-28918": 2.02,
    "mp-754585": 2.22,
    "mp-27914": 2.05,
    "mp-29910": 1.78,
    "mp-14367": 1.7071,
    "mp-557027": 1.55,
    "mp-29525": 1.58,
    "mp-23866": 1.58,
    "mp-29524": 0.22,
    "mp-559065": 1.95,
    "mp-551629": 1.82,
    "mp-9064": 2.04,
    "mp-13666": 2.45,
    "mp-14444": 2.53,
    "mp-685145": 1.65,
    "mp-830": 3.56,
    "mp-31451": 0.14,
    "mp-30847": 0.28,
    "mp-36111": 1.96,
    "mp-1184046": 0.29822791867193804,
    "mp-1215430": 2.59,
    "mp-1017534": 2.84,
    "mp-1018093": 3.59,
    "mp-1008556": 1.68,
    "mp-4524": 3.51,
    "mp-10572": 1.56,
    "mp-7582": 2.26,
    "mp-22965": 0.54,
    "mp-4586": 2.56,
    "mp-1193269": 11.74,
    "mp-1101862": 2.4,
    "mp-1097061": 1.63,
    "mp-998623": 1.64,
    "mp-1028576": 0.346,
    "mp-672118": 2.0,
    "mp-1215418": 0.66,
    "mp-23173": 1.96,
    "mp-863755": 2.08,
    "mp-1221954": 1.84,
    "mp-1300570": 3.84,
    "mp-1210659": 3.57,
    "mp-554560": 4.34,
    "mp-15776": 2.67,
    "mp-28873": 1.74,
    "mp-1102285": 1.57,
    "mp-1227567": 0.05,
    "mp-1220190": 0.0,
    "mp-570084": 2.2,
    "mp-17862": 0.16,
    "mp-1190717": 16.3,
    "mp-1217833": 2.78,
    "mp-675779": 0.0,
    "mp-27594": 0.44,
    "mp-1218158": 0.0,
    "mp-28140": 2.71,
    "mp-766345": 16.0,
    "agm002183415": 1.705,
    "agm003160554": 0.294,
    "agm002205907": 0.437285866,
    "agm002233584": 2.05,
    "agm003227564": 2.56,
    "agm002793928": 2.56,
    "mp-781710": 0.0,
    "mp-1227011": 2.005007704,
    "mp-1216863": 2.67,
    "agm002135972": 0.327,
    "agm003234420": 1.75,
    "agm002218325": 0.28,
    "mp-1216132": 1.8,
    "mp-779863": 0.0,
    "mp-38103": 4.77,
    "mp-29362": 2.84,
    "mp-1019715": 1.62,
    "agm002054632": 2.47,
    "mp-1204358": 0.0,
    "mp-1105300": 2.34,
    "mp-1228823": 0.64,
    "mp-15833": 1.83,
    "mp-1103351": 1.62,
    "mp-24402": 1.63,
    "mp-1095543": 2.24,
    "mp-1188121": 1.57,
    "mp-625521": 1.66,
    "mp-23560": 2.13,
    "mp-1227994": 1.77,
    "mp-1079609": 1.75,
    "mp-1192126": 1.95,
    "agm002197344": 2.05,
    "agm002177947": 1.63,
    "mp-696347": 1.33,
    "mp-1147693": 0.0,
    "agm002156258": 1.73,
    "mp-772748": 4.82,
    "mp-1029422": 1.93,
    "mp-1120718": 2.56,
    "mp-1227036": 10.879999999999999,
    "mp-1194520": 1.63,
    "mp-1218006": 0.46,
    "mp-1220913": 2.47,
    "mp-1223822": 1.52,
    "mp-1147725": 0.0,
    "mp-984766": 2.49,
    "mp-1210722": 1.95,
    "agm003263235": 0.73,
    "agm002215982": 1.72,
    "mp-568968": 0.284,
    "mp-27313": 1.79,
    "mp-556024": 1.75,
    "mp-28020": 0.292,
    "mp-1229086": 1.63,
    "mp-772875": 0.265,
    "agm002363904": 0.037279645,
    "mp-1223536": 0.0,
    "mp-1147697": 0.0,
    "mp-23887": 1.65,
    "mp-18609": 2.16,
    "agm002848041": 2.04,
    "agm002133608": 2.58,
    "agm003268240": 0.34,
    "mp-1198890": 0.0,
    "agm003200486": 4.82,
    "mp-1096810": 2.51,
    "mp-1105127": 2.26,
    "mp-1216944": 2.06,
    "mp-555915": 2.05,
    "mp-776259": 0.0,
    "agm002133663": 2.58,
    "agm002790067": 1.59,
    "agm002162961": 0.117,
    "mp-767604": 0.0,
    "agm003445531": 1.71,
    "agm003206623": 1.75,
    "mp-1227366": 0.0,
    "agm005543540": 1.06,
    "agm2000012572": 1.34,
    "agm002205114": 2.85,
    "agm003046706": 2.04,
    "agm004786073": 2.3,
    "agm003445638": 0.66,
    "agm002149208": 2.34,
    "agm2000022161": 1.34,
    "agm2000001840": 4.22,
    "agm002158429": 2.19,
    "agm004751295": 1.6,
    "agm005848257": 0.322,
    "agm2000081842": 1.66,
    "agm004879066": 2.25,
    "agm001347560": 1.83,
    "agm2000086862": 2.32,
    "agm002102214": 1.74,
    "mp-23807": 5.0,
    "agm004954137": 0.12,
    "agm004785400": 2.84,
    "agm001234439": 2.76,
    "agm2000011096": 2.96,
    "agm2000002067": 1.37,
    "agm003716707": 1.48,
    "mp-554918": 1.67,
    "agm005769896": 1.84,
    "agm005698720": 0.35,
    "agm004956590": 16.3,
    "agm006124765": 0.64,
    "mp-1202153": 1.92,
    "mp-23914": 0.02,
    "agm002073747": 2.21,
    "agm004442672": 1.95,
    "agm004929360": 16.2,
    "agm003267560": 0.3289,
    "agm002171920": 2.18,
    "mp-1215297": 1.83,
    "agm2000005425": 1.58,
    "agm004957147": 0.28,
    "agm005723638": 2.49,
    "mp-1080058": 1.86,
    "agm004954098": 0.24,
    "agm005069643": 0.0299,
    "agm002153441": 0.72,
    "agm003220800": 1.91,
    "agm005849998": 2.73,
    "agm002138386": 11.0,
    "agm004788917": 2.72,
    "agm2000128635": 1.96,
    "agm2000015113": 2.66,
    "agm002861773": 1.64,
    "agm004852876": 2.05,
    "mp-1215966": 0.0,
    "agm005607967": 1.67,
    "agm1000019892": 3.4673,
    "agm003048415": 2.43,
    "agm2000139348": 2.84,
    "agm002158908": 2.47,
    "agm002041688": 2.22,
    "agm005049826": 2.02,
    "mp-35799": 10.84,
    "agm002072314": 1.05,
    "agm002147787": 16.0,
    "agm005408965": 3.72,
    "mp-15840": 1.66,
    "agm005839737": 0.28,
    "agm003110472": 1.64,
    "agm005189644": 2.82,
    "mp-4681": 1.74,
    "agm005086011": 1.64,
    "agm002845532": 0.0,
    "agm005086003": 1.46,
    "agm2000101795": 1.76,
    "agm005074722": 6.0,
    "agm005180379": 3.28
  },
  "metrics": {
    "mae": 13.320132352749459,
    "rmse": 28.002218729063028
  }
}