{
  "predictions": {
    "mp-983357": 1.234,
    "mp-8377": 2.09,
    "mp-18938": 1.44,
    "mp-5854": 5.627,
    "mp-23778": 11.12271037,
    "mp-19219": 2.276,
    "mp-9197": 1.37,
    "mp-553887": 2.22,
    "mp-23407": 2.21,
    "mp-555150": 1.667,
    "mp-6062": 1.75,
    "mp-863374": 3.62,
    "mp-23363": 1.529,
    "mp-23321": 0.0366,
    "mp-27755": 2.32,
    "mp-3491": 3.52,
    "mp-540634": 2.14,
    "mp-557773": 0.088,
    "mp-559961": 2.09,
    "mp-556966": 2.21,
    "mp-7324": 4.21,
    "mp-622018": 3.72,
    "mp-29305": 0.053,
    "mp-639714": 2.12,
    "mp-24118": 1.44,
    "mp-555203": 4.65,
    "mp-706621": 1.32,
    "mp-16792": 0.1092275922,
    "mp-639506": 1.24,
    "mp-5020": 0.127,
    "mp-3589": 1.72,
    "mp-28264": 1.437,
    "mp-570136": 0.3744434344484775,
    "mp-862539": 0.12,
    "mp-696946": 0.24,
    "mp-27726": 0.0,
    "mp-30530": 4.32,
    "mp-626620": 1.63,
    "mp-2691": 1.12,
    "mp-21521": 1.72,
    "mp-4690": 4.08,
    "mp-756570": -4.34,
    "mp-28918": 2.34,
    "mp-754585": 2.21,
    "mp-27914": 0.105,
    "mp-29910": 0.62,
    "mp-14367": 1.049,
    "mp-557027": 1.537,
    "mp-29525": 0.115,
    "mp-23866": 1.333,
    "mp-29524": 0.082,
    "mp-559065": 1.936,
    "mp-551629": 0.023746195,
    "mp-9064": 1.03,
    "mp-13666": 3.06,
    "mp-14444": 2.44,
    "mp-685145": 3.428799879,
    "mp-830": 1.36,
    "mp-31451": 0.14,
    "mp-30847": 0.216,
    "mp-36111": 10.72,
    "mp-1184046": 0.292468035,
    "mp-1215430": 2.716,
    "mp-1017534": 0.362,
    "mp-1018093": 0.2075,
    "mp-1008556": 1.85,
    "mp-4524": 0.284226248,
    "mp-10572": 1.34,
    "mp-7582": 0.32,
    "mp-22965": 0.422,
    "mp-4586": 1.6,
    "mp-1193269": 1.44,
    "mp-1101862": 0.2962,
    "mp-1097061": 0.0829,
    "mp-998623": 2.7,
    "mp-1028576": 0.568,
    "mp-672118": 2.25,
    "mp-1215418": 1.52,
    "mp-23173": 1.84,
    "mp-863755": 2.34,
    "mp-1221954": 0.03888357243022151,
    "mp-1300570": 3.278,
    "mp-1210659": 0.0,
    "mp-554560": 4.975,
    "mp-15776": 1.74,
    "mp-28873": 1.62,
    "mp-1102285": 1.53,
    "mp-1227567": 2.6067,
    "mp-1220190": 2.82,
    "mp-570084": 2.2167,
    "mp-17862": 0.14,
    "mp-1190717": 0.023,
    "mp-1217833": 0.72,
    "mp-675779": 2.2,
    "mp-27594": 0.037,
    "mp-1218158": 2.05,
    "mp-28140": 1.73,
    "mp-766345": 0.03,
    "agm002183415": 0.62,
    "agm003160554": 0.082,
    "agm002205907": 0.24,
    "agm002233584": 0.675,
    "agm003227564": 4.38,
    "agm002793928": 0.298,
    "mp-781710": 2.22,
    "mp-1227011": 0.15,
    "mp-1216863": 2.28,
    "agm002135972": 3.72,
    "agm003234420": 1.76,
    "agm002218325": 0.262,
    "mp-1216132": 2.38,
    "mp-779863": 0.51,
    "mp-38103": 0.23,
    "mp-29362": 4.3,
    "mp-1019715": 1.548,
    "agm002054632": 1.98,
    "mp-1204358": 5.62,
    "mp-1105300": 3.03,
    "mp-1228823": 1.33,
    "mp-15833": 2.06,
    "mp-1103351": 2.85,
    "mp-24402": 0.72,
    "mp-1095543": 2.75,
    "mp-1188121": 6.67,
    "mp-625521": 1.72,
    "mp-23560": 0.15,
    "mp-1227994": 1.75,
    "mp-1079609": 2.65,
    "mp-1192126": 4.12,
    "agm002197344": 3.08,
    "agm002177947": 1.24,
    "mp-696347": 0.96,
    "mp-1147693": 2.72,
    "agm002156258": 4.62,
    "mp-772748": 0.322,
    "mp-1029422": 1.62,
    "mp-1120718": 2.33,
    "mp-1227036": 3.278,
    "mp-1194520": 2.54,
    "mp-1218006": 0.34,
    "mp-1220913": 2.22,
    "mp-1223822": 1.47,
    "mp-1147725": 1.47,
    "mp-984766": 0.63,
    "mp-1210722": 2.96,
    "agm003263235": 3.42,
    "agm002215982": 2.61,
    "mp-568968": 0.284,
    "mp-27313": 6.0,
    "mp-556024": 0.129,
    "mp-28020": 0.02,
    "mp-1229086": 1.38,
    "mp-772875": 0.108,
    "agm002363904": 0.0,
    "mp-1223536": 3.22,
    "mp-1147697": 2.62,
    "mp-23887": 1.6,
    "mp-18609": 1.82,
    "agm002848041": 1.19,
    "agm002133608": 3.026,
    "agm003268240": 0.37,
    "mp-1198890": 2.62,
    "agm003200486": 11.0771,
    "mp-1096810": 2.38,
    "mp-1105127": 0.274,
    "mp-1216944": 0.226,
    "mp-555915": 1.02,
    "mp-776259": 0.57,
    "agm002133663": 3.142,
    "agm002790067": 1.84,
    "agm002162961": 0.41,
    "mp-767604": 0.027,
    "agm003445531": 2.82,
    "agm003206623": 2.66,
    "mp-1227366": 2.41,
    "agm005543540": 1.86,
    "agm2000012572": 1.34,
    "agm002205114": 0.48,
    "agm003046706": 0.484,
    "agm004786073": 1.64,
    "agm003445638": 1.627,
    "agm002149208": 0.014,
    "agm2000022161": 4.704,
    "agm2000001840": 3.33,
    "agm002158429": 1.356,
    "agm004751295": -4.22,
    "agm005848257": 0.297,
    "agm2000081842": -3.64,
    "agm004879066": 2.2288,
    "agm001347560": 0.633,
    "agm2000086862": 1.62,
    "agm002102214": 2.94,
    "mp-23807": 1.477,
    "agm004954137": 0.127,
    "agm004785400": 2.5,
    "agm001234439": 1.74,
    "agm2000011096": 1.176,
    "agm2000002067": 1.36,
    "agm003716707": 0.24,
    "mp-554918": 0.03,
    "agm005769896": 1.936,
    "agm005698720": 2.82,
    "agm004956590": 1.24,
    "agm006124765": -2.36,
    "mp-1202153": 0.1379,
    "mp-23914": 4.67,
    "agm002073747": 0.72,
    "agm004442672": 1.63,
    "agm004929360": 1.375,
    "agm003267560": 0.104,
    "agm002171920": 0.109727892,
    "mp-1215297": 0.156,
    "agm2000005425": 0.647,
    "agm004957147": 0.0878,
    "agm005723638": 1.83,
    "mp-1080058": 2.22,
    "agm004954098": 2.578,
    "agm005069643": 0.0424,
    "agm002153441": 1.507,
    "agm003220800": 0.32,
    "agm005849998": 2.16,
    "agm002138386": 3.82,
    "agm004788917": 2.58,
    "agm2000128635": 1.93,
    "agm2000015113": 1.36,
    "agm002861773": 0.126,
    "agm004852876": 2.55,
    "mp-1215966": 0.12,
    "agm005607967": 0.24,
    "agm1000019892": 1.176,
    "agm003048415": 0.4222300247978195,
    "agm2000139348": -0.72,
    "agm002158908": 2.416,
    "agm002041688": 1.96,
    "agm005049826": 2.276,
    "mp-35799": 2.2767,
    "agm002072314": -3.73,
    "agm002147787": 0.027883444,
    "agm005408965": 0.188,
    "mp-15840": 1.666,
    "agm005839737": 2.31,
    "agm003110472": 1.63,
    "agm005189644": 2.16,
    "mp-4681": 0.18200000000000002,
    "agm005086011": 0.172,
    "agm002845532": 2.04,
    "agm005086003": 0.066,
    "agm2000101795": 0.727,
    "agm005074722": 3.52,
    "agm005180379": 6.54
  },
  "metrics": {
    "mae": 12.955978714634682,
    "rmse": 28.052872406587475
  }
}