{
  "predictions": {
    "mp-983357": 0.12276061039447267,
    "mp-8377": 3.6642102508075363,
    "mp-18938": 3.5930618509830685,
    "mp-5854": 1.7681403592705065,
    "mp-23778": 0.8769662490375282,
    "mp-19219": 1.684040946459173,
    "mp-9197": 0.5793650901789351,
    "mp-553887": 5.958771854262386,
    "mp-23407": 7.0927176168527115,
    "mp-555150": 1.3299780807877346,
    "mp-6062": 1.1937666208028115,
    "mp-863374": 3.4540577392030936,
    "mp-23363": 1.000712334141241,
    "mp-23321": 0.9929041902697264,
    "mp-27755": 0.89391307730628,
    "mp-3491": 5.822117235576151,
    "mp-540634": 2.171785281554432,
    "mp-557773": 2.4846532660880443,
    "mp-559961": 5.489820788272258,
    "mp-556966": 1.124114034244696,
    "mp-7324": 0.38514290836225906,
    "mp-622018": 1.8329172665041227,
    "mp-29305": 4.572213890734648,
    "mp-639714": 4.25659303764573,
    "mp-24118": 0.3164115694706754,
    "mp-555203": 0.5264661074421492,
    "mp-706621": 0.279507057910605,
    "mp-16792": 1.668325515901919,
    "mp-639506": 0.09020399713077555,
    "mp-5020": 12.277872331200477,
    "mp-3589": 0.5902682355274134,
    "mp-28264": 0.5199902429567294,
    "mp-570136": 12.570084558554885,
    "mp-862539": 0.4174302118190009,
    "mp-696946": 2.5555585845026205,
    "mp-27726": 2.267792316171369,
    "mp-30530": 2.0420333275486886,
    "mp-626620": 1.5057081921131064,
    "mp-2691": 29.63062808931033,
    "mp-21521": 3.1455823488767845,
    "mp-4690": 2.039671297775368,
    "mp-756570": 3.6244423334478513,
    "mp-28918": 4.793630208972658,
    "mp-754585": 5.203623036996171,
    "mp-27914": 3.6970022271275935,
    "mp-29910": 2.1815057571144987,
    "mp-14367": 1.0489718965838248,
    "mp-557027": 0.373951844646567,
    "mp-29525": 2.4192174517757064,
    "mp-23866": 0.6899977111704558,
    "mp-29524": 2.8804821274690386,
    "mp-559065": 8.051314322107425,
    "mp-551629": 1.4202265970815944,
    "mp-9064": 32.849349392299544,
    "mp-13666": 16.38952000973656,
    "mp-14444": 10.556897938489204,
    "mp-685145": 13.954506055964854,
    "mp-830": 16.028325247514363,
    "mp-31451": 62.56058859068784,
    "mp-30847": 24.249448990713457,
    "mp-36111": 30.756616028882537,
    "mp-1184046": 74.72959765156048,
    "mp-1215430": 38.654716619088,
    "mp-1017534": 42.16994033068538,
    "mp-1018093": 26.395298696941918,
    "mp-1008556": 3.0175046927259848,
    "mp-4524": 67.1494455823288,
    "mp-10572": 3.245042703589411,
    "mp-7582": 26.47764923103564,
    "mp-22965": 70.34863460130724,
    "mp-4586": 33.06021636184257,
    "mp-1193269": 0.03507405752185924,
    "mp-1101862": 0.1721169345118588,
    "mp-1097061": 1.011995893316827,
    "mp-998623": 1.767599627932236,
    "mp-1028576": 7.016366488108094,
    "mp-672118": 4.79061251705073,
    "mp-1215418": 46.08712164999652,
    "mp-23173": 20.038027903449485,
    "mp-863755": 10.207159680735437,
    "mp-1221954": 10.13620928141971,
    "mp-1300570": 2.762398213220727,
    "mp-1210659": 1.1066838440526539,
    "mp-554560": 0.6366666766014749,
    "mp-15776": 48.709214817710574,
    "mp-28873": 3.3551325103368557,
    "mp-1102285": 3.2879444870079477,
    "mp-1227567": 67.34113564078827,
    "mp-1220190": 16.355019137305202,
    "mp-570084": 57.879792101069704,
    "mp-17862": 53.892568411822616,
    "mp-1190717": 0.32915598223197373,
    "mp-1217833": 10.635687850950621,
    "mp-675779": 12.298820442668438,
    "mp-27594": 38.309833221304075,
    "mp-1218158": 4.135393098006608,
    "mp-28140": 24.645103243106572,
    "mp-766345": 0.9906764661118673,
    "agm002183415": 56.33884420707445,
    "agm003160554": 55.629559474484495,
    "agm002205907": 58.23641862861361,
    "agm002233584": 11.881090815369546,
    "agm003227564": 0.7698602833975786,
    "agm002793928": 13.03218761259592,
    "mp-781710": 18.35089046524822,
    "mp-1227011": 35.473558412846515,
    "mp-1216863": 8.836031096175075,
    "agm002135972": 72.06617810996607,
    "agm003234420": 2.435199162547944,
    "agm002218325": 57.49280538696692,
    "mp-1216132": 6.1398582355355575,
    "mp-779863": 4.057490412098435,
    "mp-38103": 0.4786186374281362,
    "mp-29362": 13.13132926456155,
    "mp-1019715": 0.6351610815960989,
    "agm002054632": 36.964373414121916,
    "mp-1204358": 0.33115790526921457,
    "mp-1105300": 25.806803798818354,
    "mp-1228823": 21.85826463909081,
    "mp-15833": 2.522638812769801,
    "mp-1103351": 15.198660348768126,
    "mp-24402": 0.2380643377864063,
    "mp-1095543": 0.3379733814721386,
    "mp-1188121": 0.6210144266068841,
    "mp-625521": 1.9417934326053965,
    "mp-23560": 3.0182593917737903,
    "mp-1227994": 1.1338249410702397,
    "mp-1079609": 2.6623395560424967,
    "mp-1192126": 2.929887208576165,
    "agm002197344": 9.84070269954918,
    "agm002177947": 27.653704267910353,
    "mp-696347": 0.30484742191893477,
    "mp-1147693": 7.447078846253664,
    "agm002156258": 0.33915431502700355,
    "mp-772748": 0.32778496541310254,
    "mp-1029422": 17.213997439745953,
    "mp-1120718": 8.654857683633924,
    "mp-1227036": 0.10925306164250304,
    "mp-1194520": 14.526162393182105,
    "mp-1218006": 37.52574314223031,
    "mp-1220913": 6.004376990302559,
    "mp-1223822": 1.154868492849912,
    "mp-1147725": 8.938367367127414,
    "mp-984766": 0.21007451363376198,
    "mp-1210722": 3.7250734958472176,
    "agm003263235": 5.877036902566812,
    "agm002215982": 0.958893052163712,
    "mp-568968": 36.11634299349416,
    "mp-27313": 4.837992396926933,
    "mp-556024": 0.5567023679825561,
    "mp-28020": 10.988272526324625,
    "mp-1229086": 5.770404879706582,
    "mp-772875": 6.905905953688135,
    "agm002363904": 1.8264277005975718,
    "mp-1223536": 18.09786662595328,
    "mp-1147697": 7.447078846253664,
    "mp-23887": 0.3579185026936001,
    "mp-18609": 37.83293564290206,
    "agm002848041": 2.169186227528706,
    "agm002133608": 14.851613640211545,
    "agm003268240": 47.50782357363842,
    "mp-1198890": 3.8071318754231855,
    "agm003200486": 1.0206885830664405,
    "mp-1096810": 7.885341899593345,
    "mp-1105127": 40.146876671188544,
    "mp-1216944": 8.187029418266643,
    "mp-555915": 0.6147839158574936,
    "mp-776259": 4.923197643124699,
    "agm002133663": 6.949866893508312,
    "agm002790067": 34.193734896828175,
    "agm002162961": 25.076268882093032,
    "mp-767604": 18.951731577566992,
    "agm003445531": 4.0934106138224475,
    "agm003206623": 2.567652686891393,
    "mp-1227366": 8.905014497257131,
    "agm005543540": 0.7413912431162681,
    "agm2000012572": 0.0462040356512958,
    "agm002205114": 63.769780220611636,
    "agm003046706": 5.608752516168468,
    "agm004786073": 4.977103075005747,
    "agm003445638": 1.7757592195391458,
    "agm002149208": 0.21952130905501605,
    "agm2000022161": 0.04257168698848686,
    "agm2000001840": 1.5764944375804972,
    "agm002158429": 1.8628476795660236,
    "agm004751295": 0.44816208862736606,
    "agm005848257": 2.3049338904882357,
    "agm2000081842": 0.10830940805480878,
    "agm004879066": 4.193982291855589,
    "agm001347560": 119.72001320500354,
    "agm2000086862": 0.41618785813067,
    "agm002102214": 0.5773454013208955,
    "mp-23807": 0.8866207429414298,
    "agm004954137": 9.26577486619616,
    "agm004785400": 19.420051969101365,
    "agm001234439": 4.718904359402438,
    "agm2000011096": 0.26351734000052135,
    "agm2000002067": 0.027250224855905808,
    "agm003716707": 0.33276427251996876,
    "mp-554918": 1.1277341496217843,
    "agm005769896": 64.19151110473322,
    "agm005698720": 18.922880954463945,
    "agm004956590": 0.28902733799044256,
    "agm006124765": 25.667960001084875,
    "mp-1202153": 13.091507304816446,
    "mp-23914": 0.2927733090663379,
    "agm002073747": 0.3355664769142739,
    "agm004442672": 3.1289373201368367,
    "agm004929360": 2.245451306059568,
    "agm003267560": 59.08440101825715,
    "agm002171920": 16.73876832543049,
    "mp-1215297": 13.602164196919682,
    "agm2000005425": 0.005663298225756309,