{
  "predictions": {
    "mp-983357": 0.20420753114842025,
    "mp-8377": 7.832236086030042,
    "mp-18938": 4.109238850905185,
    "mp-5854": 1.76256957304384,
    "mp-23778": 0.894406397700525,
    "mp-19219": 1.8668822456640226,
    "mp-9197": 1.2809144635036398,
    "mp-553887": 4.643140740617256,
    "mp-23407": 7.748380597273337,
    "mp-555150": 1.0813190369623171,
    "mp-6062": 1.2315058017073148,
    "mp-863374": 4.814619881323223,
    "mp-23363": 0.4289620107791529,
    "mp-23321": 1.0305020074721485,
    "mp-27755": 0.3856342513411646,
    "mp-3491": 9.16674492254595,
    "mp-540634": 1.3434217862994606,
    "mp-557773": 2.7663461427091396,
    "mp-559961": 5.344169021866387,
    "mp-556966": 1.3050940208026984,
    "mp-7324": 0.3782598993410373,
    "mp-622018": 2.9237809065367832,
    "mp-29305": 4.016581247475411,
    "mp-639714": 4.81974424961234,
    "mp-24118": 0.38217287575326203,
    "mp-555203": 0.8688328874549002,
    "mp-706621": 0.4681801158618823,
    "mp-16792": 6.2686482591571915,
    "mp-639506": 0.09317220477238215,
    "mp-5020": 11.583548081440519,
    "mp-3589": 0.5748710742028788,
    "mp-28264": 0.825778064091643,
    "mp-570136": 33.46661396603949,
    "mp-862539": 0.5257403928091142,
    "mp-696946": 6.08397054536864,
    "mp-27726": 1.4455762823073335,
    "mp-30530": 4.901190077202412,
    "mp-626620": 1.4999139063064066,
    "mp-2691": 31.098081539823216,
    "mp-21521": 5.835816934466525,
    "mp-4690": 0.9656421222361344,
    "mp-756570": 3.0097252548138904,
    "mp-28918": 7.649095140085572,
    "mp-754585": 7.279896630141427,
    "mp-27914": 3.470162638889012,
    "mp-29910": 6.222389737277773,
    "mp-14367": 4.371978546091601,
    "mp-557027": 0.4604484618918984,
    "mp-29525": 2.267888725249785,
    "mp-23866": 2.292882134868944,
    "mp-29524": 2.977526564584514,
    "mp-559065": 8.295508985579367,
    "mp-551629": 1.411620610715206,
    "mp-9064": 35.89294746046008,
    "mp-13666": 33.209043005565576,
    "mp-14444": 14.865104298019912,
    "mp-685145": 12.835550944979207,
    "mp-830": 21.381009525298186,
    "mp-31451": 71.1023893953741,
    "mp-30847": 33.411643976437205,
    "mp-36111": 36.84663198899931,
    "mp-1184046": 20.291801035007023,
    "mp-1215430": 40.08160498046169,
    "mp-1017534": 35.45140049428244,
    "mp-1018093": 38.044081449912916,
    "mp-1008556": 5.217126243146842,
    "mp-4524": 71.88177790807497,
    "mp-10572": 2.346175378601929,
    "mp-7582": 21.753328483205472,
    "mp-22965": 40.048358963112335,
    "mp-4586": 42.9558472285284,
    "mp-1193269": 0.03817903815577004,
    "mp-1101862": 0.19161831425932296,
    "mp-1097061": 1.0436323052707497,
    "mp-998623": 2.263400879864724,
    "mp-1028576": 7.80792704088531,
    "mp-672118": 4.85766860605981,
    "mp-1215418": 61.752143030748286,
    "mp-23173": 15.516144395654749,
    "mp-863755": 11.146283798901461,
    "mp-1221954": 5.302696233743726,
    "mp-1300570": 1.4654504240082076,
    "mp-1210659": 1.0216814374661287,
    "mp-554560": 0.5907671996316285,
    "mp-15776": 44.69607503532978,
    "mp-28873": 2.6575495617644327,
    "mp-1102285": 4.719104676813555,
    "mp-1227567": 63.623699517569136,
    "mp-1220190": 9.867584663944882,
    "mp-570084": 70.13615093355789,
    "mp-17862": 45.78706895792452,
    "mp-1190717": 0.34585039998019373,
    "mp-1217833": 12.425080650671157,
    "mp-675779": 23.391433248563594,
    "mp-27594": 29.691834160090508,
    "mp-1218158": 5.238993564457653,
    "mp-28140": 15.782871229076818,
    "mp-766345": 0.9776598311115925,
    "agm002183415": 52.06324234248814,
    "agm003160554": 73.5025668619981,
    "agm002205907": 59.270784310749015,
    "agm002233584": 8.518600888862501,
    "agm003227564": 1.573297646825923,
    "agm002793928": 14.308606898498061,
    "mp-781710": 17.271360665392443,
    "mp-1227011": 29.22212455998078,
    "mp-1216863": 10.09499719060678,
    "agm002135972": 79.62266912376944,
    "agm003234420": 4.3621556904417425,
    "agm002218325": 47.90574946963921,
    "mp-1216132": 6.331046093744898,
    "mp-779863": 6.8346590200838815,
    "mp-38103": 0.5301838973128403,
    "mp-29362": 7.725634578429942,
    "mp-1019715": 0.7114745483560005,
    "agm002054632": 29.409621028419295,
    "mp-1204358": 0.20077387213629483,
    "mp-1105300": 26.351826984830566,
    "mp-1228823": 21.966682567982257,
    "mp-15833": 2.8512060649988626,
    "mp-1103351": 15.964156298303399,
    "mp-24402": 0.4044887866756885,
    "mp-1095543": 0.26344534077131504,
    "mp-1188121": 0.4187726876317511,
    "mp-625521": 1.4438183949566021,
    "mp-23560": 3.85953413108453,
    "mp-1227994": 1.756988147887296,
    "mp-1079609": 1.8627343583560068,
    "mp-1192126": 2.672366896156676,
    "agm002197344": 13.370976635493548,
    "agm002177947": 34.71764294630448,
    "mp-696347": 0.32376293493413383,
    "mp-1147693": 8.248828910242459,
    "agm002156258": 0.6774326759979178,
    "mp-772748": 0.24342140039610208,
    "mp-1029422": 20.103297772527764,
    "mp-1120718": 7.438514288368634,
    "mp-1227036": 0.11009304312456425,
    "mp-1194520": 5.401634701162326,
    "mp-1218006": 24.39637605436609,
    "mp-1220913": 4.822304871349946,
    "mp-1223822": 0.7393071073800823,
    "mp-1147725": 8.68851529342248,
    "mp-984766": 0.16185595069871003,
    "mp-1210722": 4.645466133027285,
    "agm003263235": 4.866236216688933,
    "agm002215982": 0.9522085168975764,
    "mp-568968": 32.633562783319014,
    "mp-27313": 1.5742357103067783,
    "mp-556024": 0.20370529541976864,
    "mp-28020": 8.262817094297384,
    "mp-1229086": 2.4629231453104814,
    "mp-772875": 6.376065357743347,
    "agm002363904": 1.5174280566187226,
    "mp-1223536": 16.07394642714178,
    "mp-1147697": 7.4807468949350415,
    "mp-23887": 0.3846771629423409,
    "mp-18609": 36.200528239143225,
    "agm002848041": 1.9080305244740055,
    "agm002133608": 11.423089215326025,
    "agm003268240": 57.9513527646465,
    "mp-1198890": 2.5691372288964844,
    "agm003200486": 0.8925346554606446,
    "mp-1096810": 7.43924823776282,
    "mp-1105127": 38.47328945127438,
    "mp-1216944": 10.911090404204183,
    "mp-555915": 3.3981200771803,
    "mp-776259": 3.9770203325897624,
    "agm002133663": 8.942622859193346,
    "agm002790067": 38.76414361146182,
    "agm002162961": 26.32196202347284,
    "mp-767604": 18.967298409358946,
    "agm003445531": 3.6132117225855076,
    "agm003206623": 2.08940490310725,
    "mp-1227366": 10.00571369055329,
    "agm005543540": 1.7183677152195589,
    "agm2000012572": 0.11266961585375068,
    "agm002205114": 76.58482815533414,
    "agm003046706": 6.572371327946045,
    "agm004786073": 4.970565357536126,
    "agm003445638": 3.221956514913994,
    "agm002149208": 0.23568944818846804,
    "agm2000022161": 0.07771317150294034,
    "agm2000001840": 2.630499537531616,
    "agm002158429": 2.263155338490516,
    "agm004751295": 0.37963343652758397,
    "agm005848257": 2.2326290899731287,
    "agm2000081842": 0.20914133950604633,
    "agm004879066": 2.3513082811979316,
    "agm001347560": 106.87827895986696,
    "agm2000086862": 2.942706340685202,
    "agm002102214": 0.5805978881602661,
    "mp-23807": 0.8063032284395186,
    "agm004954137": 7.954984710751697,
    "agm004785400": 14.699858392231759,
    "agm001234439": 10.34647703478676,
    "agm2000011096": 0.5980240241203795,
    "agm2000002067": 0.044475766243003624,
    "agm003716707": 0.5712632177812447,
    "mp-554918": 0.8807933618406661,
    "agm005769896": 71.34315237357531,
    "agm005698720": 19.016209025349532,
    "agm004956590": 0.2870480967137414,
    "agm006124765": 25.911879504685338,
    "mp-1202153": 12.612752810131276,
    "mp-23914": 0.30060623037599954,
    "agm002073747": 0.7315785657278242,
    "agm004442672": 5.519584780687402,
    "agm004929360": 2.1119995942599417,
    "agm003267560": 63.19276785378363,
    "agm002171920": 15.63547382711786,
    "mp-1215297": 11.83195380906012,
    "agm2000005425": 0.014385705007386845,