{
  "predictions": {
    "mp-983357": 0.24556980114116758,
    "mp-8377": 8.788638937518725,
    "mp-18938": 3.786291840665296,
    "mp-5854": 1.8295017869646168,
    "mp-23778": 0.8326356652160074,
    "mp-19219": 3.243693592069334,
    "mp-9197": 0.9533459771369563,
    "mp-553887": 4.862938631224038,
    "mp-23407": 9.349009927366792,
    "mp-555150": 1.0050035635948888,
    "mp-6062": 1.2226607123729998,
    "mp-863374": 8.546423593608,
    "mp-23363": 0.4971618882861136,
    "mp-23321": 0.948002438892147,
    "mp-27755": 0.4821836808945643,
    "mp-3491": 7.8259926952449215,
    "mp-540634": 2.15891109577896,
    "mp-557773": 3.398928190919634,
    "mp-559961": 4.268838567759107,
    "mp-556966": 1.6048183841295036,
    "mp-7324": 0.4126125277921247,
    "mp-622018": 3.5924352642726736,
    "mp-29305": 4.979840635914453,
    "mp-639714": 6.5112939710008435,
    "mp-24118": 0.4190412449610589,
    "mp-555203": 0.8128655533069603,
    "mp-706621": 0.49250698790809627,
    "mp-16792": 6.623414787241192,
    "mp-639506": 0.11509811369499257,
    "mp-5020": 8.980449056577436,
    "mp-3589": 0.5867496461468569,
    "mp-28264": 0.7587561538518741,
    "mp-570136": 27.084708276615647,
    "mp-862539": 0.551843390471986,
    "mp-696946": 10.576719450558398,
    "mp-27726": 3.071707801807019,
    "mp-30530": 6.157858406838106,
    "mp-626620": 1.3904181679043577,
    "mp-2691": 34.39674912758795,
    "mp-21521": 6.339047218619085,
    "mp-4690": 1.2676237688944696,
    "mp-756570": 6.502372851193074,
    "mp-28918": 10.698899531332152,
    "mp-754585": 6.714304866262402,
    "mp-27914": 3.534543313200217,
    "mp-29910": 5.9177588841195226,
    "mp-14367": 4.013518713265578,
    "mp-557027": 0.3850308477681292,
    "mp-29525": 1.890304634435774,
    "mp-23866": 2.579119451556278,
    "mp-29524": 4.44011355640517,
    "mp-559065": 7.43051390998956,
    "mp-551629": 1.9172378253446138,
    "mp-9064": 39.3754525148671,
    "mp-13666": 35.11699021506512,
    "mp-14444": 15.690319163927613,
    "mp-685145": 9.412784632507224,
    "mp-830": 20.391385398290918,
    "mp-31451": 65.73214343752596,
    "mp-30847": 63.10128674051544,
    "mp-36111": 39.401711646790446,
    "mp-1184046": 23.743950842991453,
    "mp-1215430": 41.21070102686547,
    "mp-1017534": 39.58754737134082,
    "mp-1018093": 27.451256256806165,
    "mp-1008556": 4.304597099505253,
    "mp-4524": 70.72448799137388,
    "mp-10572": 1.9036413440048887,
    "mp-7582": 20.82338291858117,
    "mp-22965": 31.92393138390178,
    "mp-4586": 52.72891989148168,
    "mp-1193269": 0.03452527428444892,
    "mp-1101862": 0.20933533466555673,
    "mp-1097061": 1.3451053656489487,
    "mp-998623": 1.2405979633053508,
    "mp-1028576": 9.30442768611192,
    "mp-672118": 7.283043547626335,
    "mp-1215418": 62.34441306274413,
    "mp-23173": 16.342791296681902,
    "mp-863755": 11.20129737657469,
    "mp-1221954": 4.445109270533746,
    "mp-1300570": 1.6003953573485918,
    "mp-1210659": 0.7934280893065346,
    "mp-554560": 0.5015361197117135,
    "mp-15776": 45.98033092611523,
    "mp-28873": 3.330766298085474,
    "mp-1102285": 6.155295877925892,
    "mp-1227567": 58.98961983416068,
    "mp-1220190": 7.470554771821859,
    "mp-570084": 48.27609818726831,
    "mp-17862": 54.54582128922421,
    "mp-1190717": 0.38898251266052725,
    "mp-1217833": 11.545340995507031,
    "mp-675779": 28.048648224751002,
    "mp-27594": 31.727823361986598,
    "mp-1218158": 5.899075913053507,
    "mp-28140": 19.50821379603035,
    "mp-766345": 0.9028635865491108,
    "agm002183415": 48.75900812565598,
    "agm003160554": 65.30548688624053,
    "agm002205907": 40.91901472174668,
    "agm002233584": 7.00901511009088,
    "agm003227564": 1.1472062468025002,
    "agm002793928": 21.568710571061274,
    "mp-781710": 16.794847730808495,
    "mp-1227011": 35.95767791247799,
    "mp-1216863": 10.979140535462218,
    "agm002135972": 81.25435001462397,
    "agm003234420": 3.169660286766767,
    "agm002218325": 45.32533915213886,
    "mp-1216132": 5.424513544885196,
    "mp-779863": 6.530297678282134,
    "mp-38103": 0.4989285451092293,
    "mp-29362": 11.048819569551664,
    "mp-1019715": 0.7470572831399991,
    "agm002054632": 26.951228280234144,
    "mp-1204358": 0.5127285178817322,
    "mp-1105300": 27.62283155834942,
    "mp-1228823": 27.605023488095163,
    "mp-15833": 2.6443693874677536,
    "mp-1103351": 17.27116716002024,
    "mp-24402": 0.4799168107829556,
    "mp-1095543": 0.28745736261280785,
    "mp-1188121": 0.48483441162484786,
    "mp-625521": 1.4991427971615627,
    "mp-23560": 3.771053975477401,
    "mp-1227994": 1.936688639733173,
    "mp-1079609": 2.1306870299675165,
    "mp-1192126": 3.2277054580112963,
    "agm002197344": 13.182820580424085,
    "agm002177947": 34.083672152674346,
    "mp-696347": 0.3251323690540386,
    "mp-1147693": 8.452626445332067,
    "agm002156258": 0.9819004806280772,
    "mp-772748": 0.31562952120249915,
    "mp-1029422": 22.896883544074207,
    "mp-1120718": 7.077140774201049,
    "mp-1227036": 0.17216504624323364,
    "mp-1194520": 4.4303938437624915,
    "mp-1218006": 21.954092279359692,
    "mp-1220913": 5.229861873720645,
    "mp-1223822": 0.7978537704555723,
    "mp-1147725": 8.854565230041953,
    "mp-984766": 0.27847230648617366,
    "mp-1210722": 5.170550195314363,
    "agm003263235": 6.348255647956085,
    "agm002215982": 1.0138550847229661,
    "mp-568968": 30.37851894417242,
    "mp-27313": 1.7078444424907517,
    "mp-556024": 0.18365870724571223,
    "mp-28020": 9.646332594950989,
    "mp-1229086": 2.274114728062544,
    "mp-772875": 7.315518130801199,
    "agm002363904": 1.5950849535042266,
    "mp-1223536": 16.137247708138787,
    "mp-1147697": 7.481269505453497,
    "mp-23887": 0.3627793662901816,
    "mp-18609": 44.40238127926353,
    "agm002848041": 1.4281269309273381,
    "agm002133608": 9.869135202692693,
    "agm003268240": 55.324119215702595,
    "mp-1198890": 2.8630885384821716,
    "agm003200486": 0.9152384483770873,
    "mp-1096810": 9.181763471581863,
    "mp-1105127": 33.833972033830975,
    "mp-1216944": 10.867355233642495,
    "mp-555915": 3.5132681971790745,
    "mp-776259": 4.372964765997396,
    "agm002133663": 8.45988064153568,
    "agm002790067": 37.21262968169812,
    "agm002162961": 23.626528714971183,
    "mp-767604": 18.89918032376748,
    "agm003445531": 4.1154822685707755,
    "agm003206623": 2.265131575310009,
    "mp-1227366": 10.3494355513426,
    "agm005543540": 1.7212920706376207,
    "agm2000012572": 0.19331871749470836,
    "agm002205114": 56.47273326547375,
    "agm003046706": 7.327068002402524,
    "agm004786073": 5.471726645556014,
    "agm003445638": 4.385810496418063,
    "agm002149208": 0.257454730286111,
    "agm2000022161": 0.10512034422034368,
    "agm2000001840": 2.2958063358304823,
    "agm002158429": 2.7631122405169526,
    "agm004751295": 0.37513019705118894,
    "agm005848257": 2.0819819253310485,
    "agm2000081842": 0.16597464415051033,
    "agm004879066": 2.8729496546519107,
    "agm001347560": 92.44905990120755,
    "agm2000086862": 1.9739810729240699,
    "agm002102214": 0.5694796661821614,
    "mp-23807": 0.8547550599269793,
    "agm004954137": 8.247999377551364,
    "agm004785400": 15.177864030218881,
    "agm001234439": 11.82888029564258,
    "agm2000011096": 0.5423782210081022,
    "agm2000002067": 0.056991921783381534,
    "agm003716707": 0.5105400113541558,
    "mp-554918": 0.9627888362864035,
    "agm005769896": 66.69285513113593,
    "agm005698720": 14.286259699442729,
    "agm004956590": 0.2903342715352197,
    "agm006124765": 22.04680075499797,
    "mp-1202153": 9.114049185591725,
    "mp-23914": 0.3261408249061791,
    "agm002073747": 0.669583747782205,
    "agm004442672": 5.4586908861925805,
    "agm004929360": 2.04926831789377,
    "agm003267560": 79.2338352681166,
    "agm002171920": 13.588850898734849,
    "mp-1215297": 12.206476597720577,
    "agm2000005425": 0.04967686923236654,