{
  "predictions": {
    "mp-552663": 1.3584803342819214,
    "mp-753401": 1.8202890157699585,
    "mp-23363": 0.17290128767490387,
    "mp-559961": 2.637099504470825,
    "mp-17066": 1.2641874551773071,
    "mp-29155": 1.582176923751831,
    "mp-542931": 1.2368478775024414,
    "mp-27316": 0.14046627283096313,
    "mp-6126": 1.5407949686050415,
    "mp-997027": 2.914801597595215,
    "mp-21521": 2.3367364406585693,
    "mp-8673": 3.6472232341766357,
    "mp-23280": 1.0742027759552002,
    "mp-561664": 1.0494378805160522,
    "mp-23794": 0.3400041460990906,
    "mp-756570": 1.275262475013733,
    "mp-27987": 0.6375584602355957,
    "mp-550959": 4.385172367095947,
    "mp-556719": 0.4722498059272766,
    "mp-27914": 0.5608006119728088,
    "mp-29524": 0.4281861186027527,
    "mp-504908": 6.386577606201172,
    "mp-559065": 8.636628150939941,
    "mp-769218": 31.2016658782959,
    "mp-570213": 64.87921905517578,
    "mp-1023936": 3.3187243938446045,
    "mp-560588": 12.072981834411621,
    "mp-1222661": 42.177589416503906,
    "mp-1227993": 8.0541410446167,
    "mp-567246": 4.009235382080078,
    "mp-1184796": 0.11896555125713348,
    "mp-1217830": 2.332895517349243,
    "mp-774907": 4.804002285003662,
    "mp-672158": 2.984513759613037,
    "mp-1228522": 6.166212558746338,
    "mp-504910": 1.591770052909851,
    "mp-568802": 46.492919921875,
    "mp-1222565": 0.5539898872375488,
    "mp-33723": 59.03001403808594,
    "mp-1227512": 64.79712677001953,
    "mp-1189731": 2.0635054111480713,
    "mp-28089": 16.504940032958984,
    "mp-36779": 1.5323231220245361,
    "mp-560521": 0.21384043991565704,
    "mp-571195": 85.714111328125,
    "mp-1208039": 0.9875662326812744,
    "mp-1224376": 27.50075912475586,
    "mp-1219501": 13.084814071655273,
    "mp-1218158": 4.4282002449035645,
    "mp-17207": 15.487085342407227,
    "agm003202330": 49.310585021972656,
    "agm002254137": 126.38619232177734,
    "agm002186848": 81.07128143310547,
    "agm002224787": 9.544015884399414,
    "agm002153716": 1.1017067432403564,
    "mp-1195571": 0.7699539065361023,
    "mp-998230": 5.000096797943115,
    "mp-1223489": 0.31801092624664307,
    "mp-1029932": 13.670085906982422,
    "mp-28473": 0.2741462290287018,
    "mp-1228745": 17.455886840820312,
    "mp-1029652": 3.8168141841888428,
    "mp-985293": 0.6638951897621155,
    "mp-1019889": 0.3186698257923126,
    "mp-1227994": 1.247689962387085,
    "agm002156258": 0.26739779114723206,
    "mp-559373": 2.2889814376831055,
    "mp-1215615": 15.785622596740723,
    "mp-1219293": 0.13320812582969666,
    "mp-560699": 3.646127939224243,
    "agm002156599": 0.6816631555557251,
    "mp-1078049": 17.707534790039062,
    "mp-554002": 0.5441617369651794,
    "mp-1226863": 0.6730861067771912,
    "agm002848041": 0.6543571949005127,
    "agm002336867": 114.72024536132812,
    "mp-1222496": 2.6217381954193115,
    "agm003160584": 51.93846130371094,
    "mp-568328": 102.74931335449219,
    "agm002137965": 0.4778751730918884,
    "agm002074655": 1.5634747743606567,
    "agm2000085596": 4.709493160247803,
    "agm005539186": 10.95001220703125,
    "agm002073755": 0.43336379528045654,
    "agm002149208": 0.20517615973949432,
    "agm002225219": 13.812934875488281,
    "agm003713453": 2.1400771141052246,
    "agm1000019508": 0.4446527063846588,
    "agm2000011039": 0.44565853476524353,
    "agm005769288": 8.737279891967773,
    "agm005112928": 7.101811408996582,
    "agm001266143": 53.505802154541016,
    "agm005955873": 0.2182983160018921,
    "agm002077911": 13.447391510009766,
    "agm002097562": 0.5184212923049927,
    "agm2000016398": 0.05417816340923309,
    "agm2000145156": 0.06407888978719711,
    "agm002056302": 1.8299109935760498,
    "agm002190330": 25.932411193847656,
    "mp-685097": 3.391984224319458,
    "agm003464867": 12.392899513244629,
    "agm003204906": 11.762412071228027,
    "agm002072309": 2.3805673122406006,
    "agm003612680": 0.4636552035808563,
    "agm002128787": 21.178550720214844,
    "agm2000128632": 0.5262030959129333,
    "agm005882580": 2.5466763973236084,
    "agm003743952": 2.4055521488189697,
    "mp-1029408": 7.739593029022217,
    "agm2000084944": 0.08385449647903442,
    "mp-998591": 4.547423839569092,
    "agm004958126": 1.7066140174865723,
    "agm002233061": 43.76811599731445,
    "agm005605704": 20.794328689575195,
    "mp-1220818": 4.610088348388672,
    "mp-761842": 3.9477016925811768,
    "mp-14568": 0.12034375220537186,
    "agm004947354": 4.165492534637451,
    "agm006056059": 0.32802993059158325,
    "mp-32959": 0.5679510235786438,
    "agm002091778": 4.624236583709717,
    "agm004951594": 5.424699783325195,
    "agm002079795": 1.627313256263733,
    "agm002018585": 71.66319274902344,
    "agm004786105": 36.311851501464844
  },
  "uncertainties": {
    "mp-552663": 0.5894359350204468,
    "mp-753401": 0.8765281438827515,
    "mp-23363": 0.1123933419585228,
    "mp-559961": 0.8097983598709106,
    "mp-17066": 0.6043609976768494,
    "mp-29155": 0.48822835087776184,
    "mp-542931": 0.45662540197372437,
    "mp-27316": 0.11668498814105988,
    "mp-6126": 0.5755966305732727,
    "mp-997027": 2.1376891136169434,
    "mp-21521": 1.6903865337371826,
    "mp-8673": 2.3052918910980225,
    "mp-23280": 0.813909113407135,
    "mp-561664": 0.5484569072723389,
    "mp-23794": 0.23039117455482483,
    "mp-756570": 1.0880157947540283,
    "mp-27987": 0.41291695833206177,
    "mp-550959": 2.0285959243774414,
    "mp-556719": 0.24594193696975708,
    "mp-27914": 0.7253325581550598,
    "mp-29524": 0.6968389749526978,
    "mp-504908": 1.9926680326461792,
    "mp-559065": 2.7669007778167725,
    "mp-769218": 7.672122478485107,
    "mp-570213": 21.538801193237305,
    "mp-1023936": 1.6419620513916016,
    "mp-560588": 3.3004767894744873,
    "mp-1222661": 19.950773239135742,
    "mp-1227993": 2.868415594100952,
    "mp-567246": 2.632059097290039,
    "mp-1184796": 0.12601158022880554,
    "mp-1217830": 1.0323023796081543,
    "mp-774907": 2.2579996585845947,
    "mp-672158": 2.1796438694000244,
    "mp-1228522": 1.1246671676635742,
    "mp-504910": 0.9438790082931519,
    "mp-568802": 13.434808731079102,
    "mp-1222565": 0.23668049275875092,
    "mp-33723": 35.51133728027344,
    "mp-1227512": 19.356130599975586,
    "mp-1189731": 1.485012173652649,
    "mp-28089": 7.837106704711914,
    "mp-36779": 0.7109270691871643,
    "mp-560521": 0.16961339116096497,
    "mp-571195": 16.834829330444336,
    "mp-1208039": 0.32609277963638306,
    "mp-1224376": 9.105684280395508,
    "mp-1219501": 4.433938026428223,
    "mp-1218158": 1.379226565361023,
    "mp-17207": 8.317994117736816,
    "agm003202330": 22.564157485961914,
    "agm002254137": 17.653104782104492,
    "agm002186848": 21.33303451538086,
    "agm002224787": 1.7989343404769897,
    "agm002153716": 0.6015459299087524,
    "mp-1195571": 0.3830452859401703,
    "mp-998230": 2.6838624477386475,
    "mp-1223489": 0.16917893290519714,
    "mp-1029932": 6.872100353240967,
    "mp-28473": 0.16676872968673706,
    "mp-1228745": 6.202119827270508,
    "mp-1029652": 1.3012275695800781,
    "mp-985293": 0.3875082731246948,
    "mp-1019889": 0.15046656131744385,
    "mp-1227994": 0.45946699380874634,
    "agm002156258": 0.11188170313835144,
    "mp-559373": 0.9312958121299744,
    "mp-1215615": 2.5571987628936768,
    "mp-1219293": 0.1393062323331833,
    "mp-560699": 1.2510247230529785,
    "agm002156599": 0.33317890763282776,
    "mp-1078049": 3.084745168685913,
    "mp-554002": 0.237348273396492,
    "mp-1226863": 0.25344526767730713,
    "agm002848041": 0.6169145107269287,
    "agm002336867": 29.543073654174805,
    "mp-1222496": 1.2342609167099,
    "agm003160584": 18.1762638092041,
    "mp-568328": 37.84454345703125,
    "agm002137965": 0.18034256994724274,
    "agm002074655": 0.42390695214271545,
    "agm2000085596": 2.420854330062866,
    "agm005539186": 4.820862770080566,
    "agm002073755": 0.18577194213867188,
    "agm002149208": 0.1154618188738823,