{
  "predictions": {
    "mp-552663": 1.8891983032226562,
    "mp-753401": 3.8925647735595703,
    "mp-23363": 0.12000631541013718,
    "mp-559961": 3.680389642715454,
    "mp-17066": 1.08760404586792,
    "mp-29155": 1.6468249559402466,
    "mp-542931": 1.0987441539764404,
    "mp-27316": 0.11000420898199081,
    "mp-6126": 1.0558924674987793,
    "mp-997027": 2.1527516841888428,
    "mp-21521": 2.4794929027557373,
    "mp-8673": 2.483140707015991,
    "mp-23280": 0.9372941851615906,
    "mp-561664": 0.8694683313369751,
    "mp-23794": 0.29994285106658936,
    "mp-756570": 2.1477324962615967,
    "mp-27987": 1.497255802154541,
    "mp-550959": 7.585920810699463,
    "mp-556719": 0.970079243183136,
    "mp-27914": 0.7639201879501343,
    "mp-29524": 0.34313809871673584,
    "mp-504908": 4.783817291259766,
    "mp-559065": 10.570338249206543,
    "mp-769218": 31.52552032470703,
    "mp-570213": 62.25605773925781,
    "mp-1023936": 4.760423183441162,
    "mp-560588": 13.019461631774902,
    "mp-1222661": 72.29010772705078,
    "mp-1227993": 14.318868637084961,
    "mp-567246": 6.8303446769714355,
    "mp-1184796": 0.12566789984703064,
    "mp-1217830": 2.6624557971954346,
    "mp-774907": 8.92864990234375,
    "mp-672158": 3.1825051307678223,
    "mp-1228522": 7.414411544799805,
    "mp-504910": 1.7428603172302246,
    "mp-568802": 65.31153869628906,
    "mp-1222565": 0.36100655794143677,
    "mp-33723": 39.10565185546875,
    "mp-1227512": 95.55339050292969,
    "mp-1189731": 3.820803642272949,
    "mp-28089": 22.39771270751953,
    "mp-36779": 1.9425839185714722,
    "mp-560521": 0.19156546890735626,
    "mp-571195": 64.86911010742188,
    "mp-1208039": 1.549684762954712,
    "mp-1224376": 25.963233947753906,
    "mp-1219501": 14.608874320983887,
    "mp-1218158": 4.529412269592285,
    "mp-17207": 22.445798873901367,
    "agm003202330": 56.493595123291016,
    "agm002254137": 125.90020751953125,
    "agm002186848": 87.52932739257812,
    "agm002224787": 13.206798553466797,
    "agm002153716": 1.0318022966384888,
    "mp-1195571": 0.7858049869537354,
    "mp-998230": 3.8498430252075195,
    "mp-1223489": 0.18482162058353424,
    "mp-1029932": 14.786057472229004,
    "mp-28473": 0.14534543454647064,
    "mp-1228745": 24.151233673095703,
    "mp-1029652": 4.695056915283203,
    "mp-985293": 0.41888996958732605,
    "mp-1019889": 0.3661743104457855,
    "mp-1227994": 1.1005555391311646,
    "agm002156258": 0.2322804480791092,
    "mp-559373": 2.732811689376831,
    "mp-1215615": 17.640403747558594,
    "mp-1219293": 0.12723888456821442,
    "mp-560699": 3.7416787147521973,
    "agm002156599": 1.0660799741744995,
    "mp-1078049": 19.021753311157227,
    "mp-554002": 0.5104697942733765,
    "mp-1226863": 0.5773543119430542,
    "agm002848041": 0.16514843702316284,
    "agm002336867": 106.6764144897461,
    "mp-1222496": 3.0511255264282227,
    "agm003160584": 99.85333251953125,
    "mp-568328": 102.06501770019531,
    "agm002137965": 0.4433304965496063,
    "agm002074655": 2.058298110961914,
    "agm2000085596": 2.647320032119751,
    "agm005539186": 16.703535079956055,
    "agm002073755": 0.3979122042655945,
    "agm002149208": 0.18922165036201477,
    "agm002225219": 14.665287017822266,
    "agm003713453": 1.6203540563583374,
    "agm1000019508": 0.6771736145019531,
    "agm2000011039": 0.5955488681793213,
    "agm005769288": 8.4781494140625,
    "agm005112928": 2.1588175296783447,
    "agm001266143": 61.408348083496094,
    "agm005955873": 0.21694879233837128,
    "agm002077911": 14.23649787902832,
    "agm002097562": 0.659762442111969,
    "agm2000016398": 0.010914275422692299,
    "agm2000145156": 0.058843597769737244,
    "agm002056302": 0.8052455186843872,
    "agm002190330": 56.61333465576172,
    "mp-685097": 1.7431167364120483,
    "agm003464867": 12.682652473449707,
    "agm003204906": 11.514735221862793,
    "agm002072309": 2.413545846939087,
    "agm003612680": 0.4171386659145355,
    "agm002128787": 23.843120574951172,
    "agm2000128632": 0.6677921414375305,
    "agm005882580": 3.5062754154205322,
    "agm003743952": 1.9889429807662964,
    "mp-1029408": 10.397789001464844,
    "agm2000084944": 0.0481359139084816,
    "mp-998591": 5.227295398712158,
    "agm004958126": 1.4315731525421143,
    "agm002233061": 29.415708541870117,
    "agm005605704": 21.927465438842773,
    "mp-1220818": 6.145104885101318,
    "mp-761842": 1.836512565612793,
    "mp-14568": 0.1342015415430069,
    "agm004947354": 5.580114841461182,
    "agm006056059": 0.3147774040699005,
    "mp-32959": 0.5924849510192871,
    "agm002091778": 3.96132230758667,
    "agm004951594": 6.015301704406738,
    "agm002079795": 2.3945701122283936,
    "agm002018585": 70.013671875,
    "agm004786105": 36.30471420288086
  },
  "uncertainties": {
    "mp-552663": 0.8436791300773621,
    "mp-753401": 1.4070568084716797,
    "mp-23363": 0.14677226543426514,
    "mp-559961": 1.2505725622177124,
    "mp-17066": 0.5203824639320374,
    "mp-29155": 0.6610029935836792,
    "mp-542931": 0.4211730360984802,
    "mp-27316": 0.13597941398620605,
    "mp-6126": 0.8107011914253235,
    "mp-997027": 2.3542022705078125,
    "mp-21521": 1.5409740209579468,
    "mp-8673": 1.3091577291488647,
    "mp-23280": 1.122257947921753,
    "mp-561664": 0.4473196864128113,
    "mp-23794": 0.18334943056106567,
    "mp-756570": 1.3317646980285645,
    "mp-27987": 1.3448445796966553,
    "mp-550959": 2.221287965774536,
    "mp-556719": 1.573365569114685,
    "mp-27914": 1.3316541910171509,
    "mp-29524": 1.3777848482131958,
    "mp-504908": 1.855619192123413,
    "mp-559065": 2.4398386478424072,
    "mp-769218": 8.207447052001953,
    "mp-570213": 23.473215103149414,
    "mp-1023936": 3.0415542125701904,
    "mp-560588": 3.1698527336120605,
    "mp-1222661": 25.08052635192871,
    "mp-1227993": 5.671421527862549,
    "mp-567246": 5.6341962814331055,
    "mp-1184796": 0.12848812341690063,
    "mp-1217830": 1.8319835662841797,
    "mp-774907": 5.030893802642822,
    "mp-672158": 2.811490297317505,
    "mp-1228522": 2.066301107406616,
    "mp-504910": 0.9194474220275879,
    "mp-568802": 20.458580017089844,
    "mp-1222565": 0.18699046969413757,
    "mp-33723": 20.049577713012695,
    "mp-1227512": 23.479263305664062,
    "mp-1189731": 2.231727361679077,
    "mp-28089": 6.627979278564453,
    "mp-36779": 0.9643408060073853,
    "mp-560521": 0.1465807855129242,
    "mp-571195": 25.522830963134766,
    "mp-1208039": 0.5613710880279541,
    "mp-1224376": 11.716840744018555,
    "mp-1219501": 6.4549241065979,
    "mp-1218158": 1.3651621341705322,
    "mp-17207": 10.600305557250977,
    "agm003202330": 22.63400650024414,
    "agm002254137": 26.678077697753906,
    "agm002186848": 17.770753860473633,
    "agm002224787": 3.733091354370117,
    "agm002153716": 0.6220444440841675,
    "mp-1195571": 0.7504632472991943,
    "mp-998230": 2.4096384048461914,
    "mp-1223489": 0.12890884280204773,
    "mp-1029932": 6.090811252593994,
    "mp-28473": 0.14357469975948334,
    "mp-1228745": 7.282413959503174,
    "mp-1029652": 2.239102602005005,
    "mp-985293": 0.1914539635181427,
    "mp-1019889": 0.19784991443157196,
    "mp-1227994": 0.39104148745536804,
    "agm002156258": 0.14978249371051788,
    "mp-559373": 1.4028680324554443,
    "mp-1215615": 2.012653112411499,
    "mp-1219293": 0.12972578406333923,
    "mp-560699": 1.1213890314102173,
    "agm002156599": 0.4628700911998749,
    "mp-1078049": 2.127352476119995,
    "mp-554002": 0.2505740821361542,
    "mp-1226863": 0.25799793004989624,
    "agm002848041": 0.5752953886985779,
    "agm002336867": 43.57876205444336,
    "mp-1222496": 1.050741195678711,
    "agm003160584": 29.83304214477539,
    "mp-568328": 43.242279052734375,
    "agm002137965": 0.19652560353279114,
    "agm002074655": 0.4864594042301178,
    "agm2000085596": 1.8491365909576416,
    "agm005539186": 5.329464435577393,
    "agm002073755": 0.17928916215896606,
    "agm002149208": 0.1390245407819748,