{
  "predictions": {
    "mp-552663": 1.4268765449523926,
    "mp-753401": 2.502192735671997,
    "mp-23363": 0.2077121138572693,
    "mp-559961": 2.3271825313568115,
    "mp-17066": 1.1884762048721313,
    "mp-29155": 2.120318651199341,
    "mp-542931": 2.3098812103271484,
    "mp-27316": 0.2332165688276291,
    "mp-6126": 3.5620415210723877,
    "mp-997027": 6.516634941101074,
    "mp-21521": 2.5257186889648438,
    "mp-8673": 4.895395755767822,
    "mp-23280": 3.6251537799835205,
    "mp-561664": 2.235560655593872,
    "mp-23794": 0.3578963875770569,
    "mp-756570": 2.1533761024475098,
    "mp-27987": 0.6930189728736877,
    "mp-550959": 6.642341136932373,
    "mp-556719": 1.337736964225769,
    "mp-27914": 1.7351619005203247,
    "mp-29524": 1.1362508535385132,
    "mp-504908": 5.062236785888672,
    "mp-559065": 10.077674865722656,
    "mp-769218": 38.408782958984375,
    "mp-570213": 48.002044677734375,
    "mp-1023936": 4.645864963531494,
    "mp-560588": 23.650619506835938,
    "mp-1222661": 41.78531265258789,
    "mp-1227993": 10.338253021240234,
    "mp-567246": 10.647878646850586,
    "mp-1184796": 0.12387150526046753,
    "mp-1217830": 2.5981438159942627,
    "mp-774907": 3.8173696994781494,
    "mp-672158": 6.111886978149414,
    "mp-1228522": 8.479076385498047,
    "mp-504910": 1.423926591873169,
    "mp-568802": 39.79710006713867,
    "mp-1222565": 0.3882075846195221,
    "mp-33723": 67.40815734863281,
    "mp-1227512": 68.52055358886719,
    "mp-1189731": 1.9504475593566895,
    "mp-28089": 13.970673561096191,
    "mp-36779": 2.229790449142456,
    "mp-560521": 0.2884663939476013,
    "mp-571195": 87.07009887695312,
    "mp-1208039": 1.096881628036499,
    "mp-1224376": 33.41225814819336,
    "mp-1219501": 13.856819152832031,
    "mp-1218158": 4.758630752563477,
    "mp-17207": 18.672494888305664,
    "agm003202330": 56.41654968261719,
    "agm002254137": 79.81475830078125,
    "agm002186848": 66.2042007446289,
    "agm002224787": 12.980957984924316,
    "agm002153716": 1.0355753898620605,
    "mp-1195571": 0.6674277782440186,
    "mp-998230": 5.670217990875244,
    "mp-1223489": 0.29020237922668457,
    "mp-1029932": 14.802594184875488,
    "mp-28473": 0.4633791744709015,
    "mp-1228745": 17.906373977661133,
    "mp-1029652": 4.418207168579102,
    "mp-985293": 0.5588234663009644,
    "mp-1019889": 0.28775063157081604,
    "mp-1227994": 1.3217456340789795,
    "agm002156258": 0.6489683389663696,
    "mp-559373": 3.2154805660247803,
    "mp-1215615": 18.004980087280273,
    "mp-1219293": 0.4470089375972748,
    "mp-560699": 4.772111415863037,
    "agm002156599": 0.748801052570343,
    "mp-1078049": 16.09910011291504,
    "mp-554002": 0.42915403842926025,
    "mp-1226863": 0.811769425868988,
    "agm002848041": 0.5135353207588196,
    "agm002336867": 109.45249938964844,
    "mp-1222496": 4.684769630432129,
    "agm003160584": 38.301612854003906,
    "mp-568328": 70.10508728027344,
    "agm002137965": 0.3348640203475952,
    "agm002074655": 0.8878111839294434,
    "agm2000085596": 5.924466133117676,
    "agm005539186": 14.696242332458496,
    "agm002073755": 0.5014527440071106,
    "agm002149208": 0.21652193367481232,
    "agm002225219": 14.335216522216797,
    "agm003713453": 1.8743743896484375,
    "agm1000019508": 0.7741594910621643,
    "agm2000011039": 0.7861306667327881,
    "agm005769288": 1.569636344909668,
    "agm005112928": 9.023021697998047,
    "agm001266143": 59.409156799316406,
    "agm005955873": 0.4250778257846832,
    "agm002077911": 13.855297088623047,
    "agm002097562": 0.4444059431552887,
    "agm2000016398": 0.10550569742918015,
    "agm2000145156": 0.08956584334373474,
    "agm002056302": 1.7769253253936768,
    "agm002190330": 57.388916015625,
    "mp-685097": 2.724647283554077,
    "agm003464867": 13.21728515625,
    "agm003204906": 11.064277648925781,
    "agm002072309": 2.836146831512451,
    "agm003612680": 0.4217594563961029,
    "agm002128787": 26.2365779876709,
    "agm2000128632": 0.4621705114841461,
    "agm005882580": 4.343720436096191,
    "agm003743952": 2.2173774242401123,
    "mp-1029408": 8.589593887329102,
    "agm2000084944": 0.13323946297168732,
    "mp-998591": 6.810952663421631,
    "agm004958126": 1.7306550741195679,
    "agm002233061": 49.130924224853516,
    "agm005605704": 14.46300983428955,
    "mp-1220818": 4.166742324829102,
    "mp-761842": 4.186966896057129,
    "mp-14568": 0.11186899989843369,
    "agm004947354": 7.2152509689331055,
    "agm006056059": 0.2756088972091675,
    "mp-32959": 0.40607357025146484,
    "agm002091778": 1.9896093606948853,
    "agm004951594": 4.051249980926514,
    "agm002079795": 2.4539971351623535,
    "agm002018585": 63.65910720825195,
    "agm004786105": 37.30571365356445
  },
  "uncertainties": {
    "mp-552663": 0.7395142316818237,
    "mp-753401": 1.3871276378631592,
    "mp-23363": 0.1802864819765091,
    "mp-559961": 0.9552106857299805,
    "mp-17066": 0.6810362935066223,
    "mp-29155": 0.8510814905166626,
    "mp-542931": 0.8383510112762451,
    "mp-27316": 0.22745200991630554,
    "mp-6126": 2.668863296508789,
    "mp-997027": 4.0803303718566895,
    "mp-21521": 1.4075407981872559,
    "mp-8673": 2.7654035091400146,
    "mp-23280": 2.3168272972106934,
    "mp-561664": 0.8876318335533142,
    "mp-23794": 0.2717683017253876,
    "mp-756570": 0.8410868048667908,
    "mp-27987": 0.4813612401485443,
    "mp-550959": 3.4278717041015625,
    "mp-556719": 1.2096673250198364,
    "mp-27914": 1.236538290977478,
    "mp-29524": 1.0746105909347534,
    "mp-504908": 2.200139045715332,
    "mp-559065": 3.7167928218841553,
    "mp-769218": 13.329204559326172,
    "mp-570213": 15.18775463104248,
    "mp-1023936": 2.5346286296844482,
    "mp-560588": 10.073226928710938,
    "mp-1222661": 15.17417049407959,
    "mp-1227993": 4.32827615737915,
    "mp-567246": 3.549980401992798,
    "mp-1184796": 0.18554078042507172,
    "mp-1217830": 2.1526331901550293,
    "mp-774907": 2.0999512672424316,
    "mp-672158": 4.079222202301025,
    "mp-1228522": 1.7744776010513306,
    "mp-504910": 0.584543764591217,
    "mp-568802": 10.451155662536621,
    "mp-1222565": 0.2170334905385971,
    "mp-33723": 19.546865463256836,
    "mp-1227512": 16.527389526367188,
    "mp-1189731": 1.126495599746704,
    "mp-28089": 6.172921657562256,
    "mp-36779": 0.6131805181503296,
    "mp-560521": 0.194679394364357,
    "mp-571195": 9.284746170043945,
    "mp-1208039": 0.38344046473503113,
    "mp-1224376": 12.261317253112793,
    "mp-1219501": 2.801255941390991,
    "mp-1218158": 1.0762343406677246,
    "mp-17207": 7.119228839874268,
    "agm003202330": 21.881507873535156,
    "agm002254137": 20.79658317565918,
    "agm002186848": 36.30331039428711,
    "agm002224787": 3.2450976371765137,
    "agm002153716": 0.7080571055412292,
    "mp-1195571": 0.5830668807029724,
    "mp-998230": 2.1317429542541504,
    "mp-1223489": 0.1554742455482483,
    "mp-1029932": 7.776954174041748,
    "mp-28473": 0.30089378356933594,
    "mp-1228745": 9.150833129882812,
    "mp-1029652": 1.3278003931045532,
    "mp-985293": 0.4507972300052643,
    "mp-1019889": 0.18127554655075073,
    "mp-1227994": 0.2569374442100525,
    "agm002156258": 0.48147258162498474,
    "mp-559373": 1.5647656917572021,
    "mp-1215615": 3.3742835521698,
    "mp-1219293": 0.24686792492866516,
    "mp-560699": 1.347916603088379,
    "agm002156599": 0.4197286367416382,
    "mp-1078049": 2.5418143272399902,
    "mp-554002": 0.3406376540660858,
    "mp-1226863": 0.3713458478450775,
    "agm002848041": 0.2892347574234009,
    "agm002336867": 33.4223518371582,
    "mp-1222496": 1.8238670825958252,
    "agm003160584": 7.770297527313232,
    "mp-568328": 29.97406005859375,
    "agm002137965": 0.3044070303440094,
    "agm002074655": 0.4097071886062622,
    "agm2000085596": 3.6335349082946777,
    "agm005539186": 4.601748943328857,
    "agm002073755": 0.2575218975543976,
    "agm002149208": 0.1370849460363388,