{
  "predictions": {
    "mp-983357": 0.2867788076400757,
    "mp-8377": 5.699891567230225,
    "mp-18938": 3.073061466217041,
    "mp-5854": 1.2958896160125732,
    "mp-23778": 0.8858314752578735,
    "mp-19219": 0.640932023525238,
    "mp-9197": 0.3792286217212677,
    "mp-553887": 3.8015859127044678,
    "mp-23407": 7.843029022216797,
    "mp-555150": 0.9669962525367737,
    "mp-6062": 1.0250171422958374,
    "mp-863374": 3.615554094314575,
    "mp-23363": 0.4025026261806488,
    "mp-23321": 0.35392895340919495,
    "mp-27755": 0.3424072563648224,
    "mp-3491": 9.778875350952148,
    "mp-540634": 1.6291652917861938,
    "mp-557773": 2.725705862045288,
    "mp-559961": 2.4266715049743652,
    "mp-556966": 0.9356251358985901,
    "mp-7324": 0.3553176820278168,
    "mp-622018": 1.687131404876709,
    "mp-29305": 0.9677531719207764,
    "mp-639714": 3.4780004024505615,
    "mp-24118": 0.3472124934196472,
    "mp-555203": 0.485011488199234,
    "mp-706621": 0.38415223360061646,
    "mp-16792": 0.8556526303291321,
    "mp-639506": 0.29865145683288574,
    "mp-5020": 13.330972671508789,
    "mp-3589": 0.8875762224197388,
    "mp-28264": 0.5073342323303223,
    "mp-570136": 19.504791259765625,
    "mp-862539": 0.6205379366874695,
    "mp-696946": 4.366011142730713,
    "mp-27726": 0.723080575466156,
    "mp-30530": 0.7901042103767395,
    "mp-626620": 1.0037962198257446,
    "mp-2691": 31.733755111694336,
    "mp-21521": 1.4758193492889404,
    "mp-4690": 0.5547012686729431,
    "mp-756570": 0.9808173179626465,
    "mp-28918": 2.9511663913726807,
    "mp-754585": 1.9332213401794434,
    "mp-27914": 0.8996787071228027,
    "mp-29910": 0.9158011078834534,
    "mp-14367": 0.6168506741523743,
    "mp-557027": 0.3188932538032532,
    "mp-29525": 0.851290762424469,
    "mp-23866": 0.6607794761657715,
    "mp-29524": 0.7095160484313965,
    "mp-559065": 9.63329029083252,
    "mp-551629": 0.8931887149810791,
    "mp-9064": 7.322105884552002,
    "mp-13666": 20.6793212890625,
    "mp-14444": 14.393502235412598,
    "mp-685145": 9.250329971313477,
    "mp-830": 10.07553482055664,
    "mp-31451": 78.71027374267578,
    "mp-30847": 30.384897232055664,
    "mp-36111": 6.630441188812256,
    "mp-1184046": 72.72793579101562,
    "mp-1215430": 31.906240463256836,
    "mp-1017534": 35.6868782043457,
    "mp-1018093": 24.50939178466797,
    "mp-1008556": 2.554044008255005,
    "mp-4524": 82.07320404052734,
    "mp-10572": 4.288895130157471,
    "mp-7582": 29.659818649291992,
    "mp-22965": 54.96247100830078,
    "mp-4586": 38.29240798950195,
    "mp-1193269": 0.2645318806171417,
    "mp-1101862": 0.33035239577293396,
    "mp-1097061": 0.5146306753158569,
    "mp-998623": 0.6357873678207397,
    "mp-1028576": 7.4793572425842285,
    "mp-672118": 0.7355509400367737,
    "mp-1215418": 53.18507766723633,
    "mp-23173": 9.120869636535645,
    "mp-863755": 10.26172161102295,
    "mp-1221954": 9.092416763305664,
    "mp-1300570": 1.0460929870605469,
    "mp-1210659": 0.5706784725189209,
    "mp-554560": 0.5818824768066406,
    "mp-15776": 54.287208557128906,
    "mp-28873": 5.680602550506592,
    "mp-1102285": 5.100807189941406,
    "mp-1227567": 74.79553985595703,
    "mp-1220190": 3.371492624282837,
    "mp-570084": 17.982131958007812,
    "mp-17862": 61.222232818603516,
    "mp-1190717": 0.3289123773574829,
    "mp-1217833": 8.55579662322998,
    "mp-675779": 2.3991458415985107,
    "mp-27594": 53.272335052490234,
    "mp-1218158": 2.516082286834717,
    "mp-28140": 33.691165924072266,
    "mp-766345": 0.601411759853363,
    "agm002183415": 49.5006217956543,
    "agm003160554": 48.71147537231445,
    "agm002205907": 56.23651885986328,
    "agm002233584": 10.485138893127441,
    "agm003227564": 0.6782434582710266,
    "agm002793928": 10.338262557983398,
    "mp-781710": 25.344083786010742,
    "mp-1227011": 51.99691390991211,
    "mp-1216863": 9.544060707092285,
    "agm002135972": 113.32447052001953,
    "agm003234420": 3.0464203357696533,
    "agm002218325": 59.993072509765625,
    "mp-1216132": 4.448436737060547,
    "mp-779863": 4.748847484588623,
    "mp-38103": 0.3943585455417633,
    "mp-29362": 6.691897392272949,
    "mp-1019715": 0.5874067544937134,
    "agm002054632": 18.773935317993164,
    "mp-1204358": 0.3791528046131134,
    "mp-1105300": 22.970836639404297,
    "mp-1228823": 13.312972068786621,
    "mp-15833": 2.772225856781006,
    "mp-1103351": 13.883767127990723,
    "mp-24402": 0.4166429936885834,
    "mp-1095543": 0.30986860394477844,
    "mp-1188121": 0.6966943144798279,
    "mp-625521": 1.5449703931808472,
    "mp-23560": 1.9784469604492188,
    "mp-1227994": 1.0509570837020874,
    "mp-1079609": 1.6876487731933594,
    "mp-1192126": 2.584928274154663,
    "agm002197344": 10.236407279968262,
    "agm002177947": 57.40434265136719,
    "mp-696347": 0.3304605185985565,
    "mp-1147693": 7.880842685699463,
    "agm002156258": 0.3475884199142456,
    "mp-772748": 0.3235268294811249,
    "mp-1029422": 23.76653289794922,
    "mp-1120718": 9.462716102600098,
    "mp-1227036": 0.3171673119068146,
    "mp-1194520": 11.693163871765137,
    "mp-1218006": 24.74176788330078,
    "mp-1220913": 3.745631217956543,
    "mp-1223822": 0.3589150309562683,
    "mp-1147725": 9.089960098266602,
    "mp-984766": 0.3030833601951599,
    "mp-1210722": 3.1920056343078613,
    "agm003263235": 3.237729072570801,
    "agm002215982": 0.5892429947853088,
    "mp-568968": 33.51373291015625,
    "mp-27313": 0.5149332284927368,
    "mp-556024": 0.40233081579208374,
    "mp-28020": 3.0184402465820312,
    "mp-1229086": 4.433520317077637,
    "mp-772875": 1.4637545347213745,
    "agm002363904": 0.8366391062736511,
    "mp-1223536": 15.945113182067871,
    "mp-1147697": 7.86703634262085,
    "mp-23887": 0.3400600552558899,
    "mp-18609": 37.49284744262695,
    "agm002848041": 0.390591025352478,
    "agm002133608": 5.866662502288818,
    "agm003268240": 34.498573303222656,
    "mp-1198890": 1.5248371362686157,
    "agm003200486": 0.32693302631378174,
    "mp-1096810": 6.751298427581787,
    "mp-1105127": 45.29740905761719,
    "mp-1216944": 3.499068260192871,
    "mp-555915": 0.5325152277946472,
    "mp-776259": 4.749141693115234,
    "agm002133663": 2.6669585704803467,
    "agm002790067": 39.82555389404297,
    "agm002162961": 25.658536911010742,
    "mp-767604": 15.812836647033691,
    "agm003445531": 3.607590675354004,
    "agm003206623": 1.8842889070510864,
    "mp-1227366": 8.92113971710205,
    "agm005543540": 1.4823368787765503,
    "agm2000012572": 0.2719176411628723,
    "agm002205114": 43.384700775146484,
    "agm003046706": 5.431981086730957,
    "agm004786073": 4.759066581726074,
    "agm003445638": 1.6435047388076782,
    "agm002149208": 0.33260849118232727,
    "agm2000022161": 0.2763659358024597,
    "agm2000001840": 1.4775367975234985,
    "agm002158429": 2.2640273571014404,
    "agm004751295": 0.49226370453834534,
    "agm005848257": 1.7547880411148071,
    "agm2000081842": 0.3513774573802948,
    "agm004879066": 6.9297404289245605,
    "agm001347560": 120.76887512207031,
    "agm2000086862": 0.5921950936317444,
    "agm002102214": 0.5774040818214417,
    "mp-23807": 0.7957112193107605,
    "agm004954137": 7.761570453643799,
    "agm004785400": 14.171156883239746,
    "agm001234439": 9.50821304321289,
    "agm2000011096": 0.418296217918396,
    "agm2000002067": 0.24375532567501068,
    "agm003716707": 0.5005775094032288,
    "mp-554918": 1.0686689615249634,
    "agm005769896": 91.62406158447266,
    "agm005698720": 5.689095497131348,
    "agm004956590": 0.3484136164188385,
    "agm006124765": 31.300268173217773,
    "mp-1202153": 12.296255111694336,
    "mp-23914": 0.41367289423942566,
    "agm002073747": 0.5884268879890442,
    "agm004442672": 4.209989547729492,
    "agm004929360": 2.085930585861206,
    "agm003267560": 57.3408088684082,
    "agm002171920": 27.43059730529785,
    "mp-1215297": 13.855030059814453,
    "agm2000005425": 0.23834748566150665,