{
  "predictions": {
    "mp-983357": 0.12351342290639877,
    "mp-8377": 7.424280166625977,
    "mp-18938": 2.370335578918457,
    "mp-5854": 1.5986882448196411,
    "mp-23778": 1.0388071537017822,
    "mp-19219": 0.8949728608131409,
    "mp-9197": 0.382923424243927,
    "mp-553887": 3.1732070446014404,
    "mp-23407": 8.344527244567871,
    "mp-555150": 0.9885458946228027,
    "mp-6062": 0.8869092464447021,
    "mp-863374": 4.0378947257995605,
    "mp-23363": 0.12761713564395905,
    "mp-23321": 0.3286145329475403,
    "mp-27755": 0.08084002137184143,
    "mp-3491": 10.844115257263184,
    "mp-540634": 1.24394953250885,
    "mp-557773": 1.5107883214950562,
    "mp-559961": 2.4762613773345947,
    "mp-556966": 0.46614402532577515,
    "mp-7324": 0.21293747425079346,
    "mp-622018": 2.055481195449829,
    "mp-29305": 2.065826416015625,
    "mp-639714": 2.9026010036468506,
    "mp-24118": 0.5022728443145752,
    "mp-555203": 0.7661409974098206,
    "mp-706621": 0.23475605249404907,
    "mp-16792": 0.7744837403297424,
    "mp-639506": 0.06583880633115768,
    "mp-5020": 7.195622444152832,
    "mp-3589": 0.6023969054222107,
    "mp-28264": 0.5282462239265442,
    "mp-570136": 9.688119888305664,
    "mp-862539": 0.7985231280326843,
    "mp-696946": 4.214576244354248,
    "mp-27726": 1.994014859199524,
    "mp-30530": 2.3139162063598633,
    "mp-626620": 0.9497299194335938,
    "mp-2691": 14.94816780090332,
    "mp-21521": 3.359623670578003,
    "mp-4690": 0.48846766352653503,
    "mp-756570": 1.3785529136657715,
    "mp-28918": 4.9554924964904785,
    "mp-754585": 0.8028842806816101,
    "mp-27914": 1.3305124044418335,
    "mp-29910": 0.9380531907081604,
    "mp-14367": 1.1442782878875732,
    "mp-557027": 0.22437843680381775,
    "mp-29525": 0.506412148475647,
    "mp-23866": 0.9642512798309326,
    "mp-29524": 0.6313053369522095,
    "mp-559065": 8.356849670410156,
    "mp-551629": 1.275193214416504,
    "mp-9064": 11.115279197692871,
    "mp-13666": 21.5889835357666,
    "mp-14444": 12.360269546508789,
    "mp-685145": 7.392091751098633,
    "mp-830": 6.795660495758057,
    "mp-31451": 75.88374328613281,
    "mp-30847": 44.6530876159668,
    "mp-36111": 5.27029275894165,
    "mp-1184046": 21.858388900756836,
    "mp-1215430": 22.207439422607422,
    "mp-1017534": 21.831026077270508,
    "mp-1018093": 33.78030014038086,
    "mp-1008556": 2.9009299278259277,
    "mp-4524": 78.32881164550781,
    "mp-10572": 2.3820955753326416,
    "mp-7582": 23.268638610839844,
    "mp-22965": 40.05573654174805,
    "mp-4586": 31.465349197387695,
    "mp-1193269": 0.09141520410776138,
    "mp-1101862": 0.25505340099334717,
    "mp-1097061": 0.2707154452800751,
    "mp-998623": 0.7602734565734863,
    "mp-1028576": 6.884148120880127,
    "mp-672118": 1.4012808799743652,
    "mp-1215418": 59.26503372192383,
    "mp-23173": 8.636595726013184,
    "mp-863755": 7.805593490600586,
    "mp-1221954": 6.715517520904541,
    "mp-1300570": 0.5681841969490051,
    "mp-1210659": 0.7467946410179138,
    "mp-554560": 0.34226420521736145,
    "mp-15776": 61.46757888793945,
    "mp-28873": 3.9507410526275635,
    "mp-1102285": 5.724108695983887,
    "mp-1227567": 70.62069702148438,
    "mp-1220190": 2.9177005290985107,
    "mp-570084": 31.312185287475586,
    "mp-17862": 54.606544494628906,
    "mp-1190717": 0.30951985716819763,
    "mp-1217833": 7.357173919677734,
    "mp-675779": 3.3656210899353027,
    "mp-27594": 29.01449203491211,
    "mp-1218158": 2.761939764022827,
    "mp-28140": 13.481409072875977,
    "mp-766345": 0.5953412652015686,
    "agm002183415": 62.800575256347656,
    "agm003160554": 81.67607116699219,
    "agm002205907": 32.197898864746094,
    "agm002233584": 20.868215560913086,
    "agm003227564": 0.951316773891449,
    "agm002793928": 8.013952255249023,
    "mp-781710": 18.985963821411133,
    "mp-1227011": 38.95649337768555,
    "mp-1216863": 10.73611068725586,
    "agm002135972": 117.36360168457031,
    "agm003234420": 2.3541300296783447,
    "agm002218325": 49.34892654418945,
    "mp-1216132": 4.936457633972168,
    "mp-779863": 4.778524398803711,
    "mp-38103": 0.3198547065258026,
    "mp-29362": 9.49695873260498,
    "mp-1019715": 0.6745657324790955,
    "agm002054632": 25.910432815551758,
    "mp-1204358": 0.17533470690250397,
    "mp-1105300": 22.795278549194336,
    "mp-1228823": 9.459098815917969,
    "mp-15833": 2.914504051208496,
    "mp-1103351": 11.112651824951172,
    "mp-24402": 0.47618916630744934,
    "mp-1095543": 0.1672154664993286,
    "mp-1188121": 0.7557867169380188,
    "mp-625521": 1.4005546569824219,
    "mp-23560": 3.7617173194885254,
    "mp-1227994": 1.2608846426010132,
    "mp-1079609": 1.9745646715164185,
    "mp-1192126": 2.8119137287139893,
    "agm002197344": 9.360594749450684,
    "agm002177947": 48.249725341796875,
    "mp-696347": 0.17368847131729126,
    "mp-1147693": 8.014266014099121,
    "agm002156258": 0.3328593969345093,
    "mp-772748": 0.17322906851768494,
    "mp-1029422": 22.153606414794922,
    "mp-1120718": 9.760281562805176,
    "mp-1227036": 0.12029604613780975,
    "mp-1194520": 0.891243577003479,
    "mp-1218006": 11.799378395080566,
    "mp-1220913": 3.414870500564575,
    "mp-1223822": 0.3851463198661804,
    "mp-1147725": 8.267973899841309,
    "mp-984766": 0.2734048366546631,
    "mp-1210722": 3.169532060623169,
    "agm003263235": 1.285774827003479,
    "agm002215982": 0.5228790044784546,
    "mp-568968": 30.50042152404785,
    "mp-27313": 0.18827034533023834,
    "mp-556024": 0.2699437141418457,
    "mp-28020": 4.4164934158325195,
    "mp-1229086": 2.7563974857330322,
    "mp-772875": 0.7705796957015991,
    "agm002363904": 1.3227428197860718,
    "mp-1223536": 11.249079704284668,
    "mp-1147697": 7.863929271697998,
    "mp-23887": 0.4646393060684204,
    "mp-18609": 29.130104064941406,
    "agm002848041": 0.6920686960220337,
    "agm002133608": 3.981477975845337,
    "agm003268240": 41.75614929199219,
    "mp-1198890": 1.1902484893798828,
    "agm003200486": 0.13926517963409424,
    "mp-1096810": 6.882206916809082,
    "mp-1105127": 51.845497131347656,
    "mp-1216944": 7.630253791809082,
    "mp-555915": 0.8675497174263,
    "mp-776259": 4.762203216552734,
    "agm002133663": 2.508190870285034,
    "agm002790067": 41.65312576293945,
    "agm002162961": 25.388708114624023,
    "mp-767604": 5.538001537322998,
    "agm003445531": 5.31547737121582,
    "agm003206623": 1.9336726665496826,
    "mp-1227366": 7.5198588371276855,
    "agm005543540": 1.6107145547866821,
    "agm2000012572": -0.004116180818527937,
    "agm002205114": 28.627199172973633,
    "agm003046706": 5.504669189453125,
    "agm004786073": 5.2145795822143555,
    "agm003445638": 3.0172150135040283,
    "agm002149208": 0.222884863615036,
    "agm2000022161": 0.044170886278152466,
    "agm2000001840": 3.148026704788208,
    "agm002158429": 4.8151092529296875,
    "agm004751295": 0.3927713632583618,
    "agm005848257": 1.7540439367294312,
    "agm2000081842": 0.3388819992542267,
    "agm004879066": 4.541581630706787,
    "agm001347560": 122.57502746582031,
    "agm2000086862": 0.9445816874504089,
    "agm002102214": 0.7792549729347229,
    "mp-23807": 0.898856520652771,
    "agm004954137": 7.8698625564575195,
    "agm004785400": 11.370383262634277,
    "agm001234439": 4.932034492492676,
    "agm2000011096": 0.1938105970621109,
    "agm2000002067": 0.050521887838840485,
    "agm003716707": 0.5238534808158875,
    "mp-554918": 0.8763970136642456,
    "agm005769896": 123.46414184570312,
    "agm005698720": 6.970773220062256,
    "agm004956590": 0.21581262350082397,
    "agm006124765": 25.674266815185547,
    "mp-1202153": 9.153687477111816,
    "mp-23914": 0.5194424986839294,
    "agm002073747": 0.614554762840271,
    "agm004442672": 3.7328073978424072,
    "agm004929360": 1.7463475465774536,
    "agm003267560": 110.54655456542969,
    "agm002171920": 19.979219436645508,
    "mp-1215297": 13.135010719299316,