{
  "predictions": {
    "mp-983357": 0.10963886231184006,
    "mp-8377": 11.280279159545898,
    "mp-18938": 2.728956699371338,
    "mp-5854": 1.47646164894104,
    "mp-23778": 0.6868646144866943,
    "mp-19219": 1.3328428268432617,
    "mp-9197": 0.48201754689216614,
    "mp-553887": 5.605829238891602,
    "mp-23407": 7.7904253005981445,
    "mp-555150": 0.9507042765617371,
    "mp-6062": 1.1120283603668213,
    "mp-863374": 6.372805595397949,
    "mp-23363": 0.32139405608177185,
    "mp-23321": 0.365853875875473,
    "mp-27755": 0.28320351243019104,
    "mp-3491": 8.695183753967285,
    "mp-540634": 0.97621750831604,
    "mp-557773": 1.2775356769561768,
    "mp-559961": 2.6621146202087402,
    "mp-556966": 0.6789164543151855,
    "mp-7324": 0.43561840057373047,
    "mp-622018": 1.831703782081604,
    "mp-29305": 3.1839418411254883,
    "mp-639714": 5.86892557144165,
    "mp-24118": 0.36740103363990784,
    "mp-555203": 0.7987232208251953,
    "mp-706621": 0.2530677914619446,
    "mp-16792": 1.1886101961135864,
    "mp-639506": 0.1291693150997162,
    "mp-5020": 5.617783069610596,
    "mp-3589": 0.4379374384880066,
    "mp-28264": 0.5163940191268921,
    "mp-570136": 28.453489303588867,
    "mp-862539": 0.4768669009208679,
    "mp-696946": 7.03587532043457,
    "mp-27726": 1.3696364164352417,
    "mp-30530": 3.0364465713500977,
    "mp-626620": 1.41810941696167,
    "mp-2691": 18.952102661132812,
    "mp-21521": 2.313015937805176,
    "mp-4690": 0.7667924761772156,
    "mp-756570": 1.7237441539764404,
    "mp-28918": 5.5948686599731445,
    "mp-754585": 1.5023760795593262,
    "mp-27914": 3.201176404953003,
    "mp-29910": 2.6136231422424316,
    "mp-14367": 0.9275702834129333,
    "mp-557027": 0.3242947459220886,
    "mp-29525": 1.4761152267456055,
    "mp-23866": 1.1846576929092407,
    "mp-29524": 2.305403232574463,
    "mp-559065": 10.533224105834961,
    "mp-551629": 1.0878325700759888,
    "mp-9064": 28.422197341918945,
    "mp-13666": 21.181564331054688,
    "mp-14444": 11.294351577758789,
    "mp-685145": 10.920711517333984,
    "mp-830": 13.586766242980957,
    "mp-31451": 48.882598876953125,
    "mp-30847": 59.597869873046875,
    "mp-36111": 24.522077560424805,
    "mp-1184046": 36.59087371826172,
    "mp-1215430": 32.7882194519043,
    "mp-1017534": 22.245527267456055,
    "mp-1018093": 36.430606842041016,
    "mp-1008556": 3.0565249919891357,
    "mp-4524": 89.05579376220703,
    "mp-10572": 2.0140011310577393,
    "mp-7582": 29.24542236328125,
    "mp-22965": 26.48224449157715,
    "mp-4586": 34.94982147216797,
    "mp-1193269": 0.11437845230102539,
    "mp-1101862": 0.1576850712299347,
    "mp-1097061": 0.49118560552597046,
    "mp-998623": 0.7934374809265137,
    "mp-1028576": 18.450088500976562,
    "mp-672118": 2.5635769367218018,
    "mp-1215418": 65.86112976074219,
    "mp-23173": 13.189966201782227,
    "mp-863755": 8.556750297546387,
    "mp-1221954": 3.5687482357025146,
    "mp-1300570": 0.8978620171546936,
    "mp-1210659": 0.5665551424026489,
    "mp-554560": 0.48153457045555115,
    "mp-15776": 51.9915657043457,
    "mp-28873": 2.5884313583374023,
    "mp-1102285": 4.613465785980225,
    "mp-1227567": 71.31254577636719,
    "mp-1220190": 4.676096439361572,
    "mp-570084": 59.65835952758789,
    "mp-17862": 37.87588119506836,
    "mp-1190717": 0.31788110733032227,
    "mp-1217833": 8.443891525268555,
    "mp-675779": 7.992924690246582,
    "mp-27594": 19.80010223388672,
    "mp-1218158": 4.0322489738464355,
    "mp-28140": 15.596099853515625,
    "mp-766345": 0.8260121941566467,
    "agm002183415": 36.714744567871094,
    "agm003160554": 79.43157958984375,
    "agm002205907": 20.6625919342041,
    "agm002233584": 10.773214340209961,
    "agm003227564": 0.8484060764312744,
    "agm002793928": 9.481648445129395,
    "mp-781710": 17.376708984375,
    "mp-1227011": 43.394676208496094,
    "mp-1216863": 10.862849235534668,
    "agm002135972": 126.89727783203125,
    "agm003234420": 3.852682590484619,
    "agm002218325": 52.84531784057617,
    "mp-1216132": 5.038511276245117,
    "mp-779863": 5.172584056854248,
    "mp-38103": 0.5373230576515198,
    "mp-29362": 5.4667487144470215,
    "mp-1019715": 0.7163693308830261,
    "agm002054632": 22.908849716186523,
    "mp-1204358": 0.3117731511592865,
    "mp-1105300": 30.4881534576416,
    "mp-1228823": 8.979447364807129,
    "mp-15833": 2.90750789642334,
    "mp-1103351": 11.282171249389648,
    "mp-24402": 0.2906225919723511,
    "mp-1095543": 0.17914804816246033,
    "mp-1188121": 0.42331209778785706,
    "mp-625521": 0.8310040831565857,
    "mp-23560": 3.5483150482177734,
    "mp-1227994": 1.2885801792144775,
    "mp-1079609": 1.7056834697723389,
    "mp-1192126": 3.3709442615509033,
    "agm002197344": 10.93971061706543,
    "agm002177947": 42.297672271728516,
    "mp-696347": 0.24666661024093628,
    "mp-1147693": 8.487846374511719,
    "agm002156258": 0.6349661946296692,
    "mp-772748": 0.25694581866264343,
    "mp-1029422": 20.577468872070312,
    "mp-1120718": 7.461392879486084,
    "mp-1227036": 0.1902293711900711,
    "mp-1194520": 2.1489975452423096,
    "mp-1218006": 10.552586555480957,
    "mp-1220913": 5.798870086669922,
    "mp-1223822": 0.5198546051979065,
    "mp-1147725": 9.953635215759277,
    "mp-984766": 0.2075432986021042,
    "mp-1210722": 3.785627841949463,
    "agm003263235": 3.652193069458008,
    "agm002215982": 0.6190541386604309,
    "mp-568968": 34.25569152832031,
    "mp-27313": 0.4561757743358612,
    "mp-556024": 0.27457112073898315,
    "mp-28020": 5.619138717651367,
    "mp-1229086": 2.642179250717163,
    "mp-772875": 2.7500574588775635,
    "agm002363904": 1.4460976123809814,
    "mp-1223536": 15.540575981140137,
    "mp-1147697": 7.77273416519165,
    "mp-23887": 0.36480653285980225,
    "mp-18609": 41.88755798339844,
    "agm002848041": 0.6634390950202942,
    "agm002133608": 5.989309787750244,
    "agm003268240": 105.53832244873047,
    "mp-1198890": 2.9687705039978027,
    "agm003200486": -0.004966000095009804,
    "mp-1096810": 7.387431621551514,
    "mp-1105127": 44.768123626708984,
    "mp-1216944": 13.58122444152832,
    "mp-555915": 1.3649892807006836,
    "mp-776259": 5.241862773895264,
    "agm002133663": 2.367871046066284,
    "agm002790067": 45.87443923950195,
    "agm002162961": 15.924762725830078,
    "mp-767604": 14.664512634277344,
    "agm003445531": 4.481695652008057,
    "agm003206623": 1.443543553352356,
    "mp-1227366": 9.00158405303955,
    "agm005543540": 1.905173659324646,
    "agm2000012572": 0.032574284821748734,
    "agm002205114": 48.733489990234375,
    "agm003046706": 5.852611064910889,
    "agm004786073": 4.2316179275512695,
    "agm003445638": 3.4915549755096436,
    "agm002149208": 0.41289451718330383,
    "agm2000022161": 0.024801049381494522,
    "agm2000001840": 2.166492462158203,
    "agm002158429": 3.022045373916626,
    "agm004751295": 0.34839534759521484,
    "agm005848257": 1.8211103677749634,
    "agm2000081842": 0.1721915453672409,
    "agm004879066": 1.6124467849731445,
    "agm001347560": 112.01844787597656,
    "agm2000086862": 0.8613225817680359,
    "agm002102214": 0.5972253680229187,
    "mp-23807": 0.894645094871521,
    "agm004954137": 9.115462303161621,
    "agm004785400": 11.939336776733398,
    "agm001234439": 3.710691213607788,
    "agm2000011096": 0.2976625859737396,
    "agm2000002067": 0.10320466011762619,
    "agm003716707": 0.4388045370578766,
    "mp-554918": 0.7707969546318054,
    "agm005769896": 55.62138748168945,
    "agm005698720": 5.282773017883301,
    "agm004956590": 0.2411319762468338,
    "agm006124765": 21.752578735351562,
    "mp-1202153": 14.691201210021973,
    "mp-23914": 0.3997778594493866,
    "agm002073747": 0.6085975766181946,
    "agm004442672": 5.5065107345581055,
    "agm004929360": 1.6821125745773315,
    "agm003267560": 62.205631256103516,
    "agm002171920": 17.57447052001953,
    "mp-1215297": 11.464140892028809,
    "agm2000005425": -0.016816938295960426,