{
  "predictions": {
    "mp-983357": 0.9797072410583496,
    "mp-8377": 18.827869415283203,
    "mp-18938": 1.458433747291565,
    "mp-5854": 0.6558170318603516,
    "mp-23778": 0.6607657074928284,
    "mp-19219": 1.0244790315628052,
    "mp-9197": 0.6582040190696716,
    "mp-553887": 4.752096176147461,
    "mp-23407": 9.664238929748535,
    "mp-555150": 0.9625911116600037,
    "mp-6062": 0.6757432222366333,
    "mp-863374": 6.647352695465088,
    "mp-23363": 0.619321882724762,
    "mp-23321": 0.6554940342903137,
    "mp-27755": 0.6531335711479187,
    "mp-3491": 3.575223684310913,
    "mp-540634": 0.6792478561401367,
    "mp-557773": 0.7236233949661255,
    "mp-559961": 0.6954789757728577,
    "mp-556966": 0.6830823421478271,
    "mp-7324": 1.2225921154022217,
    "mp-622018": 3.0696139335632324,
    "mp-29305": 1.6114102602005005,
    "mp-639714": 3.778224468231201,
    "mp-24118": 0.6556339263916016,
    "mp-555203": 0.8488845825195312,
    "mp-706621": 0.6556339263916016,
    "mp-16792": 0.6557509303092957,
    "mp-639506": 0.6556339859962463,
    "mp-5020": 13.947863578796387,
    "mp-3589": 4.006370544433594,
    "mp-28264": 0.6646994948387146,
    "mp-570136": 10.943568229675293,
    "mp-862539": 0.6567472219467163,
    "mp-696946": 0.6424844264984131,
    "mp-27726": 0.6819679141044617,
    "mp-30530": 1.0933363437652588,
    "mp-626620": 1.1777169704437256,
    "mp-2691": 18.622774124145508,
    "mp-21521": 11.46895980834961,
    "mp-4690": 2.866604804992676,
    "mp-756570": 3.5718700885772705,
    "mp-28918": 4.294191360473633,
    "mp-754585": 8.473710060119629,
    "mp-27914": 2.2963993549346924,
    "mp-29910": 0.6489946246147156,
    "mp-14367": 9.079140663146973,
    "mp-557027": 0.6556345224380493,
    "mp-29525": 2.743375062942505,
    "mp-23866": 0.9516139030456543,
    "mp-29524": 2.2772328853607178,
    "mp-559065": 14.685941696166992,
    "mp-551629": 1.1308619976043701,
    "mp-9064": 31.00213623046875,
    "mp-13666": 11.712065696716309,
    "mp-14444": 15.378761291503906,
    "mp-685145": 7.417520046234131,
    "mp-830": 14.197225570678711,
    "mp-31451": 41.99707794189453,
    "mp-30847": 21.447063446044922,
    "mp-36111": 68.73499298095703,
    "mp-1184046": 25.485448837280273,
    "mp-1215430": 19.626543045043945,
    "mp-1017534": 45.89659118652344,
    "mp-1018093": 19.115814208984375,
    "mp-1008556": 7.732273578643799,
    "mp-4524": 57.109283447265625,
    "mp-10572": 3.2515439987182617,
    "mp-7582": 61.060089111328125,
    "mp-22965": 77.33649444580078,
    "mp-4586": 43.119483947753906,
    "mp-1193269": 0.6556333899497986,
    "mp-1101862": 0.6556485891342163,
    "mp-1097061": 2.659571886062622,
    "mp-998623": 1.5550141334533691,
    "mp-1028576": 25.595993041992188,
    "mp-672118": 1.8238798379898071,
    "mp-1215418": 71.90379333496094,
    "mp-23173": 12.400025367736816,
    "mp-863755": 1.3787691593170166,
    "mp-1221954": 5.16729211807251,
    "mp-1300570": 0.6716357469558716,
    "mp-1210659": 0.6556339263916016,
    "mp-554560": 0.9479169845581055,
    "mp-15776": 83.9210205078125,
    "mp-28873": 4.849586486816406,
    "mp-1102285": 7.118849277496338,
    "mp-1227567": 84.4390640258789,
    "mp-1220190": 0.6057696342468262,
    "mp-570084": 41.373939514160156,
    "mp-17862": 25.863807678222656,
    "mp-1190717": 0.6556354761123657,
    "mp-1217833": 4.075804233551025,
    "mp-675779": 1.0514003038406372,
    "mp-27594": 85.65916442871094,
    "mp-1218158": 3.735485792160034,
    "mp-28140": 25.001693725585938,
    "mp-766345": 0.651502251625061,
    "agm002183415": 26.566776275634766,
    "agm003160554": 81.58599853515625,
    "agm002205907": 39.25224304199219,
    "agm002233584": 20.47092628479004,
    "agm003227564": 4.886728763580322,
    "agm002793928": 21.512575149536133,
    "mp-781710": 9.98814582824707,
    "mp-1227011": 22.193761825561523,
    "mp-1216863": 13.575034141540527,
    "agm002135972": 62.098480224609375,
    "agm003234420": 10.062034606933594,
    "agm002218325": 80.6673812866211,
    "mp-1216132": 7.680459499359131,
    "mp-779863": 3.5891146659851074,
    "mp-38103": 1.2845985889434814,
    "mp-29362": 0.6036707162857056,
    "mp-1019715": 0.6556339263916016,
    "agm002054632": 20.124099731445312,
    "mp-1204358": 0.6556339263916016,
    "mp-1105300": 22.456214904785156,
    "mp-1228823": 23.581666946411133,
    "mp-15833": 0.793452262878418,
    "mp-1103351": 12.15087890625,
    "mp-24402": 0.67313152551651,
    "mp-1095543": 0.6562382578849792,
    "mp-1188121": 0.6556468605995178,
    "mp-625521": 0.7089749574661255,
    "mp-23560": 0.6609842777252197,
    "mp-1227994": 0.7434545159339905,
    "mp-1079609": 0.7406020164489746,
    "mp-1192126": 2.3187990188598633,
    "agm002197344": 10.08371353149414,
    "agm002177947": 49.60041046142578,
    "mp-696347": 0.6562376618385315,
    "mp-1147693": 7.377816200256348,
    "agm002156258": 0.6505367755889893,
    "mp-772748": 0.6519242525100708,
    "mp-1029422": 14.065295219421387,
    "mp-1120718": 14.767388343811035,
    "mp-1227036": 0.6556339263916016,
    "mp-1194520": 0.9456887245178223,
    "mp-1218006": 22.549116134643555,
    "mp-1220913": 9.118021011352539,
    "mp-1223822": 0.6812103390693665,
    "mp-1147725": 7.207911968231201,
    "mp-984766": 0.6556342840194702,
    "mp-1210722": 2.943264961242676,
    "agm003263235": 1.5944600105285645,
    "agm002215982": 0.7377455234527588,
    "mp-568968": 37.694374084472656,
    "mp-27313": 0.6556339263916016,
    "mp-556024": 0.6317054629325867,
    "mp-28020": 0.6548911333084106,
    "mp-1229086": 0.6563776731491089,
    "mp-772875": 0.6571671962738037,
    "agm002363904": 0.6057710647583008,
    "mp-1223536": 17.54534149169922,
    "mp-1147697": 7.116572380065918,
    "mp-23887": 0.6556410789489746,
    "mp-18609": 10.25095272064209,
    "agm002848041": 37.727760314941406,
    "agm002133608": 20.115819931030273,
    "agm003268240": 96.07229614257812,
    "mp-1198890": 0.6577827334403992,
    "agm003200486": 3.162078857421875,
    "mp-1096810": 11.644488334655762,
    "mp-1105127": 46.40864562988281,
    "mp-1216944": 5.827364444732666,
    "mp-555915": 12.750150680541992,
    "mp-776259": 2.6173877716064453,
    "agm002133663": 21.6479434967041,
    "agm002790067": 32.717498779296875,
    "agm002162961": 24.42124366760254,
    "mp-767604": 19.41672706604004,
    "agm003445531": 1.4177212715148926,
    "agm003206623": 0.7395075559616089,
    "mp-1227366": 11.359933853149414,
    "agm005543540": 2.6294593811035156,
    "agm2000012572": 0.6556351184844971,
    "agm002205114": 99.78168487548828,
    "agm003046706": 21.2518367767334,
    "agm004786073": 7.7031402587890625,
    "agm003445638": 0.9383223652839661,
    "agm002149208": 0.6951109170913696,
    "agm2000022161": 0.6556349992752075,
    "agm2000001840": 0.6930822134017944,
    "agm002158429": 0.7092738747596741,
    "agm004751295": 0.661476194858551,
    "agm005848257": 0.717949390411377,
    "agm2000081842": 0.9778786897659302,
    "agm004879066": 0.9488142132759094,
    "agm001347560": 141.73780822753906,
    "agm2000086862": 1.8436119556427002,
    "agm002102214": 1.3988337516784668,
    "mp-23807": 0.8512464761734009,
    "agm004954137": 11.262908935546875,
    "agm004785400": 12.718958854675293,
    "agm001234439": 0.6534445881843567,
    "agm2000011096": 2.451822280883789,
    "agm2000002067": 0.714529275894165,
    "agm003716707": 0.6672682166099548,
    "mp-554918": 0.6572364568710327,
    "agm005769896": 113.87240600585938,
    "agm005698720": 2.5582945346832275,
    "agm004956590": 0.6577169895172119,
    "agm006124765": 30.482707977294922,
    "mp-1202153": 8.181375503540039,
    "mp-23914": 0.7437179088592529,
    "agm002073747": 0.7085025906562805,
    "agm004442672": 6.878410816192627,
    "agm004929360": 0.67562335729599,
    "agm003267560": 77.41345977783203,
    "agm002171920": 15.451619148254395,
    "mp-1215297": 10.507688522338867,
    "agm2000005425": 0.6604302525520325,