{
  "predictions": {
    "mp-552663": 1.567,
    "mp-753401": 3.5,
    "mp-23363": 0.045,
    "mp-559961": 5.3,
    "mp-17066": 0.45,
    "mp-29155": 1.5,
    "mp-542931": 5.2,
    "mp-27316": 0.045,
    "mp-6126": 4.573,
    "mp-997027": 2.8,
    "mp-21521": 0.052,
    "mp-8673": 0.028,
    "mp-23280": 0.03858,
    "mp-561664": 0.038,
    "mp-23794": 0.03,
    "mp-756570": 0.048,
    "mp-27987": 0.05,
    "mp-550959": 0.09,
    "mp-556719": 0.259,
    "mp-27914": 0.05,
    "mp-29524": 0.045,
    "mp-504908": 2.5,
    "mp-559065": 0.015,
    "mp-769218": 0.048,
    "mp-570213": 0.05,
    "mp-1023936": 0.045,
    "mp-560588": 5.0,
    "mp-1222661": 0.035,
    "mp-1227993": 9.25,
    "mp-567246": 0.05,
    "mp-1184796": 0.05,
    "mp-1217830": 5.11,
    "mp-774907": 5.678,
    "mp-672158": 4.25,
    "mp-1228522": 9.15,
    "mp-504910": 0.04959,
    "mp-568802": 34.782,
    "mp-1222565": 0.038,
    "mp-33723": 0.040795,
    "mp-1227512": 4.723,
    "mp-1189731": 4.5,
    "mp-28089": 1.5,
    "mp-36779": 0.0,
    "mp-560521": 0.035272,
    "mp-571195": 55.0,
    "mp-1208039": 0.05,
    "mp-1224376": 0.045,
    "mp-1219501": 0.5,
    "mp-1218158": 3.465,
    "mp-17207": 12.5,
    "agm003202330": 0.035,
    "agm002254137": 0.039,
    "agm002186848": 0.045,
    "agm002224787": 12.644649,
    "agm002153716": 0.035,
    "mp-1195571": 0.05,
    "mp-998230": 0.842713,
    "mp-1223489": 0.035272,
    "mp-1029932": 8.5,
    "mp-28473": 0.03858,
    "mp-1228745": 2.5,
    "mp-1029652": 0.05,
    "mp-985293": 0.24,
    "mp-1019889": 2.5,
    "mp-1227994": 0.086,
    "agm002156258": 0.25,
    "mp-559373": 0.045,
    "mp-1215615": 0.03858,
    "mp-1219293": 0.5,
    "mp-560699": 4.2,
    "agm002156599": 0.763521,
    "mp-1078049": 15.0,
    "mp-554002": 0.035272,
    "mp-1226863": 0.03,
    "agm002848041": 0.042,
    "agm002336867": 0.25,
    "mp-1222496": 0.035,
    "agm003160584": 0.5,
    "mp-568328": 0.5,
    "agm002137965": 1.2,
    "agm002074655": 0.03858,
    "agm2000085596": 0.04,
    "agm005539186": 27.560002,
    "agm002073755": 0.02,
    "agm002149208": 0.045,
    "agm002225219": 0.05,
    "agm003713453": 0.035272,
    "agm1000019508": 0.042,
    "agm2000011039": 0.025,
    "agm005769288": 0.05,
    "agm005112928": 0.03858,
    "agm001266143": 0.04,
    "agm005955873": 1.732,
    "agm002077911": 5.215,
    "agm002097562": 0.03,
    "agm2000016398": 0.02,
    "agm2000145156": 0.045,
    "agm002056302": 0.052,
    "agm002190330": 5.478,
    "mp-685097": 0.015,
    "agm003464867": 0.035272,
    "agm003204906": 0.04,
    "agm002072309": 0.0,
    "agm003612680": 0.02,
    "agm002128787": 0.010081,
    "agm2000128632": 0.010081,
    "agm005882580": 0.046,
    "agm003743952": 0.015,
    "mp-1029408": 40.0,
    "agm2000084944": 1.2,
    "mp-998591": 0.052,
    "agm004958126": 0.05,
    "agm002233061": 4.256,
    "agm005605704": 4.5,
    "mp-1220818": 0.62,
    "mp-761842": 3.5,
    "mp-14568": 1.134025,
    "agm004947354": 0.038,
    "agm006056059": 0.05,
    "mp-32959": 0.036,
    "agm002091778": 0.010081,
    "agm004951594": 3.75,
    "agm002079795": 0.04,
    "agm002018585": 2.5,
    "agm004786105": 60.0
  },
  "metrics": {
    "mae": 11.884897761029901,
    "rmse": 28.56283599583895
  },
  "meta": {
    "system_prompt": "\nGiven a description of a crystal structure (composition), predict its second-harmonic generation (SHG) coefficient in the Kurtz-Perry form in pm/V.\nAll the structures you see will be non-centrosymmetric.\nIn our dataset, the SHG coefficients are computed with DFPT at the PBE level.\n\nMost structures exhibit low SHG coefficients (below 10 pm/V), with exemplary materials ranging up to 170 pm/V.\nSimply respond with the value which will be read as a raw float, do not provide any explanation.\n\nBad examples include: \n\n          formula_reduced  spg_symbol  dKP_full_neum  src_bandgap\nmp-12843            YCuS2  P2_12_12_1       0.010081       1.7907\nmp-28270             KCuS      Pna2_1       0.038218       1.8294\nmp-3288             CsNO2      P3_121       0.038580       2.3904\nmp-24509      CdH4(BrO4)2  P2_12_12_1       0.035272       3.9705\nmp-29525          Rb3BiO3       P2_13       0.049590       3.1881\n...                   ...         ...            ...          ...\nmp-556717     Tl3Ga9S13O2         P-6       6.955610       2.2101\nmp-1070              CdSe      P6_3mc      27.560002       0.5589\nmp-15573          Tl3AsO4        P6_3       6.129718       2.5882\nmp-1479                BP       F-43m      10.913515       1.4662\nmp-23329           Bi2WO6        Aea2       8.216653       1.9543\n\n[200 rows x 4 columns]\n\nGood examples include: \n\n           formula_reduced  spg_symbol  dKP_full_neum  src_bandgap\nmp-556378         BiSeClO3  P2_12_12_1       2.289401       3.5892\nmp-14175            K3NbO8       I-42m       3.136033       2.6518\nmp-546757         Sn3PO4F3          R3       2.126590       3.9144\nmp-556489          Ta2SnO6          Cc       3.517198       2.3734\nmp-1195270          Sr2P7I       P2_13       3.997445       2.1058\n...                    ...         ...            ...          ...\nmp-5048            LiGaTe2       I-42d      71.614518       1.5885\nmp-406                CdTe       F-43m      94.846271       1.2285\nmp-4666             CdSiP2       I-42d      89.663214       1.4257\nmp-1340             Ga2Se3          Cc      78.998838       1.6844\nmp-622018    BAs5(Pb3O10)2         P-4      77.720643       3.1525\n\n[200 rows x 4 columns]",
    "subset": 200
  }
}