{
  "predictions": {
    "mp-552663": 3.0,
    "mp-753401": 1.5,
    "mp-23363": 0.035,
    "mp-559961": 0.03,
    "mp-17066": 0.03,
    "mp-29155": 0.035272,
    "mp-542931": 29.056822,
    "mp-27316": 0.049,
    "mp-6126": 7.0,
    "mp-997027": 0.034,
    "mp-21521": 0.05,
    "mp-8673": 5.739,
    "mp-23280": 1.0,
    "mp-561664": 0.05,
    "mp-23794": 3.5,
    "mp-756570": 3.517198,
    "mp-27987": 0.045,
    "mp-550959": 0.5,
    "mp-556719": 0.15,
    "mp-27914": 0.045,
    "mp-29524": 0.035,
    "mp-504908": 6.532,
    "mp-559065": 2.5,
    "mp-769218": 5.2,
    "mp-570213": 0.312,
    "mp-1023936": 7.5,
    "mp-560588": 0.173,
    "mp-1222661": 0.042,
    "mp-1227993": 5.2,
    "mp-567246": 0.0,
    "mp-1184796": 0.1,
    "mp-1217830": 0.054,
    "mp-774907": 3.5,
    "mp-672158": 0.5,
    "mp-1228522": 0.425,
    "mp-504910": 1.5,
    "mp-568802": 0.036,
    "mp-1222565": 4.231,
    "mp-33723": 0.45,
    "mp-1227512": 0.715,
    "mp-1189731": 0.038,
    "mp-28089": 2.21,
    "mp-36779": 0.1,
    "mp-560521": 0.012,
    "mp-571195": 9.5,
    "mp-1208039": 0.035,
    "mp-1224376": 0.5,
    "mp-1219501": 5.0,
    "mp-1218158": 0.038,
    "mp-17207": 12.5,
    "agm003202330": 0.015,
    "agm002254137": 0.05,
    "agm002186848": 0.035,
    "agm002224787": 3.5,
    "agm002153716": 0.15,
    "mp-1195571": 3.5,
    "mp-998230": 1.5,
    "mp-1223489": 0.532,
    "mp-1029932": 4.523,
    "mp-28473": 4.501,
    "mp-1228745": 0.055,
    "mp-1029652": 1.0,
    "mp-985293": 0.042,
    "mp-1019889": 3.57,
    "mp-1227994": 2.0,
    "agm002156258": 0.043,
    "mp-559373": 0.45,
    "mp-1215615": 78.0,
    "mp-1219293": 0.01,
    "mp-560699": 0.95,
    "agm002156599": 0.038,
    "mp-1078049": 0.038,
    "mp-554002": 0.5,
    "mp-1226863": 1.5,
    "agm002848041": 0.5,
    "agm002336867": 0.5,
    "mp-1222496": 5.134,
    "agm003160584": 0.5,
    "mp-568328": 0.05,
    "agm002137965": 2.5,
    "agm002074655": 0.1,
    "agm2000085596": 0.05,
    "agm005539186": 8.5,
    "agm002073755": 0.1,
    "agm002149208": 4.2,
    "agm002225219": 13.2,
    "agm003713453": 1.254746,
    "agm1000019508": 0.1,
    "agm2000011039": 1.2,
    "agm005769288": 0.05,
    "agm005112928": 2.5,
    "agm001266143": 0.412,
    "agm005955873": 0.035,
    "agm002077911": 0.025,
    "agm002097562": 0.04,
    "agm2000016398": 0.01,
    "agm2000145156": 0.05,
    "agm002056302": 0.05,
    "agm002190330": 0.045,
    "mp-685097": 0.8,
    "agm003464867": 3.1,
    "agm003204906": 7.32,
    "agm002072309": 0.03,
    "agm003612680": 5.5,
    "agm002128787": 0.0,
    "agm2000128632": 0.00018,
    "agm005882580": 0.05,
    "agm003743952": 0.932,
    "mp-1029408": 0.04,
    "agm2000084944": 0.003,
    "mp-998591": 0.012,
    "agm004958126": 0.5,
    "agm002233061": 5.312,
    "agm005605704": 0.06,
    "mp-1220818": 1.5,
    "mp-761842": 0.25,
    "mp-14568": 16.0,
    "agm004947354": 0.05,
    "agm006056059": 0.52,
    "mp-32959": 0.05,
    "agm002091778": 5.912,
    "agm004951594": 3.5,
    "agm002079795": 0.85,
    "agm002018585": 1.5,
    "agm004786105": 5.5
  },
  "metrics": {
    "mae": 13.271021929305332,
    "rmse": 30.35381394105857
  },
  "meta": {
    "system_prompt": "\nGiven a description of a crystal structure (composition spacegroup), predict its second-harmonic generation (SHG) coefficient in the Kurtz-Perry form in pm/V.\nAll the structures you see will be non-centrosymmetric.\nIn our dataset, the SHG coefficients are computed with DFPT at the PBE level.\n\nMost structures exhibit low SHG coefficients (below 10 pm/V), with exemplary materials ranging up to 170 pm/V.\nSimply respond with the value which will be read as a raw float, do not provide any explanation.\n\nBad examples include: \n\n          formula_reduced  spg_symbol  dKP_full_neum  src_bandgap\nmp-12843            YCuS2  P2_12_12_1       0.010081       1.7907\nmp-28270             KCuS      Pna2_1       0.038218       1.8294\nmp-3288             CsNO2      P3_121       0.038580       2.3904\nmp-24509      CdH4(BrO4)2  P2_12_12_1       0.035272       3.9705\nmp-29525          Rb3BiO3       P2_13       0.049590       3.1881\n...                   ...         ...            ...          ...\nmp-556717     Tl3Ga9S13O2         P-6       6.955610       2.2101\nmp-1070              CdSe      P6_3mc      27.560002       0.5589\nmp-15573          Tl3AsO4        P6_3       6.129718       2.5882\nmp-1479                BP       F-43m      10.913515       1.4662\nmp-23329           Bi2WO6        Aea2       8.216653       1.9543\n\n[200 rows x 4 columns]\n\nGood examples include: \n\n           formula_reduced  spg_symbol  dKP_full_neum  src_bandgap\nmp-556378         BiSeClO3  P2_12_12_1       2.289401       3.5892\nmp-14175            K3NbO8       I-42m       3.136033       2.6518\nmp-546757         Sn3PO4F3          R3       2.126590       3.9144\nmp-556489          Ta2SnO6          Cc       3.517198       2.3734\nmp-1195270          Sr2P7I       P2_13       3.997445       2.1058\n...                    ...         ...            ...          ...\nmp-5048            LiGaTe2       I-42d      71.614518       1.5885\nmp-406                CdTe       F-43m      94.846271       1.2285\nmp-4666             CdSiP2       I-42d      89.663214       1.4257\nmp-1340             Ga2Se3          Cc      78.998838       1.6844\nmp-622018    BAs5(Pb3O10)2         P-4      77.720643       3.1525\n\n[200 rows x 4 columns]",
    "subset": 200
  }
}