{
  "predictions": {
    "mp-21892": 1.8463652134,
    "mp-8070": 0.1469223648,
    "mp-558491": 0.9363300800000001,
    "mp-632684": 0.7021687031,
    "mp-23329": 7.1016230583,
    "mp-555150": 0.9940283298,
    "mp-6564": 0.0943586901,
    "mp-18578": 3.7503483295,
    "mp-760755": 0.3467094898,
    "mp-28456": 17.0408248901,
    "mp-4779": 0.3977205753,
    "mp-6268": 2.9029238224,
    "mp-706621": -0.028594723000000002,
    "mp-559057": 3.5594685078,
    "mp-24468": 0.5121996403,
    "mp-1778": 1.3702986240000001,
    "mp-2176": 110.6385192871,
    "mp-22909": 1.50065732,
    "mp-4187": 5.035469532,
    "mp-10341": 0.5664942265,
    "mp-9844": 0.9205133915,
    "mp-5784": 0.23548151550000002,
    "mp-20694": 1.239480257,
    "mp-9066": 0.2957804203,
    "mp-6126": 2.3386385441,
    "mp-632229": 1.3396704197,
    "mp-12177": 4.3114895821,
    "mp-21521": 1.4184381962,
    "mp-1287": 0.5761883259,
    "mp-756044": 1.1817209721,
    "mp-754712": 0.6782867908,
    "mp-4812": 1.3415482044,
    "mp-18168": 1.7288944721,
    "mp-23866": 0.7809898853,
    "mp-558085": 1.4430363178,
    "mp-230": 0.704315424,
    "mp-505702": 2.8465225697000003,
    "mp-559065": 5.462454319,
    "mp-559545": 8.1644954681,
    "mp-549720": 9.4900627136,
    "mp-561385": 1.7943241596,
    "mp-13666": 18.9646148682,
    "mp-14444": 12.5148572922,
    "mp-1550": 9.1545171738,
    "mp-2469": 13.9289903641,
    "mp-31451": 65.699836731,
    "mp-1023924": 2.519061327,
    "mp-1100395": 0.3663294315,
    "mp-961682": 38.0058097839,
    "mp-38011": 1.8096544743,
    "mp-30847": 20.8659152985,
    "mp-8884": 101.5704193115,
    "mp-1017534": 45.1664581299,
    "mp-6980": 7.3440127373,
    "mp-560588": 20.6162204742,
    "mp-4524": 53.9473381042,
    "mp-4514": 13.1930055618,
    "mp-11714": 7.0800237656,
    "mp-1180133": 3.8247168064,
    "mp-675161": 0.4757282734,
    "mp-983327": 0.5672781467,
    "mp-1225884": 0.2573359013,
    "mp-1219554": 4.8403458595,
    "mp-1196457": 0.3762180805,
    "mp-560894": 0.4388830662,
    "mp-1196282": 0.050854932500000005,
    "mp-1222122": 15.6585321426,
    "mp-1219328": 3.4522907734,
    "mp-1227014": 44.5062789917,
    "mp-1222205": 6.7706012726,
    "mp-1227124": 23.3557548523,
    "mp-1102285": 5.4208846092,
    "mp-1227389": 2.2574675083,
    "mp-1180688": 3.6994087695999998,
    "mp-1399519": 2.280698061,
    "mp-1227110": 0.1889774948,
    "mp-1079676": 1.2614614964,
    "mp-24705": 1.1063444614,
    "mp-1516294": 6.122531414,
    "mp-1228342": 1.3066513538,
    "mp-17862": 25.9771347046,
    "mp-504952": 41.312587738,
    "mp-1222589": 0.2788088322,
    "mp-1223849": 0.8172380924,
    "mp-6524": 1.0397932529,
    "mp-1208039": 1.4646990299,
    "mp-625175": 1.3660461903,
    "mp-1219000": 71.8697967529,
    "mp-532424": 0.3547890186,
    "mp-1218099": 3.1204807758,
    "agm002306806": 22.5975608826,
    "agm003160552": 58.2114257812,
    "agm003202328": 24.2305679321,
    "agm002353946": 8.2636098862,
    "agm002278924": 68.7845458984,
    "agm002381637": 113.805015564,
    "agm003225028": 8.4192533493,
    "agm003202410": 12.1078577042,
    "agm003230659": 1.3442938328,
    "agm003128264": 2.8380520344,
    "mp-781710": 11.3442001343,
    "mp-1227011": 16.5724220276,
    "mp-1216118": 8.9219417572,
    "agm002166075": 13.8596372604,
    "agm002135972": 92.7917938232,
    "mp-3267": 9.4048681259,
    "agm002224865": 2.167375803,
    "agm002347507": 4.1113781929,
    "agm003157565": 0.28512024880000003,
    "mp-1216100": 0.8879358768000001,
    "mp-1195571": 0.2494757324,
    "mp-780232": 4.1683783531,
    "agm002018869": 94.4863815308,
    "agm002140778": 1.7613813877000002,
    "agm002041336": 39.9100265503,
    "agm003219193": 0.1721508652,
    "mp-1228160": 0.4709503651,
    "mp-1223489": 0.2575342655,
    "mp-1221169": 4.4452757835,
    "mp-4431": 23.1209468842,
    "mp-8393": 48.7887191772,
    "mp-1105300": 25.7363262177,
    "mp-36066": 2.6039040089,
    "mp-1103351": 9.866312027,
    "mp-1103228": 21.2695407867,
    "mp-1029368": 9.4276885986,
    "mp-1217825": 11.8089694977,
    "mp-1029633": 13.5002212524,
    "agm002147818": 0.2838451862,
    "agm003248171": 0.3206150532,
    "mp-1223526": 0.5525619984,
    "agm002153139": 1.5265085697,
    "mp-239": 6.0919346809,
    "agm002137320": 2.8193027972999998,
    "mp-1079609": 3.1081316471,
    "mp-558219": 3.6968510151,
    "mp-555202": 0.4102089405,
    "mp-1216976": 11.4144020081,
    "mp-626172": -0.0087830918,
    "agm002156258": 0.2987568378,
    "mp-772748": 0.35398411750000003,
    "agm002237467": 10.9666128159,
    "mp-1223389": 20.6343727112,
    "agm002155430": 36.138961792,
    "mp-9427": 0.5572836399000001,
    "mp-1225916": 0.5533497334,
    "agm003237859": 0.40890812870000004,
    "agm002156600": 1.5083630085,
    "mp-1221971": 7.4585604668,
    "mp-1220913": 2.1948158741,
    "agm002237807": 76.9448318481,
    "mp-1221578": 1.6900980473,
    "mp-1191266": 9.6630907059,
    "mp-1205304": 7.2701535225,
    "mp-1218334": 34.4829597473,
    "agm002215982": 0.7333004475,
    "mp-559752": 0.6234295368,
    "mp-1215642": 3.8590624332,
    "agm002813663": 2.8374063969,
    "mp-1247873": 19.7987918854,
    "mp-1194479": 1.0748312473,
    "mp-558521": 2.4294950962,
    "agm003213121": 2.6124031544,
    "agm002286033": 12.3050003052,
    "agm002297812": 1.7449638844000002,
    "mp-1147697": 7.5347590446,
    "mp-29157": 16.5074501038,
    "mp-558277": 9.8631277084,
    "agm003200486": 0.0409548394,
    "agm002157245": 8.4197263718,
    "mp-1370": 5.9054865837,
    "mp-555915": 3.499822855,
    "mp-776226": 1.863888979,
    "agm002138671": 3.2651770115,
    "agm002790067": 32.8004341125,
    "agm002163280": 2.763283968,
    "mp-532444": 0.4030172825,
    "agm002177957": 20.8393096924,
    "agm006045098": 1.1585667133,
    "agm002205114": 70.0666503906,
    "agm2000005406": -0.2670819759,
    "agm002184995": 111.2642745972,
    "agm003235252": 0.2266180664,
    "agm002178912": 22.9699115753,
    "agm002115629": 3.2419025898,
    "agm003206267": 20.2733974457,
    "agm004739450": 87.5037612915,
    "agm003705731": 5.4899907112,
    "agm005112928": 2.1356756687,
    "agm005722808": 0.9930155277,
    "agm2000126920": 0.5246679783,
    "agm2000137141": 6.9513034821,
    "agm005848675": 22.855928421,
    "mp-2802611": 1.2744343281,
    "agm002158085": 13.4661540985,
    "agm005545163": 1.0217630863,
    "agm005056300": 7.3330111504,
    "agm004786326": 9.0205698013,
    "agm003048447": 14.147649765,
    "agm002102212": 0.5246565342,
    "agm001234439": 4.8423523903,
    "agm002056302": 1.9644281864000002,
    "agm002137665": 0.2466995865,
    "agm003555711": 0.5145847797,
    "mp-554918": 0.8263208866,
    "mp-570756": 1.0088379383,
    "agm001375463": 31.3170585632,
    "agm005208831": 37.5611190796,
    "mp-4452": 24.087934494,
    "agm005882616": 0.5089361668,
    "agm2000001907": 0.8649275303,
    "agm005721583": 7.8313393593,
    "agm001281942": 1.4057953358,
    "agm003267560": 7.6841268539000005,
    "agm004773887": 6.1645674706,
    "agm004852816": 1.5296795368,
    "agm006020719": 0.2473938614,
    "agm004957157": 0.1008160189,
    "agm003112540": 69.3004302979,
    "agm002293392": 29.2129421234,
    "agm005785567": 12.0701551437,
    "agm004948831": 9.2368307114,
    "agm004787350": 1.8636209965,
    "agm005954902": 39.9996070862,
    "agm005199361": 18.2287635803,
    "agm2000035672": 0.2552912235,
    "agm002032016": 5.2052159309,
    "agm005180377": 1.7156641483000001,
    "agm002176403": 2.7880804539,
    "agm002182720": 29.844909668,
    "agm002161194": 10.0853147507,
    "agm2000136656": 3.4273502827,
    "agm005882580": 2.7918388844,
    "agm002074653": 1.601552248,
    "agm003561427": 14.1573467255,
    "mp-1208179": 0.5096971989,
    "agm002078874": 0.7200109959000001,
    "agm004949939": 4.8407454491,
    "agm002017294": 78.056930542,
    "mp-556157": 2.3454372883,
    "mp-2720358": 0.30715394020000003,
    "agm002041315": 37.3834533691,