{
  "predictions": {
    "mp-21892": 0.933968722820282,
    "mp-8070": 1.0171527862548828,
    "mp-558491": 3.4976625442504883,
    "mp-632684": 0.22079309821128845,
    "mp-23329": 5.913288116455078,
    "mp-555150": 0.8220457434654236,
    "mp-760755": 1.8616797924041748,
    "mp-6268": 0.007436543703079224,
    "mp-559057": 1.3983283042907715,
    "mp-1778": 4.510093688964844,
    "mp-2176": 58.65288162231445,
    "mp-22909": 1.272958517074585,
    "mp-9844": 0.6252052783966064,
    "mp-9066": 1.038330316543579,
    "mp-6126": 3.7624294757843018,
    "mp-632229": 1.7561068534851074,
    "mp-21521": 3.61807918548584,
    "mp-1287": 3.469980001449585,
    "mp-756044": 0.8006774187088013,
    "mp-754712": 0.8443886041641235,
    "mp-18168": 0.8624085783958435,
    "mp-505702": 1.5431888103485107,
    "mp-559065": 5.435952663421631,
    "mp-559545": 1.8910338878631592,
    "mp-549720": 24.335020065307617,
    "mp-561385": -0.02625805139541626,
    "mp-13666": 38.51457977294922,
    "mp-14444": 21.332185745239258,
    "mp-2469": 34.36725997924805,
    "mp-31451": 43.488426208496094,
    "mp-1023924": 5.542547702789307,
    "mp-38011": 5.3762993812561035,
    "mp-8884": 60.21111297607422,
    "mp-6980": 56.620086669921875,
    "mp-4524": 46.87240219116211,
    "mp-11714": 10.417564392089844,
    "mp-1180133": 12.245687484741211,
    "mp-1225884": 0.9141356945037842,
    "mp-1196457": 0.1323505938053131,
    "mp-560894": 0.2400233894586563,
    "mp-1196282": -1.0331053733825684,
    "mp-1219328": 17.53164291381836,
    "mp-1227124": 56.68880081176758,
    "mp-1102285": 2.302334785461426,
    "mp-1227389": 35.50065612792969,
    "mp-1227110": 0.17912063002586365,
    "mp-1079676": 5.269805431365967,
    "mp-1228342": 7.6787285804748535,
    "mp-17862": 41.64683532714844,
    "mp-504952": 36.85762023925781,
    "mp-1223849": 0.281827449798584,
    "mp-1208039": 0.9565281867980957,
    "mp-625175": 0.20181000232696533,
    "agm003160552": 82.6941909790039,
    "agm003202328": 8.470996856689453,
    "agm002278924": 37.50691604614258,
    "agm003202410": 12.710392951965332,
    "mp-1227011": 62.29953384399414,
    "agm002224865": 0.4599425494670868,
    "agm003157565": 0.5346354246139526,
    "agm002140778": 1.796985149383545,
    "agm002041336": 0.7600560188293457,
    "agm003219193": 0.468960165977478,
    "mp-1228160": 0.44414326548576355,
    "mp-1223489": 0.29572606086730957,
    "mp-1221169": 10.507275581359863,
    "mp-4431": 13.779428482055664,
    "mp-1105300": 37.461830139160156,
    "mp-1103351": 51.3610725402832,
    "mp-1029368": 1.3412818908691406,
    "mp-1029633": 8.690460205078125,
    "agm002147818": 0.4394838809967041,
    "agm002153139": 1.5928881168365479,
    "mp-555202": 0.6071268320083618,
    "mp-1216976": 14.254026412963867,
    "mp-626172": 0.24081872403621674,
    "agm002156258": 0.31915298104286194,
    "mp-772748": -0.05091816186904907,
    "mp-1223389": 20.39463996887207,
    "mp-9427": 0.7472132444381714,
    "mp-1225916": 0.8269635438919067,
    "agm003237859": -0.07123833894729614,
    "mp-1221971": 4.816534042358398,
    "agm002237807": 24.98828887939453,
    "mp-1215642": 1.9892358779907227,
    "agm003213121": 2.3688645362854004,
    "agm002297812": 0.7931820750236511,
    "mp-29157": 30.14165496826172,
    "mp-555915": 6.960450649261475,
    "agm002138671": 2.7391529083251953,
    "agm002790067": 33.434452056884766,
    "agm002205114": 68.3211441040039,
    "agm002184995": 51.668983459472656,
    "agm003235252": 0.48730766773223877,
    "agm003206267": 25.479721069335938,
    "agm003705731": 2.1883440017700195,
    "agm2000126920": 0.3619033098220825,
    "agm2000137141": 17.098861694335938,
    "agm005848675": 55.59442901611328,
    "mp-2802611": 1.4108004570007324,
    "agm005056300": 5.766096115112305,
    "agm004786326": 10.525569915771484,
    "agm001234439": 0.5323577523231506,
    "agm002056302": 2.5596389770507812,
    "agm002137665": 0.1640297770500183,
    "mp-554918": 0.5481990575790405,
    "agm001375463": 33.96964645385742,
    "agm005721583": 24.005664825439453,
    "agm006020719": 0.47866731882095337,
    "agm003112540": 65.81158447265625,
    "agm004787350": 2.131809949874878,
    "agm002176403": 0.3982996940612793,
    "agm002161194": 18.175039291381836,
    "agm2000136656": 15.477177619934082,
    "mp-1208179": 0.31580692529678345,
    "agm002017294": 44.12548828125,
    "agm002041315": 2.593508005142212,
    "agm003469328": 0.34028545022010803,
    "agm005072178": 0.1471419334411621,
    "agm005664742": 0.2676476836204529,
    "agm004773455": 3.0693113803863525,
    "agm005071058": 0.2857052981853485,
    "agm006047746": 33.90540313720703,
    "agm005754384": 3.5528178215026855,
    "agm005748012": 0.911054253578186
  },
  "uncertainties": null,
  "metrics": {
    "mae": 10.760350210629417,
    "rmse": 25.088648781479286,
    "spearman": 0.8195760368663594,
    "r2_score": 0.33339074363041554
  }
}