{
  "predictions": {
    "mp-21892": 1.856938362121582,
    "mp-8070": 0.17325013875961304,
    "mp-558491": 0.8443758487701416,
    "mp-632684": 0.9042510986328125,
    "mp-23329": 10.544877052307129,
    "mp-555150": 1.0911751985549927,
    "mp-6564": 0.19994531571865082,
    "mp-18578": 1.2886414527893066,
    "mp-760755": 0.5668843388557434,
    "mp-28456": 10.836749076843262,
    "mp-4779": 0.4493221938610077,
    "mp-6268": 0.8026095628738403,
    "mp-706621": 0.25711479783058167,
    "mp-559057": 3.585573673248291,
    "mp-24468": 0.19247572124004364,
    "mp-1778": 0.5547714829444885,
    "mp-2176": 84.93907165527344,
    "mp-22909": 1.7457011938095093,
    "mp-4187": 3.0069692134857178,
    "mp-10341": 0.8846983313560486,
    "mp-9844": 1.1077214479446411,
    "mp-5784": 1.0537066459655762,
    "mp-20694": 6.859728813171387,
    "mp-9066": 0.4097778797149658,
    "mp-6126": 2.0221636295318604,
    "mp-632229": 3.291374921798706,
    "mp-12177": 4.448182582855225,
    "mp-21521": 2.8092851638793945,
    "mp-1287": 9.836542129516602,
    "mp-756044": 0.6086434125900269,
    "mp-754712": 0.8324127793312073,
    "mp-4812": 0.7243290543556213,
    "mp-18168": 0.6163805723190308,
    "mp-23866": 0.621441662311554,
    "mp-558085": 1.6168296337127686,
    "mp-230": 4.015552520751953,
    "mp-505702": 4.612553596496582,
    "mp-559065": 12.847125053405762,
    "mp-559545": 4.951029300689697,
    "mp-549720": 29.2830810546875,
    "mp-561385": 0.49737346172332764,
    "mp-13666": 26.103174209594727,
    "mp-14444": 12.510546684265137,
    "mp-1550": 10.186358451843262,
    "mp-2469": 10.797401428222656,
    "mp-31451": 114.7883071899414,
    "mp-1023924": 4.534058094024658,
    "mp-1100395": 0.8729957342147827,
    "mp-961682": 69.81941223144531,
    "mp-38011": 3.0157382488250732,
    "mp-30847": 40.79200744628906,
    "mp-8884": 94.16506958007812,
    "mp-1017534": 37.6057243347168,
    "mp-6980": 24.722673416137695,
    "mp-560588": 14.986907958984375,
    "mp-4524": 95.86392211914062,
    "mp-4514": 18.662965774536133,
    "mp-11714": 6.348142623901367,
    "mp-1180133": 1.9299336671829224,
    "mp-675161": 0.20410706102848053,
    "mp-983327": 0.30576300621032715,
    "mp-1225884": 0.2825149893760681,
    "mp-1219554": 6.270910739898682,
    "mp-1196457": 0.2107665091753006,
    "mp-560894": 0.3642169237136841,
    "mp-1196282": 0.06748413294553757,
    "mp-1222122": 4.181574821472168,
    "mp-1219328": 4.484539031982422,
    "mp-1227014": 78.97199249267578,
    "mp-1222205": 12.043290138244629,
    "mp-1227124": 25.214677810668945,
    "mp-1102285": 5.5487213134765625,
    "mp-1227389": 13.237051963806152,
    "mp-1180688": 8.223579406738281,
    "mp-1399519": 7.658609390258789,
    "mp-1227110": 0.20260430872440338,
    "mp-1079676": 0.6332914233207703,
    "mp-24705": 1.1652525663375854,
    "mp-1516294": 3.144143581390381,
    "mp-1228342": 3.0356523990631104,
    "mp-17862": 35.495914459228516,
    "mp-504952": 58.186336517333984,
    "mp-1222589": 0.31837528944015503,
    "mp-1223849": 0.19253353774547577,
    "mp-6524": 0.43675386905670166,
    "mp-1208039": 1.411210298538208,
    "mp-625175": 0.1710032820701599,
    "mp-1219000": 47.34083557128906,
    "mp-532424": 0.15300558507442474,
    "mp-1218099": 3.3510046005249023,
    "agm002306806": 10.57459831237793,
    "agm003160552": 91.88301086425781,
    "agm003202328": 23.793378829956055,
    "agm002353946": 27.719602584838867,
    "agm002278924": 62.69410705566406,
    "agm002381637": 84.10205841064453,
    "agm003225028": 7.435321807861328,
    "agm003202410": 42.176185607910156,
    "agm003230659": 3.7920615673065186,
    "agm003128264": 3.250276803970337,
    "mp-781710": 34.45132064819336,
    "mp-1227011": 74.90187072753906,
    "mp-1216118": 8.5260648727417,
    "agm002166075": 7.871028900146484,
    "agm002135972": 121.01702880859375,
    "mp-3267": 9.574906349182129,
    "agm002224865": 3.78730845451355,
    "agm002347507": 5.549073696136475,
    "agm003157565": 0.2785385251045227,
    "mp-1216100": 1.0353343486785889,
    "mp-1195571": 1.5549219846725464,
    "mp-780232": 4.926311492919922,
    "agm002018869": 81.32047271728516,
    "agm002140778": 4.028301239013672,
    "agm002041336": 18.85783576965332,
    "agm003219193": 0.2636258006095886,
    "mp-1228160": 0.6198843717575073,
    "mp-1223489": 0.11631644517183304,
    "mp-1221169": 22.060714721679688,
    "mp-4431": 21.464086532592773,
    "mp-8393": 49.37506866455078,
    "mp-1105300": 18.934154510498047,
    "mp-36066": 2.6219260692596436,
    "mp-1103351": 14.873030662536621,
    "mp-1103228": 96.96240234375,
    "mp-1029368": 6.79348087310791,
    "mp-1217825": 17.296064376831055,
    "mp-1029633": 4.414749622344971,
    "agm002147818": 0.12925241887569427,
    "agm003248171": 0.19367049634456635,
    "mp-1223526": 0.5425347685813904,
    "agm002153139": 1.743168830871582,
    "mp-239": 10.188704490661621,
    "agm002137320": 2.142899990081787,
    "mp-1079609": 3.3906850814819336,
    "mp-558219": 4.636228084564209,
    "mp-555202": 0.6006784439086914,
    "mp-1216976": 10.725733757019043,
    "mp-626172": 0.16244293749332428,
    "agm002156258": 0.3754880130290985,
    "mp-772748": 0.1963346153497696,
    "agm002237467": 15.678213119506836,
    "mp-1223389": 19.035728454589844,
    "agm002155430": 34.024662017822266,
    "mp-9427": 0.6028604507446289,
    "mp-1225916": 0.8265474438667297,
    "agm003237859": 0.07451717555522919,
    "agm002156600": 1.3349850177764893,
    "mp-1221971": 10.254263877868652,
    "mp-1220913": 4.066235542297363,
    "agm002237807": 57.68263244628906,
    "mp-1221578": 1.838382363319397,
    "mp-1191266": 7.925876617431641,
    "mp-1205304": 13.387298583984375,
    "mp-1218334": 11.11494255065918,
    "agm002215982": 1.2171311378479004,
    "mp-559752": 0.5051020383834839,
    "mp-1215642": 3.8919434547424316,
    "agm002813663": 9.208876609802246,
    "mp-1247873": 11.295010566711426,
    "mp-1194479": 0.3352820873260498,
    "mp-558521": 0.7679085731506348,
    "agm003213121": 11.726675987243652,
    "agm002286033": 13.613885879516602,
    "agm002297812": 0.9989830851554871,
    "mp-1147697": 7.694614410400391,
    "mp-29157": 63.360355377197266,
    "mp-558277": 6.164926052093506,
    "agm003200486": 1.9049874544143677,
    "agm002157245": 5.478531360626221,
    "mp-1370": 6.79884147644043,
    "mp-555915": 0.43701067566871643,
    "mp-776226": 4.929363250732422,
    "agm002138671": 3.753486394882202,
    "agm002790067": 36.09797286987305,
    "agm002163280": 5.6404523849487305,
    "mp-532444": 1.1929973363876343,
    "agm002177957": 24.0508975982666,
    "agm006045098": 1.2319191694259644,
    "agm002205114": 58.12336349487305,
    "agm2000005406": 0.08438284695148468,
    "agm002184995": 49.47938919067383,
    "agm003235252": 0.5141714215278625,
    "agm002178912": 20.904294967651367,
    "agm002115629": 4.074859142303467,
    "agm003206267": 18.748249053955078,
    "agm004739450": 97.38758850097656,
    "agm003705731": 5.758859157562256,
    "agm005112928": 1.9550036191940308,
    "agm005722808": 0.7732510566711426,
    "agm2000126920": 0.4380611777305603,
    "agm2000137141": 6.240065097808838,
    "agm005848675": 12.150653839111328,
    "mp-2802611": 1.045701265335083,
    "agm002158085": 9.2445707321167,
    "agm005545163": 0.7799922227859497,
    "agm005056300": 6.725616455078125,
    "agm004786326": 11.98718547821045,
    "agm003048447": 12.22204875946045,
    "agm002102212": 0.5496401786804199,
    "agm001234439": 6.335222244262695,
    "agm002056302": 0.9006271958351135,
    "agm002137665": 0.26512691378593445,
    "agm003555711": 1.7800285816192627,
    "mp-554918": 1.1440776586532593,
    "mp-570756": 0.31291234493255615,
    "agm001375463": 41.51734924316406,
    "agm005208831": 28.786083221435547,
    "mp-4452": 20.19585418701172,
    "agm005882616": 0.5887243151664734,
    "agm2000001907": 0.5101383924484253,
    "agm005721583": 11.943577766418457,