{
  "predictions": {
    "mp-21892": 2.3302628993988037,
    "mp-8070": 0.2401677519083023,
    "mp-558491": 0.7495232224464417,
    "mp-632684": 0.7932441830635071,
    "mp-23329": 8.274515151977539,
    "mp-555150": 0.671598494052887,
    "mp-6564": 0.21844372153282166,
    "mp-18578": 2.6751177310943604,
    "mp-760755": 0.18328720331192017,
    "mp-28456": 10.779834747314453,
    "mp-4779": 0.6265712976455688,
    "mp-6268": 0.9197121262550354,
    "mp-706621": 0.26793545484542847,
    "mp-559057": 2.5473902225494385,
    "mp-24468": 0.43075552582740784,
    "mp-1778": 0.8438736796379089,
    "mp-2176": 67.31029510498047,
    "mp-22909": 1.1576910018920898,
    "mp-4187": 3.6278209686279297,
    "mp-10341": 0.2570534944534302,
    "mp-9844": 0.9250450134277344,
    "mp-5784": 0.5838905572891235,
    "mp-20694": 9.702169418334961,
    "mp-9066": 0.3774830102920532,
    "mp-6126": 2.526473045349121,
    "mp-632229": 2.482076406478882,
    "mp-12177": 3.2740044593811035,
    "mp-21521": 3.82954740524292,
    "mp-1287": 24.190227508544922,
    "mp-756044": 0.8921520709991455,
    "mp-754712": 0.929901659488678,
    "mp-4812": 0.494647741317749,
    "mp-18168": 1.888696551322937,
    "mp-23866": 1.1724612712860107,
    "mp-558085": 0.6146531701087952,
    "mp-230": 1.989736795425415,
    "mp-505702": 2.1930742263793945,
    "mp-559065": 9.625068664550781,
    "mp-559545": 5.780142784118652,
    "mp-549720": 28.702983856201172,
    "mp-561385": 0.3012886643409729,
    "mp-13666": 26.083023071289062,
    "mp-14444": 11.232507705688477,
    "mp-1550": 10.246756553649902,
    "mp-2469": 10.297287940979004,
    "mp-31451": 56.076263427734375,
    "mp-1023924": 5.654078960418701,
    "mp-1100395": 1.1935831308364868,
    "mp-961682": 114.91724395751953,
    "mp-38011": 1.7319362163543701,
    "mp-30847": 78.3803939819336,
    "mp-8884": 88.96202850341797,
    "mp-1017534": 34.01066970825195,
    "mp-6980": 10.369595527648926,
    "mp-560588": 16.79668617248535,
    "mp-4524": 93.58918762207031,
    "mp-4514": 21.944795608520508,
    "mp-11714": 6.626737594604492,
    "mp-1180133": 4.195218563079834,
    "mp-675161": 0.25677692890167236,
    "mp-983327": 0.41386881470680237,
    "mp-1225884": 0.36158084869384766,
    "mp-1219554": 4.270130634307861,
    "mp-1196457": 0.4700242280960083,
    "mp-560894": 0.3951149880886078,
    "mp-1196282": 0.026549125090241432,
    "mp-1222122": 6.6667656898498535,
    "mp-1219328": 11.561498641967773,
    "mp-1227014": 59.166534423828125,
    "mp-1222205": 8.41869831085205,
    "mp-1227124": 21.891952514648438,
    "mp-1102285": 3.8543851375579834,
    "mp-1227389": 12.348153114318848,
    "mp-1180688": 6.189000129699707,
    "mp-1399519": 6.121652603149414,
    "mp-1227110": 0.12825164198875427,
    "mp-1079676": 0.3568134009838104,
    "mp-24705": 1.1980226039886475,
    "mp-1516294": 4.245743274688721,
    "mp-1228342": 1.5873183012008667,
    "mp-17862": 34.76529312133789,
    "mp-504952": 38.0394287109375,
    "mp-1222589": 0.329537034034729,
    "mp-1223849": 0.35709068179130554,
    "mp-6524": 0.8667203783988953,
    "mp-1208039": 1.4819685220718384,
    "mp-625175": 0.2649769186973572,
    "mp-1219000": 68.60470581054688,
    "mp-532424": -0.018574833869934082,
    "mp-1218099": 2.665947914123535,
    "agm002306806": 8.862638473510742,
    "agm003160552": 33.805728912353516,
    "agm003202328": 28.456724166870117,
    "agm002353946": 33.19001388549805,
    "agm002278924": 87.56826782226562,
    "agm002381637": 88.8649673461914,
    "agm003225028": 7.318736553192139,
    "agm003202410": 11.745859146118164,
    "agm003230659": 3.654371738433838,
    "agm003128264": 5.972425937652588,
    "mp-781710": 21.471242904663086,
    "mp-1227011": 39.037078857421875,
    "mp-1216118": 8.586082458496094,
    "agm002166075": 6.0966620445251465,
    "agm002135972": 134.88999938964844,
    "mp-3267": 8.867664337158203,
    "agm002224865": 3.190598487854004,
    "agm002347507": 4.381155014038086,
    "agm003157565": 0.18437403440475464,
    "mp-1216100": 0.7260894775390625,
    "mp-1195571": 0.426372766494751,
    "mp-780232": 5.256576061248779,
    "agm002018869": 105.24403381347656,
    "agm002140778": 1.7049927711486816,
    "agm002041336": 50.068763732910156,
    "agm003219193": 0.14138878881931305,
    "mp-1228160": 0.3232138454914093,
    "mp-1223489": 0.1654832661151886,
    "mp-1221169": 20.3465633392334,
    "mp-4431": 17.924209594726562,
    "mp-8393": 45.33478546142578,
    "mp-1105300": 27.693517684936523,
    "mp-36066": 2.492871046066284,
    "mp-1103351": 13.443142890930176,
    "mp-1103228": 53.393123626708984,
    "mp-1029368": 9.37125015258789,
    "mp-1217825": 13.771480560302734,
    "mp-1029633": 7.27783203125,
    "agm002147818": 0.16725783050060272,
    "agm003248171": 0.23558059334754944,
    "mp-1223526": 0.5899363160133362,
    "agm002153139": 1.7213293313980103,
    "mp-239": 14.744318962097168,
    "agm002137320": 2.9957873821258545,
    "mp-1079609": 2.9422664642333984,
    "mp-558219": 4.580505847930908,
    "mp-555202": 0.4653030037879944,
    "mp-1216976": 9.718335151672363,
    "mp-626172": 0.10978007316589355,
    "agm002156258": 0.40220874547958374,
    "mp-772748": 0.1526324599981308,
    "agm002237467": 9.971802711486816,
    "mp-1223389": 22.25677490234375,
    "agm002155430": 30.208740234375,
    "mp-9427": 0.5367225408554077,
    "mp-1225916": 0.9056379199028015,
    "agm003237859": 0.2006058543920517,
    "agm002156600": 0.9197779297828674,
    "mp-1221971": 7.097231864929199,
    "mp-1220913": 4.358308792114258,
    "agm002237807": 69.0671157836914,
    "mp-1221578": 2.5589652061462402,
    "mp-1191266": 5.318121433258057,
    "mp-1205304": 13.074317932128906,
    "mp-1218334": 27.856651306152344,
    "agm002215982": 0.9369010329246521,
    "mp-559752": 0.7557041049003601,
    "mp-1215642": 3.5842227935791016,
    "agm002813663": 2.575472354888916,
    "mp-1247873": 6.556516170501709,
    "mp-1194479": 0.5861397385597229,
    "mp-558521": 1.4030663967132568,
    "agm003213121": 5.908975124359131,
    "agm002286033": 8.480871200561523,
    "agm002297812": 1.0365029573440552,
    "mp-1147697": 7.1566081047058105,
    "mp-29157": 43.32732009887695,
    "mp-558277": 7.3866729736328125,
    "agm003200486": 0.13605064153671265,
    "agm002157245": 7.894289016723633,
    "mp-1370": 8.098481178283691,
    "mp-555915": 1.1882132291793823,
    "mp-776226": 5.016833305358887,
    "agm002138671": 2.718892812728882,
    "agm002790067": 41.820499420166016,
    "agm002163280": 2.8617866039276123,
    "mp-532444": 0.3879561722278595,
    "agm002177957": 30.255126953125,
    "agm006045098": 1.2079206705093384,
    "agm002205114": 68.38915252685547,
    "agm2000005406": 0.3781049847602844,
    "agm002184995": 86.43946075439453,
    "agm003235252": 0.2906346023082733,
    "agm002178912": 21.360105514526367,
    "agm002115629": 5.884818077087402,
    "agm003206267": 24.039518356323242,
    "agm004739450": 69.29547119140625,
    "agm003705731": 6.669914722442627,
    "agm005112928": 4.848469257354736,
    "agm005722808": 0.5650465488433838,
    "agm2000126920": 1.2555652856826782,
    "agm2000137141": 17.992385864257812,
    "agm005848675": 19.58359146118164,
    "mp-2802611": 0.6734249591827393,
    "agm002158085": 9.991643905639648,
    "agm005545163": 1.5075066089630127,
    "agm005056300": 6.2356648445129395,
    "agm004786326": 10.464674949645996,
    "agm003048447": 10.887608528137207,
    "agm002102212": 0.5277878046035767,
    "agm001234439": 3.752866268157959,
    "agm002056302": 1.9433270692825317,
    "agm002137665": 0.13985230028629303,
    "agm003555711": 1.464089035987854,
    "mp-554918": 0.9199769496917725,
    "mp-570756": 0.23025961220264435,
    "agm001375463": 62.59636688232422,
    "agm005208831": 22.00371742248535,
    "mp-4452": 19.973060607910156,
    "agm005882616": 0.6362122893333435,
    "agm2000001907": 0.3684339225292206,
    "agm005721583": 9.225262641906738,