{
  "predictions": {
    "mp-21892": 2.859401226043701,
    "mp-8070": 0.42202532291412354,
    "mp-558491": 0.6124892234802246,
    "mp-632684": 0.47160595655441284,
    "mp-23329": 5.80238151550293,
    "mp-555150": 0.843696653842926,
    "mp-6564": 0.26543885469436646,
    "mp-18578": 7.805484771728516,
    "mp-760755": 0.2815186381340027,
    "mp-28456": 16.043418884277344,
    "mp-4779": 0.6649613976478577,
    "mp-6268": 1.7729610204696655,
    "mp-706621": 0.36603492498397827,
    "mp-559057": 3.311269760131836,
    "mp-24468": 0.5067251324653625,
    "mp-1778": 0.8968439698219299,
    "mp-2176": 70.73233795166016,
    "mp-22909": 1.1490838527679443,
    "mp-4187": 4.170038223266602,
    "mp-10341": 0.6727848649024963,
    "mp-9844": 0.7314968705177307,
    "mp-5784": 0.6470340490341187,
    "mp-20694": 10.288930892944336,
    "mp-9066": 0.42849600315093994,
    "mp-6126": 3.56557559967041,
    "mp-632229": 1.1156045198440552,
    "mp-12177": 3.6439056396484375,
    "mp-21521": 3.3644702434539795,
    "mp-1287": 37.68091583251953,
    "mp-756044": 0.8647118210792542,
    "mp-754712": 1.368166208267212,
    "mp-4812": 0.7939503192901611,
    "mp-18168": 3.055135726928711,
    "mp-23866": 1.4838509559631348,
    "mp-558085": 0.5245092511177063,
    "mp-230": 1.1806573867797852,
    "mp-505702": 2.9832215309143066,
    "mp-559065": 11.10079574584961,
    "mp-559545": 7.306527614593506,
    "mp-549720": 25.096506118774414,
    "mp-561385": 1.0191057920455933,
    "mp-13666": 23.558881759643555,
    "mp-14444": 11.310124397277832,
    "mp-1550": 11.325872421264648,
    "mp-2469": 12.172672271728516,
    "mp-31451": 42.532562255859375,
    "mp-1023924": 5.291101455688477,
    "mp-1100395": 0.9554704427719116,
    "mp-961682": 106.02853393554688,
    "mp-38011": 1.2384568452835083,
    "mp-30847": 77.0700454711914,
    "mp-8884": 89.9433364868164,
    "mp-1017534": 29.576112747192383,
    "mp-6980": 7.3957414627075195,
    "mp-560588": 26.964704513549805,
    "mp-4524": 89.4501724243164,
    "mp-4514": 13.700423240661621,
    "mp-11714": 6.7443342208862305,
    "mp-1180133": 4.4506144523620605,
    "mp-675161": 0.3167019188404083,
    "mp-983327": 0.3052763044834137,
    "mp-1225884": 0.3784598112106323,
    "mp-1219554": 2.8046321868896484,
    "mp-1196457": 0.441605806350708,
    "mp-560894": 0.39980679750442505,
    "mp-1196282": 0.13907846808433533,
    "mp-1222122": 10.20177936553955,
    "mp-1219328": 12.325613021850586,
    "mp-1227014": 67.2611312866211,
    "mp-1222205": 5.408236026763916,
    "mp-1227124": 30.57815170288086,
    "mp-1102285": 2.879467725753784,
    "mp-1227389": 10.659377098083496,
    "mp-1180688": 17.707399368286133,
    "mp-1399519": 4.725927829742432,
    "mp-1227110": 0.1878909468650818,
    "mp-1079676": 0.6886166334152222,
    "mp-24705": 0.9032145738601685,
    "mp-1516294": 4.311856269836426,
    "mp-1228342": 0.8697946071624756,
    "mp-17862": 35.689849853515625,
    "mp-504952": 35.04536056518555,
    "mp-1222589": 0.4262245297431946,
    "mp-1223849": 0.6881740093231201,
    "mp-6524": 0.5409455895423889,
    "mp-1208039": 1.5159285068511963,
    "mp-625175": 0.3328897953033447,
    "mp-1219000": 70.10858917236328,
    "mp-532424": 0.2837996780872345,
    "mp-1218099": 3.0351336002349854,
    "agm002306806": 19.421958923339844,
    "agm003160552": 28.591907501220703,
    "agm003202328": 28.702438354492188,
    "agm002353946": 30.111461639404297,
    "agm002278924": 100.41320037841797,
    "agm002381637": 99.13441467285156,
    "agm003225028": 8.667797088623047,
    "agm003202410": 19.959135055541992,
    "agm003230659": 2.8398807048797607,
    "agm003128264": 4.24634313583374,
    "mp-781710": 14.514676094055176,
    "mp-1227011": 36.74296569824219,
    "mp-1216118": 8.079207420349121,
    "agm002166075": 14.957907676696777,
    "agm002135972": 119.94259643554688,
    "mp-3267": 25.39395523071289,
    "agm002224865": 4.750912666320801,
    "agm002347507": 3.51755952835083,
    "agm003157565": 0.20404422283172607,
    "mp-1216100": 1.2568548917770386,
    "mp-1195571": 0.6037308573722839,
    "mp-780232": 5.257413387298584,
    "agm002018869": 95.33648681640625,
    "agm002140778": 1.605405569076538,
    "agm002041336": 35.675289154052734,
    "agm003219193": 0.3332771062850952,
    "mp-1228160": 0.19677232205867767,
    "mp-1223489": 0.37184810638427734,
    "mp-1221169": 20.6834716796875,
    "mp-4431": 19.093324661254883,
    "mp-8393": 45.4310417175293,
    "mp-1105300": 35.424739837646484,
    "mp-36066": 2.1763830184936523,
    "mp-1103351": 14.121979713439941,
    "mp-1103228": 56.69236755371094,
    "mp-1029368": 11.761451721191406,
    "mp-1217825": 13.456143379211426,
    "mp-1029633": 15.10998249053955,
    "agm002147818": 0.22430410981178284,
    "agm003248171": 0.292105495929718,
    "mp-1223526": 0.39877480268478394,
    "agm002153139": 1.3266643285751343,
    "mp-239": 20.660707473754883,
    "agm002137320": 2.213569402694702,
    "mp-1079609": 2.6191046237945557,
    "mp-558219": 4.903782367706299,
    "mp-555202": 0.539257287979126,
    "mp-1216976": 29.251422882080078,
    "mp-626172": 0.3024790287017822,
    "agm002156258": 0.6452143788337708,
    "mp-772748": 0.2207634598016739,
    "agm002237467": 8.069427490234375,
    "mp-1223389": 23.365375518798828,
    "agm002155430": 33.135597229003906,
    "mp-9427": 0.5014069080352783,
    "mp-1225916": 0.9582666754722595,
    "agm003237859": 0.33207249641418457,
    "agm002156600": 0.6720308065414429,
    "mp-1221971": 7.932744026184082,
    "mp-1220913": 4.702649116516113,
    "agm002237807": 29.370553970336914,
    "mp-1221578": 1.8425428867340088,
    "mp-1191266": 5.608659267425537,
    "mp-1205304": 11.777056694030762,
    "mp-1218334": 16.36253547668457,
    "agm002215982": 0.666443943977356,
    "mp-559752": 0.8779803514480591,
    "mp-1215642": 3.573774814605713,
    "agm002813663": 7.662675857543945,
    "mp-1247873": 14.245148658752441,
    "mp-1194479": 1.2008262872695923,
    "mp-558521": 1.5624613761901855,
    "agm003213121": 3.5457777976989746,
    "agm002286033": 6.597253799438477,
    "agm002297812": 0.8866462707519531,
    "mp-1147697": 7.226394176483154,
    "mp-29157": 45.646366119384766,
    "mp-558277": 10.068634986877441,
    "agm003200486": 0.11524318903684616,
    "agm002157245": 7.3105692863464355,
    "mp-1370": 11.793439865112305,
    "mp-555915": 1.9006447792053223,
    "mp-776226": 5.166576385498047,
    "agm002138671": 2.386312484741211,
    "agm002790067": 42.00221633911133,
    "agm002163280": 2.3331873416900635,
    "mp-532444": 0.7239253520965576,
    "agm002177957": 31.079200744628906,
    "agm006045098": 1.0659044981002808,
    "agm002205114": 55.79867172241211,
    "agm2000005406": 0.1696576327085495,
    "agm002184995": 104.63130950927734,
    "agm003235252": 0.3361452519893646,
    "agm002178912": 22.165699005126953,
    "agm002115629": 6.195034980773926,
    "agm003206267": 18.26384735107422,
    "agm004739450": 71.56584167480469,
    "agm003705731": 5.996492862701416,
    "agm005112928": 27.481239318847656,
    "agm005722808": 0.6602622866630554,
    "agm2000126920": 0.9993041753768921,
    "agm2000137141": 24.401498794555664,
    "agm005848675": 27.055871963500977,
    "mp-2802611": 0.4311118721961975,
    "agm002158085": 8.171854019165039,
    "agm005545163": 1.1251391172409058,
    "agm005056300": 5.667474746704102,
    "agm004786326": 9.586984634399414,
    "agm003048447": 11.447290420532227,
    "agm002102212": 0.5370655655860901,
    "agm001234439": 2.4785213470458984,
    "agm002056302": 1.9138931035995483,
    "agm002137665": 0.17064300179481506,
    "agm003555711": 2.1480207443237305,
    "mp-554918": 1.0833313465118408,
    "mp-570756": 0.20936407148838043,
    "agm001375463": 61.625057220458984,
    "agm005208831": 18.684797286987305,
    "mp-4452": 19.51682472229004,
    "agm005882616": 0.5124037265777588,
    "agm2000001907": 0.30295416712760925,
    "agm005721583": 10.536046028137207,