{
  "predictions": {
    "mp-552663": 1.5730235576629639,
    "mp-753401": 3.997875690460205,
    "mp-23363": 0.9177168607711792,
    "mp-559961": 0.7352701425552368,
    "mp-17066": 0.7395004034042358,
    "mp-29155": 0.7236993312835693,
    "mp-542931": 0.726323664188385,
    "mp-27316": 0.7229052782058716,
    "mp-6126": 0.9297184944152832,
    "mp-997027": 1.6583456993103027,
    "mp-21521": 7.859982967376709,
    "mp-8673": 1.473686695098877,
    "mp-23280": 3.4565773010253906,
    "mp-561664": 0.9678441286087036,
    "mp-23794": 1.1872068643569946,
    "mp-756570": 1.3727290630340576,
    "mp-27987": 0.7261940836906433,
    "mp-550959": 2.885587692260742,
    "mp-556719": 1.8570035696029663,
    "mp-27914": 2.741948127746582,
    "mp-29524": 8.516070365905762,
    "mp-504908": 2.1428771018981934,
    "mp-559065": 5.825806140899658,
    "mp-769218": 17.635238647460938,
    "mp-570213": 48.16694641113281,
    "mp-1023936": 5.572134017944336,
    "mp-560588": 17.57529640197754,
    "mp-1222661": 3.2510900497436523,
    "mp-1227993": 6.6687397956848145,
    "mp-567246": 36.77470779418945,
    "mp-1184796": 1.1232173442840576,
    "mp-1217830": 7.43198299407959,
    "mp-774907": 9.885335922241211,
    "mp-672158": 16.004093170166016,
    "mp-1228522": 12.168604850769043,
    "mp-504910": 0.8499807715415955,
    "mp-568802": 39.89301681518555,
    "mp-1222565": 0.83739173412323,
    "mp-33723": 45.71424102783203,
    "mp-1227512": 61.967350006103516,
    "mp-1189731": 1.1982818841934204,
    "mp-28089": 20.641464233398438,
    "mp-36779": 0.8406673073768616,
    "mp-560521": 0.7599995732307434,
    "mp-571195": 110.3304443359375,
    "mp-1208039": 1.1006181240081787,
    "mp-1224376": 22.489147186279297,
    "mp-1219501": 26.07942771911621,
    "mp-1218158": 4.25480842590332,
    "mp-17207": 53.64536666870117,
    "agm003202330": 12.22978401184082,
    "agm002254137": 117.6162338256836,
    "agm002186848": 55.55338668823242,
    "agm002224787": 10.378541946411133,
    "agm002153716": 1.3748831748962402,
    "mp-1195571": 12.292447090148926,
    "mp-998230": 15.544936180114746,
    "mp-1223489": 0.7339034080505371,
    "mp-1029932": 2.102078437805176,
    "mp-28473": 0.7302111983299255,
    "mp-1228745": 23.986835479736328,
    "mp-1029652": 0.8858576416969299,
    "mp-985293": 1.0942986011505127,
    "mp-1019889": 0.7228345274925232,
    "mp-1227994": 1.1078250408172607,
    "agm002156258": 0.8827075362205505,
    "mp-559373": 3.499453067779541,
    "mp-1215615": 8.616747856140137,
    "mp-1219293": 3.9020400047302246,
    "mp-560699": 7.2998552322387695,
    "agm002156599": 1.244131088256836,
    "mp-1078049": 15.924242973327637,
    "mp-554002": 0.8515548706054688,
    "mp-1226863": 0.926453709602356,
    "agm002848041": 16.148880004882812,
    "agm002336867": 63.15943908691406,
    "mp-1222496": 0.7513923645019531,
    "agm003160584": 38.81853103637695,
    "mp-568328": 112.86437225341797,
    "agm002137965": 1.120316505432129,
    "agm002074655": 2.3691210746765137,
    "agm2000085596": 2.8452272415161133,
    "agm005539186": 8.224231719970703,
    "agm002073755": 1.6310153007507324,
    "agm002149208": 2.633103370666504,
    "agm002225219": 16.28551483154297,
    "agm003713453": 4.559385299682617,
    "agm1000019508": 0.7257840633392334,
    "agm2000011039": 0.978010356426239,
    "agm005769288": 1.0985578298568726,
    "agm005112928": 51.79997634887695,
    "agm001266143": 66.45447540283203,
    "agm005955873": 0.7917913198471069,
    "agm002077911": 15.922149658203125,
    "agm002097562": 5.764012813568115,
    "agm2000016398": 0.7327691912651062,
    "agm2000145156": 0.7488131523132324,
    "agm002056302": 1.2917574644088745,
    "agm002190330": 73.90093994140625,
    "mp-685097": 2.619176149368286,
    "agm003464867": 17.432697296142578,
    "agm003204906": 13.25965690612793,
    "agm002072309": 2.963834762573242,
    "agm003612680": 6.782240390777588,
    "agm002128787": 9.640904426574707,
    "agm2000128632": 4.144199371337891,
    "agm005882580": 2.814434051513672,
    "agm003743952": 1.8847712278366089,
    "mp-1029408": 13.42578411102295,
    "agm2000084944": 1.3629858493804932,
    "mp-998591": 10.383441925048828,
    "agm004958126": 1.4870647192001343,
    "agm002233061": 63.76430892944336,
    "agm005605704": 28.306713104248047,
    "mp-1220818": 5.5894551277160645,
    "mp-761842": 1.2873897552490234,
    "mp-14568": 1.392301321029663,
    "agm004947354": 6.944291114807129,
    "agm006056059": 0.9523419141769409,
    "mp-32959": 3.139082431793213,
    "agm002091778": 3.604844570159912,
    "agm004951594": 8.898472785949707,
    "agm002079795": 4.197591781616211,
    "agm002018585": 23.34138298034668,
    "agm004786105": 22.903823852539062
  },
  "uncertainties": null,
  "metrics": {
    "mae": 9.426534431640016,
    "rmse": 18.976808226411123,
    "spearman": 0.6861628264208909,
    "r2_score": 0.5242204725846575
  }
}