{
  "predictions": {
    "mp-21892": 4.278883907085467,
    "mp-8070": 0.6842409281673497,
    "mp-558491": 0.44618030969122907,
    "mp-632684": 0.5419203003328977,
    "mp-23329": 6.120957076313467,
    "mp-555150": 1.1251193829560922,
    "mp-6564": 1.3209890145645187,
    "mp-18578": 6.813800540837163,
    "mp-760755": 0.9632329285019776,
    "mp-28456": 17.52463727162034,
    "mp-4779": 0.6366812930587572,
    "mp-6268": 2.9367368367158466,
    "mp-706621": 0.501567008572476,
    "mp-559057": 3.4646215414913097,
    "mp-24468": 0.6652531649669065,
    "mp-1778": 2.1619821994469173,
    "mp-2176": 68.44095702608281,
    "mp-22909": 1.7132808531256558,
    "mp-4187": 12.028723952719671,
    "mp-10341": 2.6241910424320154,
    "mp-9844": 0.7908065757884236,
    "mp-5784": 2.2226180034780056,
    "mp-20694": 9.112971572895109,
    "mp-9066": 1.6062339391681266,
    "mp-6126": 5.305248284645723,
    "mp-632229": 2.1718597399259547,
    "mp-12177": 5.784712335566885,
    "mp-21521": 6.897902824373963,
    "mp-1287": 17.528791449025192,
    "mp-756044": 2.1918334871745593,
    "mp-754712": 3.5848743888440713,
    "mp-4812": 2.0583547200546715,
    "mp-18168": 2.3675764498127654,
    "mp-23866": 2.129805864406123,
    "mp-558085": 2.04555530792594,
    "mp-230": 7.813953487999964,
    "mp-505702": 4.571726986467421,
    "mp-559065": 7.744257262766302,
    "mp-559545": 5.661011351871869,
    "mp-549720": 23.280363214971626,
    "mp-561385": 2.880980600158744,
    "mp-13666": 37.922022406701124,
    "mp-14444": 15.617451757994639,
    "mp-1550": 26.56182228874848,
    "mp-2469": 16.218804467349045,
    "mp-31451": 65.94397237948677,
    "mp-1023924": 13.951452862071417,
    "mp-1100395": 3.61077193175647,
    "mp-961682": 64.52937654534419,
    "mp-38011": 3.389181948017649,
    "mp-30847": 43.2204434010652,
    "mp-8884": 85.26625584848256,
    "mp-1017534": 37.04827501490228,
    "mp-6980": 14.006919597057138,
    "mp-560588": 26.23997505733186,
    "mp-4524": 63.57291828149141,
    "mp-4514": 10.048628722406553,
    "mp-11714": 7.262207290909159,
    "mp-1180133": 8.786053595098581,
    "mp-675161": 0.2586791412645201,
    "mp-983327": 0.8071939852983172,
    "mp-1225884": 0.8121075203716712,
    "mp-1219554": 7.824682247392465,
    "mp-1196457": 0.40153970406478057,
    "mp-560894": 0.4009356395154956,
    "mp-1196282": 0.3476390657356277,
    "mp-1222122": 18.45524150489716,
    "mp-1219328": 18.226781731672027,
    "mp-1227014": 57.73789547679618,
    "mp-1222205": 8.122095104342684,
    "mp-1227124": 29.376739435551134,
    "mp-1102285": 12.045354737766079,
    "mp-1227389": 23.1194854872196,
    "mp-1180688": 26.44035678394573,
    "mp-1399519": 7.444702953403844,
    "mp-1227110": 0.43251551015719814,
    "mp-1079676": 0.9745898550202092,
    "mp-24705": 0.6614225806848196,
    "mp-1516294": 5.631167022494226,
    "mp-1228342": 2.2859251986479228,
    "mp-17862": 44.630510163334705,
    "mp-504952": 43.95837833592459,
    "mp-1222589": 0.525711743635668,
    "mp-1223849": 1.6895727365518196,
    "mp-6524": 0.6131721829247063,
    "mp-1208039": 1.524267458231028,
    "mp-625175": 0.5239299780482566,
    "mp-1219000": 52.59140456705222,
    "mp-532424": 0.9614904696150565,
    "mp-1218099": 5.3104621665506295,
    "agm002306806": 23.926461910024,
    "agm003160552": 64.14524464586124,
    "agm003202328": 26.97149902459573,
    "agm002353946": 34.31436208097317,
    "agm002278924": 58.807048975618265,
    "agm002381637": 105.54666177627514,
    "agm003225028": 6.622064092010231,
    "agm003202410": 65.39063365031977,
    "agm003230659": 3.9152736852072536,
    "agm003128264": 5.818159822231246,
    "mp-781710": 20.26483548439823,
    "mp-1227011": 35.599585877913505,
    "mp-1216118": 9.586577024947362,
    "agm002166075": 22.239235647677038,
    "agm002135972": 86.3202991879412,
    "mp-3267": 27.521165137115958,
    "agm002224865": 10.529377091020072,
    "agm002347507": 6.5255634044663005,
    "agm003157565": 1.1160373408113435,
    "mp-1216100": 1.4861362060364265,
    "mp-1195571": 1.5687787658751489,
    "mp-780232": 5.509529667762823,
    "agm002018869": 65.63070486582393,
    "agm002140778": 2.5656330795028435,
    "agm002041336": 40.1740955712333,
    "agm003219193": 0.46840434361371075,
    "mp-1228160": 0.414316230577348,
    "mp-1223489": 0.416230543184573,
    "mp-1221169": 17.381999806764224,
    "mp-4431": 18.366739621137793,
    "mp-8393": 40.82976264989666,
    "mp-1105300": 26.025444081787686,
    "mp-36066": 1.712826338672455,
    "mp-1103351": 15.964230632840904,
    "mp-1103228": 57.846668808204484,
    "mp-1029368": 13.321058152560914,
    "mp-1217825": 23.369902603858495,
    "mp-1029633": 15.951452805554368,
    "agm002147818": 0.24859468456887415,
    "agm003248171": 0.41543297435288146,
    "mp-1223526": 0.4553146522571418,
    "agm002153139": 1.238578282416972,
    "mp-239": 12.828377318578992,
    "agm002137320": 1.8425312839034325,
    "mp-1079609": 1.8438266894659803,
    "mp-558219": 7.328865298108766,
    "mp-555202": 0.9346145694176634,
    "mp-1216976": 27.088021839078884,
    "mp-626172": 0.519494080898304,
    "agm002156258": 0.8198808653038722,
    "mp-772748": 0.46094532911121844,
    "agm002237467": 10.661936094314154,
    "mp-1223389": 16.512528599619525,
    "agm002155430": 26.575268379875112,
    "mp-9427": 0.4232414611223275,
    "mp-1225916": 0.9676554275151045,
    "agm003237859": 0.7630831310799541,
    "agm002156600": 1.8183882950656163,
    "mp-1221971": 11.063382681433701,
    "mp-1220913": 4.948226993132492,
    "agm002237807": 41.43902940594015,
    "mp-1221578": 2.682678220833326,
    "mp-1191266": 7.3594675204838245,
    "mp-1205304": 7.406734366725606,
    "mp-1218334": 42.77239145667244,
    "agm002215982": 1.3718747715630217,
    "mp-559752": 1.1071593112277502,
    "mp-1215642": 10.779810808006605,
    "agm002813663": 13.610739265259935,
    "mp-1247873": 30.16892390167821,
    "mp-1194479": 0.641910929635094,
    "mp-558521": 1.6984937855640572,
    "agm003213121": 9.10656828129994,
    "agm002286033": 10.796671626243032,
    "agm002297812": 1.2119050625772863,
    "mp-1147697": 9.107464813855787,
    "mp-29157": 54.13061096871544,
    "mp-558277": 8.35798133769844,
    "agm003200486": 2.08019437742362,
    "agm002157245": 15.069997936628148,
    "mp-1370": 34.6548082047292,
    "mp-555915": 10.57435714981468,
    "mp-776226": 5.2710825339086815,
    "agm002138671": 4.470595737737329,
    "agm002790067": 43.78127153283691,
    "agm002163280": 3.273573895247411,
    "mp-532444": 1.6735544223211267,
    "agm002177957": 17.203891039206578,
    "agm006045098": 0.6976275990990921,
    "agm002205114": 63.07598182089916,
    "agm2000005406": 0.8711211646118694,
    "agm002184995": 58.500296875813476,
    "agm003235252": 0.4005842969094531,
    "agm002178912": 18.50838903727673,
    "agm002115629": 2.9231738792059376,
    "agm003206267": 13.406562456590496,
    "agm004739450": 61.853529157821015,
    "agm003705731": 3.547791408539265,
    "agm005112928": 45.744099328438864,
    "agm005722808": 2.201746015600621,
    "agm2000126920": 3.310577598530979,
    "agm2000137141": 20.457940429715656,
    "agm005848675": 27.259808866589392,
    "mp-2802611": 0.4272324867180612,
    "agm002158085": 12.412611208871194,
    "agm005545163": 1.5340731333877946,
    "agm005056300": 9.227021240294063,
    "agm004786326": 11.207640517354006,
    "agm003048447": 14.861945740595296,
    "agm002102212": 0.6216990801142837,
    "agm001234439": 12.660028373685575,
    "agm002056302": 2.4085315156218923,
    "agm002137665": 0.24072458307377254,
    "agm003555711": 1.935252592963041,
    "mp-554918": 1.1565270649150399,
    "mp-570756": 0.7406325446329944,
    "agm001375463": 76.72813888153367,
    "agm005208831": 28.81846369104305,
    "mp-4452": 14.250323490784476,
    "agm005882616": 0.7242631217819732,
    "agm2000001907": 0.8340975750969526,
    "agm005721583": 16.936374053824565,