{
  "predictions": {
    "mp-21892": 2.689819227209154,
    "mp-8070": 0.7920687174918248,
    "mp-558491": 0.631072154795231,
    "mp-632684": 0.7257151342739556,
    "mp-23329": 5.431613351905396,
    "mp-555150": 2.1981186464968667,
    "mp-6564": 0.8409949724720159,
    "mp-18578": 8.427354160702759,
    "mp-760755": 0.9155512218677957,
    "mp-28456": 7.680489095026552,
    "mp-4779": 0.7571222256513859,
    "mp-6268": 3.3040702724466406,
    "mp-706621": 0.727298835639309,
    "mp-559057": 4.342814467020299,
    "mp-24468": 0.7199492502714403,
    "mp-1778": 1.403648030276818,
    "mp-2176": 88.9325616072298,
    "mp-22909": 4.554859602517811,
    "mp-4187": 4.212499915845012,
    "mp-10341": 2.903469777059513,
    "mp-9844": 0.7859959560869362,
    "mp-5784": 2.3069676166298017,
    "mp-20694": 11.686459785538398,
    "mp-9066": 1.738957271657535,
    "mp-6126": 2.3081487405850067,
    "mp-632229": 2.8289699606081444,
    "mp-12177": 3.0148612431048964,
    "mp-21521": 7.372218113397258,
    "mp-1287": 18.36357021003681,
    "mp-756044": 1.7471979477371002,
    "mp-754712": 2.855049192609053,
    "mp-4812": 2.3191355167450074,
    "mp-18168": 3.7861145106166747,
    "mp-23866": 1.7827138683834063,
    "mp-558085": 2.6069776418340496,
    "mp-230": 3.7367120202393833,
    "mp-505702": 5.301892236367173,
    "mp-559065": 5.847511048119445,
    "mp-559545": 4.073284522099108,
    "mp-549720": 19.560892367816187,
    "mp-561385": 3.467034985863181,
    "mp-13666": 19.657699092501986,
    "mp-14444": 14.56787145982994,
    "mp-1550": 14.17147196305354,
    "mp-2469": 12.521174275478012,
    "mp-31451": 85.21964692866386,
    "mp-1023924": 9.497071936866558,
    "mp-1100395": 2.901923638038168,
    "mp-961682": 40.33932772727189,
    "mp-38011": 4.159038103749813,
    "mp-30847": 34.06912077788934,
    "mp-8884": 89.47805991033451,
    "mp-1017534": 38.88089989691042,
    "mp-6980": 9.291324385213859,
    "mp-560588": 13.390322490316732,
    "mp-4524": 66.99184747428718,
    "mp-4514": 11.120044613422202,
    "mp-11714": 5.953116932801497,
    "mp-1180133": 4.452503924821144,
    "mp-675161": 0.6605061657225855,
    "mp-983327": 0.6826245997628841,
    "mp-1225884": 0.9383737037688552,
    "mp-1219554": 10.402126030563723,
    "mp-1196457": 0.610219230031049,
    "mp-560894": 0.6883442373750747,
    "mp-1196282": 0.571664970920964,
    "mp-1222122": 14.644767135465544,
    "mp-1219328": 16.56393630741163,
    "mp-1227014": 51.515763019063286,
    "mp-1222205": 6.424278345366515,
    "mp-1227124": 30.443519660740943,
    "mp-1102285": 7.167552025952853,
    "mp-1227389": 23.183562211797845,
    "mp-1180688": 29.05644898458395,
    "mp-1399519": 4.120085366058548,
    "mp-1227110": 0.7081142370860818,
    "mp-1079676": 1.8650282749382825,
    "mp-24705": 0.748893722761079,
    "mp-1516294": 2.6415548708420316,
    "mp-1228342": 1.6099694336104546,
    "mp-17862": 43.92472668526609,
    "mp-504952": 47.98711489867626,
    "mp-1222589": 0.7557952177339267,
    "mp-1223849": 2.801645576300862,
    "mp-6524": 0.7206516613029703,
    "mp-1208039": 2.215874382378638,
    "mp-625175": 0.6794044280336553,
    "mp-1219000": 62.21664072553253,
    "mp-532424": 0.9155512218677957,
    "mp-1218099": 6.302387503305855,
    "agm002306806": 27.256248338614977,
    "agm003160552": 77.13128878973444,
    "agm003202328": 20.493395540707507,
    "agm002353946": 36.79761673894272,
    "agm002278924": 56.50426405415693,
    "agm002381637": 84.05492260004557,
    "agm003225028": 5.279872067706645,
    "agm003202410": 50.270193251643505,
    "agm003230659": 4.718272353417028,
    "agm003128264": 5.094885015135461,
    "mp-781710": 19.05277209060666,
    "mp-1227011": 40.80576017476799,
    "mp-1216118": 9.677350165384249,
    "agm002166075": 18.14569984977507,
    "agm002135972": 63.50290661196333,
    "mp-3267": 21.734298760624334,
    "agm002224865": 11.899399437539694,
    "agm002347507": 5.798666403850849,
    "agm003157565": 2.157454398581687,
    "mp-1216100": 1.1579057760319758,
    "mp-1195571": 4.283638318014057,
    "mp-780232": 4.610839279963109,
    "agm002018869": 64.85625764365062,
    "agm002140778": 2.543313503452414,
    "agm002041336": 34.845749758185654,
    "agm003219193": 0.6960546047365536,
    "mp-1228160": 0.7551040444211123,
    "mp-1223489": 0.6812639586921955,
    "mp-1221169": 14.02678859320003,
    "mp-4431": 23.539522222386466,
    "mp-8393": 39.73182640489104,
    "mp-1105300": 23.836899281043312,
    "mp-36066": 1.255083916832861,
    "mp-1103351": 15.237357957179011,
    "mp-1103228": 74.90465919259378,
    "mp-1029368": 10.868977850093701,
    "mp-1217825": 29.366158262161015,
    "mp-1029633": 6.031253255077765,
    "agm002147818": 0.6218497121067879,
    "agm003248171": 0.7083830958941505,
    "mp-1223526": 0.7302904494731988,
    "agm002153139": 0.8474388124792932,
    "mp-239": 9.723490188021664,
    "agm002137320": 1.5665403093520742,
    "mp-1079609": 1.979645222012516,
    "mp-558219": 8.74653965880545,
    "mp-555202": 1.2929566601328284,
    "mp-1216976": 22.89482825694256,
    "mp-626172": 0.6796346775038112,
    "agm002156258": 1.2249585617117795,
    "mp-772748": 0.730583143638848,
    "agm002237467": 11.270745041198714,
    "mp-1223389": 14.6110663662111,
    "agm002155430": 31.043522544132106,
    "mp-9427": 0.7426924453891661,
    "mp-1225916": 2.4352028524186977,
    "agm003237859": 1.426710778270525,
    "agm002156600": 1.832966722651652,
    "mp-1221971": 11.201837432445329,
    "mp-1220913": 5.391349818701874,
    "agm002237807": 36.803033344274986,
    "mp-1221578": 2.0894122474958845,
    "mp-1191266": 4.689052920821666,
    "mp-1205304": 5.966314339961944,
    "mp-1218334": 35.318292027909,
    "agm002215982": 1.4922659376388379,
    "mp-559752": 2.45611467692866,
    "mp-1215642": 5.600515401157083,
    "agm002813663": 9.11336727885508,
    "mp-1247873": 25.363966159511175,
    "mp-1194479": 0.7493110136163582,
    "mp-558521": 2.242369214980131,
    "agm003213121": 8.526622119549494,
    "agm002286033": 11.142422669446946,
    "agm002297812": 2.077294720234556,
    "mp-1147697": 8.420075447952472,
    "mp-29157": 62.55977346394102,
    "mp-558277": 7.214252066396557,
    "agm003200486": 2.845589632266721,
    "agm002157245": 9.241680769859448,
    "mp-1370": 27.48541367077275,
    "mp-555915": 2.062036056715526,
    "mp-776226": 4.654854009386368,
    "agm002138671": 3.151942785310047,
    "agm002790067": 35.57660409334559,
    "agm002163280": 3.282600173025097,
    "mp-532444": 1.5111832945635846,
    "agm002177957": 20.333269371176574,
    "agm006045098": 0.7607712010570818,
    "agm002205114": 54.05950157219689,
    "agm2000005406": 1.814467255530224,
    "agm002184995": 52.728196229527065,
    "agm003235252": 0.572454368477153,
    "agm002178912": 23.169607082160347,
    "agm002115629": 1.166488777421826,
    "agm003206267": 11.999304239721635,
    "agm004739450": 75.77406882040087,
    "agm003705731": 4.457479111787852,
    "agm005112928": 26.15251822562038,
    "agm005722808": 4.174315063225719,
    "agm2000126920": 2.295095101579651,
    "agm2000137141": 19.86409546491014,
    "agm005848675": 27.066547522558846,
    "mp-2802611": 0.7549073096472507,
    "agm002158085": 8.167788641422893,
    "agm005545163": 2.018056704781399,
    "agm005056300": 6.41949362498361,
    "agm004786326": 10.627335222995818,
    "agm003048447": 18.96996520588599,
    "agm002102212": 1.0336795201590585,
    "agm001234439": 5.545982952633787,
    "agm002056302": 3.6335459397859466,
    "agm002137665": 0.5797304001571852,
    "agm003555711": 2.1724405855813798,
    "mp-554918": 1.0103946037409641,
    "mp-570756": 1.6773327623896586,
    "agm001375463": 49.49688472758459,
    "agm005208831": 19.797955447397626,
    "mp-4452": 14.856109509428386,
    "agm005882616": 0.8006016787814993,
    "agm2000001907": 0.73532105946858,
    "agm005721583": 13.428303868506271,
    "agm001281942": 2.5167664749961856,