{
  "predictions": {
    "mp-21892": 3.803681248166125,
    "mp-8070": 0.9090556024488977,
    "mp-558491": 0.4384462276524348,
    "mp-632684": 0.5234692618744444,
    "mp-23329": 6.5410785259787545,
    "mp-555150": 1.5498758772034034,
    "mp-6564": 1.3784938184151545,
    "mp-18578": 4.417174458300482,
    "mp-760755": 1.362853401026162,
    "mp-28456": 16.44131813370408,
    "mp-4779": 0.6812029729319213,
    "mp-6268": 2.8537304453256893,
    "mp-706621": 0.7513039590143549,
    "mp-559057": 2.5257725384033165,
    "mp-24468": 0.7618669320548734,
    "mp-1778": 2.2498312620395966,
    "mp-2176": 73.25298055493244,
    "mp-22909": 1.9325461940975512,
    "mp-4187": 9.264680419461525,
    "mp-10341": 2.9165237102832005,
    "mp-9844": 0.868740167089433,
    "mp-5784": 2.2808392124059584,
    "mp-20694": 11.065753497155022,
    "mp-9066": 1.7997439485755082,
    "mp-6126": 7.868555728434951,
    "mp-632229": 2.1767268573748644,
    "mp-12177": 6.056338127214932,
    "mp-21521": 6.214992672368346,
    "mp-1287": 15.184307990879097,
    "mp-756044": 2.310273697458684,
    "mp-754712": 3.2780327039925767,
    "mp-4812": 1.8072726134381305,
    "mp-18168": 2.2314873118097767,
    "mp-23866": 2.5591340822048347,
    "mp-558085": 2.0458801463916836,
    "mp-230": 8.298943811656574,
    "mp-505702": 3.388061937705211,
    "mp-559065": 6.8360723905959935,
    "mp-559545": 6.214491865406963,
    "mp-549720": 20.53812523782056,
    "mp-561385": 2.7763103530161715,
    "mp-13666": 36.44983326674335,
    "mp-14444": 18.139641920287794,
    "mp-1550": 25.60016138424128,
    "mp-2469": 16.31305530593743,
    "mp-31451": 62.92729783172591,
    "mp-1023924": 14.282097858092023,
    "mp-1100395": 4.3216247582434475,
    "mp-961682": 88.51536915672827,
    "mp-38011": 3.0063876278358306,
    "mp-30847": 75.96359691291437,
    "mp-8884": 77.71458802653915,
    "mp-1017534": 42.81156154955457,
    "mp-6980": 14.444029573643336,
    "mp-560588": 25.787521108466002,
    "mp-4524": 62.39263677456526,
    "mp-4514": 6.203946583382204,
    "mp-11714": 7.018195362644209,
    "mp-1180133": 11.686931392232028,
    "mp-675161": 0.2623912462595909,
    "mp-983327": 0.8140321716868466,
    "mp-1225884": 0.6101515671732315,
    "mp-1219554": 9.114961452862161,
    "mp-1196457": 0.4068305763281975,
    "mp-560894": 0.35878517559254614,
    "mp-1196282": 0.42097575938293086,
    "mp-1222122": 21.6329489897355,
    "mp-1219328": 19.342607429703058,
    "mp-1227014": 55.98957218070883,
    "mp-1222205": 7.189533066034601,
    "mp-1227124": 33.58567943520714,
    "mp-1102285": 9.964080239866828,
    "mp-1227389": 15.929661601305483,
    "mp-1180688": 29.71542382993939,
    "mp-1399519": 7.527929141874564,
    "mp-1227110": 0.4178368241745802,
    "mp-1079676": 2.017116481570999,
    "mp-24705": 0.6286011608404788,
    "mp-1516294": 7.76521207757598,
    "mp-1228342": 2.607212482297483,
    "mp-17862": 43.87475292507235,
    "mp-504952": 48.05591979330198,
    "mp-1222589": 0.5482484209900105,
    "mp-1223849": 1.805724587994649,
    "mp-6524": 0.5736725482711583,
    "mp-1208039": 1.258276243932347,
    "mp-625175": 0.6090206752569547,
    "mp-1219000": 60.45389022770142,
    "mp-532424": 1.3379425025104144,
    "mp-1218099": 5.274790951670036,
    "agm002306806": 26.950216748252213,
    "agm003160552": 57.57462471267876,
    "agm003202328": 33.806588330148095,
    "agm002353946": 28.331289394938693,
    "agm002278924": 44.651859711745395,
    "agm002381637": 105.51274078515839,
    "agm003225028": 7.198342373309415,
    "agm003202410": 51.805503280398945,
    "agm003230659": 3.2253893439215005,
    "agm003128264": 5.823824731940409,
    "mp-781710": 16.66666585301791,
    "mp-1227011": 32.6978850880179,
    "mp-1216118": 9.39133495104196,
    "agm002166075": 22.56941790649803,
    "agm002135972": 83.22202923429363,
    "mp-3267": 29.82050149035791,
    "agm002224865": 12.987446571218873,
    "agm002347507": 6.568982126293683,
    "agm003157565": 1.0901353954285615,
    "mp-1216100": 1.253246544782196,
    "mp-1195571": 1.8613651982858244,
    "mp-780232": 5.405963432046425,
    "agm002018869": 68.12832129729175,
    "agm002140778": 1.9470321036374199,
    "agm002041336": 43.54724792982692,
    "agm003219193": 0.5134510227525727,
    "mp-1228160": 0.3643286371207208,
    "mp-1223489": 0.3532456343984214,
    "mp-1221169": 17.78401477827718,
    "mp-4431": 16.80523505164774,
    "mp-8393": 39.014649895721405,
    "mp-1105300": 27.75391908011032,
    "mp-36066": 2.1026247972908765,
    "mp-1103351": 18.779120400891337,
    "mp-1103228": 59.760786715662846,
    "mp-1029368": 16.579788526798765,
    "mp-1217825": 18.513168999400612,
    "mp-1029633": 14.517630480092071,
    "agm002147818": 0.2508383212754838,
    "agm003248171": 0.36561230362428765,
    "mp-1223526": 0.44957895748968085,
    "agm002153139": 1.2663446763920574,
    "mp-239": 17.19804015993445,
    "agm002137320": 1.7905719327269107,
    "mp-1079609": 1.962025046132708,
    "mp-558219": 9.554587598865217,
    "mp-555202": 0.8536081308922877,
    "mp-1216976": 32.44535974151978,
    "mp-626172": 0.4792710760477835,
    "agm002156258": 0.7483417990530357,
    "mp-772748": 0.45251130558148683,
    "agm002237467": 10.54481571200606,
    "mp-1223389": 16.16865858450663,
    "agm002155430": 26.74296241509382,
    "mp-9427": 0.422506593644991,
    "mp-1225916": 0.8823513885424744,
    "agm003237859": 0.803067666606845,
    "agm002156600": 1.6515542439042739,
    "mp-1221971": 10.498358340243508,
    "mp-1220913": 6.809975586095075,
    "agm002237807": 44.078477854807964,
    "mp-1221578": 2.995666487929299,
    "mp-1191266": 6.106217801579564,
    "mp-1205304": 5.667678843775985,
    "mp-1218334": 52.44540254087516,
    "agm002215982": 1.745652063482793,
    "mp-559752": 0.8933218063527555,
    "mp-1215642": 8.794074095894809,
    "agm002813663": 12.302757418209517,
    "mp-1247873": 26.97908104123927,
    "mp-1194479": 0.6170846511186839,
    "mp-558521": 1.488532363566632,
    "agm003213121": 8.560815675645518,
    "agm002286033": 9.88214009023784,
    "agm002297812": 1.574892425916499,
    "mp-1147697": 9.158548715321706,
    "mp-29157": 47.7189490598426,
    "mp-558277": 8.128197926716304,
    "agm003200486": 2.047573351270577,
    "agm002157245": 17.516381542594242,
    "mp-1370": 40.55458786733804,
    "mp-555915": 7.526609887256927,
    "mp-776226": 5.127941108818582,
    "agm002138671": 5.216746623339653,
    "agm002790067": 46.96149261872646,
    "agm002163280": 3.4854609823947067,
    "mp-532444": 1.937338846131695,
    "agm002177957": 19.49238346866586,
    "agm006045098": 0.8572909914988226,
    "agm002205114": 55.389455762797546,
    "agm2000005406": 0.5580755973265036,
    "agm002184995": 54.248841849305855,
    "agm003235252": 0.4732185918574454,
    "agm002178912": 18.99164985643943,
    "agm002115629": 2.584881674458586,
    "agm003206267": 10.682394686884745,
    "agm004739450": 58.64326139703729,
    "agm003705731": 3.414317295748253,
    "agm005112928": 42.98396344715281,
    "agm005722808": 5.00205010963723,
    "agm2000126920": 2.2468225821355023,
    "agm2000137141": 17.744785801160592,
    "agm005848675": 20.449467223356542,
    "mp-2802611": 0.540365727924903,
    "agm002158085": 14.886213272085472,
    "agm005545163": 1.90032688641595,
    "agm005056300": 9.378304545217398,
    "agm004786326": 12.27506135543198,
    "agm003048447": 14.673213584006046,
    "agm002102212": 0.6482232466748614,
    "agm001234439": 10.422315335808085,
    "agm002056302": 2.1491356431834423,
    "agm002137665": 0.2162272341190669,
    "agm003555711": 2.596076406295647,
    "mp-554918": 1.0935185236922036,
    "mp-570756": 0.6599282390009962,
    "agm001375463": 75.13041275566911,
    "agm005208831": 23.250025143060114,
    "mp-4452": 14.69718165158102,
    "agm005882616": 0.7230793323659921,
    "agm2000001907": 0.7995044186601988,
    "agm005721583": 22.03386867169177,
    "agm001281942": 1.3388164040255008,