{
  "predictions": {
    "mp-21892": 9.010090745980023,
    "mp-8070": 3.3361815293260193,
    "mp-558491": 3.477570920379737,
    "mp-632684": 3.7881400309847364,
    "mp-23329": 9.456905786449974,
    "mp-555150": 1.3367657777634527,
    "mp-760755": 0.20424907223992522,
    "mp-6268": 5.845054574289939,
    "mp-559057": 8.145292973655126,
    "mp-1778": 0.40213220291949714,
    "mp-2176": 104.62607993405872,
    "mp-22909": 1.0654503815264813,
    "mp-9844": 0.91910333087559,
    "mp-9066": 3.8861400936290766,
    "mp-6126": 2.5197127299589432,
    "mp-632229": 2.729991560909577,
    "mp-21521": 2.7510581107299386,
    "mp-1287": 0.1866506086465522,
    "mp-756044": 1.9251477155669106,
    "mp-754712": 0.9784613279889065,
    "mp-18168": 1.979034842372988,
    "mp-505702": 1.5147003404414516,
    "mp-559065": 5.971971180164226,
    "mp-559545": 4.615549712579589,
    "mp-549720": 2.8675774802328613,
    "mp-561385": 2.5212937279911367,
    "mp-13666": 4.053084495511775,
    "mp-14444": 4.614753924139444,
    "mp-2469": 9.58400115885854,
    "mp-31451": 82.82478250130136,
    "mp-1023924": 5.116618019044408,
    "mp-38011": 8.83025157606051,
    "mp-8884": 82.95505287573835,
    "mp-6980": 8.927934766547132,
    "mp-4524": 67.77309552573223,
    "mp-11714": 2.1024835726936684,
    "mp-1180133": 2.086391951180441,
    "mp-1225884": 1.4348138644527824,
    "mp-1196457": 0.2454253890668276,
    "mp-560894": 1.2622351543226653,
    "mp-1196282": 0.37397518722496514,
    "mp-1219328": 3.2338466643942545,
    "mp-1227124": 5.94615080431436,
    "mp-1102285": 17.274742245524283,
    "mp-1227389": 14.92003806592714,
    "mp-1227110": 0.24779836783702447,
    "mp-1079676": 5.922203682602064,
    "mp-1228342": 0.5111222449013606,
    "mp-17862": 3.6935702300778734,
    "mp-504952": 10.835113040369137,
    "mp-1223849": 1.142224415036831,
    "mp-1208039": 0.5502155813681977,
    "mp-625175": 0.8403806389222541,
    "agm003160552": 14.3277639241183,
    "agm003202328": 16.36924101609426,
    "agm002278924": 92.93836115517611,
    "agm003202410": 12.20387152523807,
    "mp-1227011": 28.542538726366963,
    "agm002224865": 7.535529440940558,
    "agm003157565": 0.2642463144243226,
    "agm002140778": 4.383535328752748,
    "agm002041336": 6.710461407617936,
    "agm003219193": 1.227419283994211,
    "mp-1228160": 1.8322646482853457,
    "mp-1223489": 0.2551729317689376,
    "mp-1221169": 17.967161529818856,
    "mp-4431": 39.73689590936743,
    "mp-1105300": 29.468891124400876,
    "mp-1103351": 4.051371219207892,
    "mp-1029368": 21.1623407028117,
    "mp-1029633": 9.657304445996454,
    "agm002147818": 2.415648890054543,
    "agm002153139": 12.113083563686766,
    "mp-555202": 1.9611077076191379,
    "mp-1216976": 3.7554055389395584,
    "mp-626172": 1.4223592638944458,
    "agm002156258": 3.7562623729339637,
    "mp-772748": 1.0686030354081295,
    "mp-1223389": 22.750721099908723,
    "mp-9427": 1.9962187115772103,
    "mp-1225916": 0.8322857363710601,
    "agm003237859": 2.4974798378607463,
    "mp-1221971": 8.647492106812605,
    "agm002237807": 14.655005622466152,
    "mp-1215642": 6.2940794930468025,
    "agm003213121": 6.262200198190903,
    "agm002297812": 5.4039453327622065,
    "mp-29157": 34.242153962692655,
    "mp-555915": 0.5043292963543355,
    "agm002138671": 1.1311753151366994,
    "agm002790067": 31.53580145191249,
    "agm002205114": 34.986241255290466,
    "agm002184995": 2.6893365695409606,
    "agm003235252": 0.7393163769643822,
    "agm003206267": 21.04620590705915,
    "agm003705731": 6.292441638017492,
    "agm2000126920": 1.182160247371755,
    "agm2000137141": 13.435266002490946,
    "agm005848675": 16.020180648800366,
    "mp-2802611": 2.520736933088912,
    "agm005056300": 7.265315705188603,
    "agm004786326": 15.673849494391867,
    "agm001234439": 2.2507203521971104,
    "agm002056302": 4.6114347226917545,
    "agm002137665": 0.9754548595750148,
    "mp-554918": 2.689731872169971,
    "agm001375463": 180.07051074974288,
    "agm005721583": 10.891896044922571,
    "agm006020719": 1.1277096234193376,
    "agm003112540": 40.10929214299491,
    "agm004787350": 0.9992472103551968,
    "agm002176403": 1.311477500460065,
    "agm002161194": 14.105974767598651,
    "agm2000136656": 10.751710493087035,
    "mp-1208179": 0.9834163557334772,
    "agm002017294": 114.49683322806436,
    "agm002041315": 13.520093357555663,
    "agm003469328": 1.0751791171871605,
    "agm005072178": 4.167182131893254,
    "agm005664742": 1.280653952005079,
    "agm004773455": 0.7227203990416465,
    "agm005071058": 7.948462912002342,
    "agm006047746": 42.997744237537596,
    "agm005754384": 2.1233848191899054,
    "agm005748012": 1.0468788179502542
  },
  "uncertainties": null,
  "metrics": {
    "mae": 11.498741813088593,
    "rmse": 29.017833951511584,
    "spearman": 0.8107281105990781,
    "r2_score": 0.10824248341695686
  }
}