{
  "predictions": {
    "mp-21892": 3.618877223241495,
    "mp-8070": 5.237762128192978,
    "mp-558491": 7.41120833071681,
    "mp-632684": 1.6880561382725998,
    "mp-23329": 2.3552039804023885,
    "mp-555150": 1.7189258876199143,
    "mp-760755": 0.42639485504085173,
    "mp-6268": 7.533946458349634,
    "mp-559057": 3.853995222611932,
    "mp-1778": 1.2343276783436807,
    "mp-2176": 102.36390311748114,
    "mp-22909": 3.0049856236079924,
    "mp-9844": 1.245051663205683,
    "mp-9066": 6.415579428714076,
    "mp-6126": 1.856231328633853,
    "mp-632229": 2.5527745692169375,
    "mp-21521": 4.083612401596741,
    "mp-1287": 2.1146487988798848,
    "mp-756044": 2.9171218718152745,
    "mp-754712": 0.4605948771728702,
    "mp-18168": 3.1015370871658465,
    "mp-505702": 0.5133740481339345,
    "mp-559065": 3.4401665979534855,
    "mp-559545": 3.829043022594947,
    "mp-549720": 7.684427987192856,
    "mp-561385": 2.98353617161539,
    "mp-13666": 8.91172451971256,
    "mp-14444": 4.619687093553257,
    "mp-2469": 9.683862946105938,
    "mp-31451": 56.89607820311179,
    "mp-1023924": 4.095398222336009,
    "mp-38011": 4.470760077359766,
    "mp-8884": 75.35089354366484,
    "mp-6980": 6.119486943048386,
    "mp-4524": 53.292323565712,
    "mp-11714": 7.758231680883691,
    "mp-1180133": 4.470104303452285,
    "mp-1225884": 0.6597709449678307,
    "mp-1196457": 0.24335615556434484,
    "mp-560894": 0.7465076814269992,
    "mp-1196282": 0.9350661853514323,
    "mp-1219328": 4.0749722277747535,
    "mp-1227124": 16.957961561871276,
    "mp-1102285": 4.529672680389072,
    "mp-1227389": 11.854190858913707,
    "mp-1227110": 0.2853352526729958,
    "mp-1079676": 2.1900135333517348,
    "mp-1228342": 0.9375895355353701,
    "mp-17862": 11.51735698370867,
    "mp-504952": 24.827507789736288,
    "mp-1223849": 1.9386708750928094,
    "mp-1208039": 1.0099841341400233,
    "mp-625175": 2.800262450371508,
    "agm003160552": 10.229892256928169,
    "agm003202328": 39.02068012105998,
    "agm002278924": 36.222997612192,
    "agm003202410": 6.933555633357913,
    "mp-1227011": 14.487148420644282,
    "agm002224865": 11.472469125567581,
    "agm003157565": 3.829664860881217,
    "agm002140778": 4.880383203123347,
    "agm002041336": 15.092505194583357,
    "agm003219193": 2.1561121148093254,
    "mp-1228160": 1.9371979570317681,
    "mp-1223489": 0.5762974190087544,
    "mp-1221169": 2.1687796797326975,
    "mp-4431": 27.09371859268762,
    "mp-1105300": 25.606754097096452,
    "mp-1103351": 9.688288586911257,
    "mp-1029368": 17.297140508815925,
    "mp-1029633": 7.783030402167405,
    "agm002147818": 2.7808605261701818,
    "agm002153139": 6.412937847577675,
    "mp-555202": 1.9657419193589978,
    "mp-1216976": 3.8505387093126506,
    "mp-626172": 1.388932907094433,
    "agm002156258": 1.9549205345678782,
    "mp-772748": 1.764289867337182,
    "mp-1223389": 24.94671120464702,
    "mp-9427": 1.2510083652097175,
    "mp-1225916": 5.845049986881992,
    "agm003237859": 2.491793118652821,
    "mp-1221971": 5.394245450714116,
    "agm002237807": 14.39857299912574,
    "mp-1215642": 5.802617978588812,
    "agm003213121": 3.3769500043639433,
    "agm002297812": 3.2865232198939407,
    "mp-29157": 12.48970225708458,
    "mp-555915": 0.2048127920030181,
    "agm002138671": 2.468016323194623,
    "agm002790067": 37.67381547181083,
    "agm002205114": 86.4477272526052,
    "agm002184995": 20.32003215358837,
    "agm003235252": 0.9444967713726504,
    "agm003206267": 20.2688212450932,
    "agm003705731": 4.471713082211501,
    "agm2000126920": 2.7851454703896446,
    "agm2000137141": 4.314651813039531,
    "agm005848675": 18.060705003355853,
    "mp-2802611": 2.024205766285416,
    "agm005056300": 13.827235747994862,
    "agm004786326": 6.6169698527662515,
    "agm001234439": 1.9004169379213995,
    "agm002056302": 0.9352806826251352,
    "agm002137665": 0.6496927382937995,
    "mp-554918": 1.4145414306124116,
    "agm001375463": 64.56409920141216,
    "agm005721583": 15.877025369087761,
    "agm006020719": 1.827342461695979,
    "agm003112540": 49.44443688312917,
    "agm004787350": 0.49981024502896526,
    "agm002176403": 4.1446083831444565,
    "agm002161194": 8.891172256973794,
    "agm2000136656": 6.317221949767316,
    "mp-1208179": 1.3642413061601633,
    "agm002017294": 25.99461298478075,
    "agm002041315": 21.78470469202802,
    "agm003469328": 1.4632149159707073,
    "agm005072178": 0.597855815862121,
    "agm005664742": 5.677656832443058,
    "agm004773455": 1.4556731937848224,
    "agm005071058": 4.332686419219499,
    "agm006047746": 36.99604489488892,
    "agm005754384": 5.294601535381454,
    "agm005748012": 0.5992529544433802
  },
  "metrics": {
    "mae": 9.99736697651814,
    "rmse": 25.644690878350996
  }
}