{
  "predictions": {
    "mp-21892": 0.9864425273632659,
    "mp-8070": 4.214551765286609,
    "mp-558491": 1.4361993232058374,
    "mp-632684": 5.057040572757211,
    "mp-23329": 13.656315985286207,
    "mp-555150": 2.5949001093934316,
    "mp-760755": 0.6681832096883604,
    "mp-6268": 7.632657184936417,
    "mp-559057": 1.611312192918564,
    "mp-1778": 0.19383181047046932,
    "mp-2176": 103.73474910672535,
    "mp-22909": 2.492805351961132,
    "mp-9844": 1.6581784507678483,
    "mp-9066": 4.87083066267906,
    "mp-6126": 5.906061962929155,
    "mp-632229": 3.3543486864047347,
    "mp-21521": 2.4928445073663066,
    "mp-1287": 0.8815967802493515,
    "mp-756044": 1.8421465656054936,
    "mp-754712": 1.3432292784118933,
    "mp-18168": 2.265304625499672,
    "mp-505702": 4.507474581851355,
    "mp-559065": 2.23577741899061,
    "mp-559545": 5.839677619965149,
    "mp-549720": 7.105262605981442,
    "mp-561385": 1.3861163330924253,
    "mp-13666": 5.158270583925922,
    "mp-14444": 3.448122983575308,
    "mp-2469": 9.329958936567342,
    "mp-31451": 71.35239526671207,
    "mp-1023924": 0.12093687727272949,
    "mp-38011": 9.88454970609498,
    "mp-8884": 72.56037953347426,
    "mp-6980": 10.833804475181019,
    "mp-4524": 60.958007602316826,
    "mp-11714": 8.106481328949043,
    "mp-1180133": 1.111957509480128,
    "mp-1225884": 2.1308199852226526,
    "mp-1196457": 0.09258773101750793,
    "mp-560894": 6.173696127348395,
    "mp-1196282": 0.18642113797933657,
    "mp-1219328": 4.093101459399602,
    "mp-1227124": 16.522596387335753,
    "mp-1102285": 9.448781301715636,
    "mp-1227389": 17.562247040397352,
    "mp-1227110": 0.5083826317196918,
    "mp-1079676": 0.815918736130886,
    "mp-1228342": 4.5352101436468315,
    "mp-17862": 5.514589277651411,
    "mp-504952": 18.5324900101492,
    "mp-1223849": 0.7546241471696716,
    "mp-1208039": 0.8691512665034717,
    "mp-625175": 0.9562861821999212,
    "agm003160552": 4.959527198960022,
    "agm003202328": 17.42279028765844,
    "agm002278924": 45.600308437362976,
    "agm003202410": 14.820846874224246,
    "mp-1227011": 11.393574584029944,
    "agm002224865": 16.371081924415833,
    "agm003157565": 0.39697530799966263,
    "agm002140778": 1.877452806035673,
    "agm002041336": 7.987534165774817,
    "agm003219193": 2.446332502870372,
    "mp-1228160": 1.692579297990885,
    "mp-1223489": 0.6230136692614695,
    "mp-1221169": 4.005166973497707,
    "mp-4431": 28.5357784156326,
    "mp-1105300": 21.863711056412505,
    "mp-1103351": 4.036391610495593,
    "mp-1029368": 13.883447344138585,
    "mp-1029633": 12.938835525433884,
    "agm002147818": 1.4470971815655957,
    "agm002153139": 6.872658922622319,
    "mp-555202": 2.2434228102002716,
    "mp-1216976": 3.0537023447510943,
    "mp-626172": 0.8932833772950963,
    "agm002156258": 1.7791746897528573,
    "mp-772748": 1.1079896212886717,
    "mp-1223389": 24.643541468905884,
    "mp-9427": 2.806637173558308,
    "mp-1225916": 1.7404778140797157,
    "agm003237859": 1.842498575679247,
    "mp-1221971": 9.458876413288623,
    "agm002237807": 34.67284748568719,
    "mp-1215642": 6.550975423261331,
    "agm003213121": 8.794758009340411,
    "agm002297812": 3.8456081838941842,
    "mp-29157": 26.0526057779374,
    "mp-555915": 0.5954840818579187,
    "agm002138671": 3.5324883310748696,
    "agm002790067": 33.90895477619782,
    "agm002205114": 79.09939491262517,
    "agm002184995": 25.727264104797964,
    "agm003235252": 0.8105056127051598,
    "agm003206267": 20.761097364147883,
    "agm003705731": 6.856209429836758,
    "agm2000126920": 0.4178126525873377,
    "agm2000137141": 10.979221483731335,
    "agm005848675": 26.835207040835257,
    "mp-2802611": 1.5235314516216534,
    "agm005056300": 10.78375983679079,
    "agm004786326": 6.0269576538943355,
    "agm001234439": 3.5406561374939525,
    "agm002056302": 1.2612381299889117,
    "agm002137665": 1.2917587261059846,
    "mp-554918": 2.346261600353475,
    "agm001375463": 62.21800819710004,
    "agm005721583": 17.975596901558973,
    "agm006020719": 0.644000809817819,
    "agm003112540": 44.142281118016776,
    "agm004787350": 0.7916953723106723,
    "agm002176403": 1.94283910496133,
    "agm002161194": 8.22265734997232,
    "agm2000136656": 0.9346875658283286,
    "mp-1208179": 2.5219859595375547,
    "agm002017294": 32.01689979356122,
    "agm002041315": 12.683991726997725,
    "agm003469328": 0.3574651775101919,
    "agm005072178": 0.07506141537334719,
    "agm005664742": 4.599971507737948,
    "agm004773455": 3.324579937920628,
    "agm005071058": 3.5390795355106803,
    "agm006047746": 39.62133939336796,
    "agm005754384": 2.7077037595584126,
    "agm005748012": 3.489438890881473
  },
  "uncertainties": null,
  "metrics": {
    "mae": 9.694475185080988,
    "rmse": 24.079037789135516,
    "spearman": 0.8343778801843317,
    "r2_score": 0.385962276595608
  }
}