{
  "predictions": {
    "mp-552663": 2.2790443665728786,
    "mp-753401": 2.2790443665728786,
    "mp-23363": 2.2790443665728786,
    "mp-559961": 2.2790443665728786,
    "mp-17066": 2.2790443665728786,
    "mp-29155": 2.2790443665728786,
    "mp-542931": 2.2790443665728786,
    "mp-27316": 2.2790443665728786,
    "mp-6126": 2.2790443665728786,
    "mp-997027": 2.2790443665728786,
    "mp-21521": 2.2790443665728786,
    "mp-8673": 2.2790443665728786,
    "mp-23280": 2.2790443665728786,
    "mp-561664": 2.2790443665728786,
    "mp-23794": 2.2790443665728786,
    "mp-756570": 2.2790443665728786,
    "mp-27987": 2.2790443665728786,
    "mp-550959": 2.2790443665728786,
    "mp-556719": 2.2790443665728786,
    "mp-27914": 2.2790443665728786,
    "mp-29524": 2.2790443665728786,
    "mp-504908": 2.2790443665728786,
    "mp-559065": 2.2790443665728786,
    "mp-769218": 2.2790443665728786,
    "mp-570213": 2.2790443665728786,
    "mp-1023936": 2.2790443665728786,
    "mp-560588": 2.2790443665728786,
    "mp-1222661": 2.2790443665728786,
    "mp-1227993": 2.2790443665728786,
    "mp-567246": 2.2790443665728786,
    "mp-1184796": 2.2790443665728786,
    "mp-1217830": 2.2790443665728786,
    "mp-774907": 2.2790443665728786,
    "mp-672158": 2.2790443665728786,
    "mp-1228522": 2.2790443665728786,
    "mp-504910": 2.2790443665728786,
    "mp-568802": 2.2790443665728786,
    "mp-1222565": 2.2790443665728786,
    "mp-33723": 2.2790443665728786,
    "mp-1227512": 2.2790443665728786,
    "mp-1189731": 2.2790443665728786,
    "mp-28089": 2.2790443665728786,
    "mp-36779": 2.2790443665728786,
    "mp-560521": 2.2790443665728786,
    "mp-571195": 2.2790443665728786,
    "mp-1208039": 2.2790443665728786,
    "mp-1224376": 2.2790443665728786,
    "mp-1219501": 2.2790443665728786,
    "mp-1218158": 2.2790443665728786,
    "mp-17207": 2.2790443665728786,
    "agm003202330": 2.2790443665728786,
    "agm002254137": 2.2790443665728786,
    "agm002186848": 2.2790443665728786,
    "agm002224787": 2.2790443665728786,
    "agm002153716": 2.2790443665728786,
    "mp-1195571": 2.2790443665728786,
    "mp-998230": 2.2790443665728786,
    "mp-1223489": 2.2790443665728786,
    "mp-1029932": 2.2790443665728786,
    "mp-28473": 2.2790443665728786,
    "mp-1228745": 2.2790443665728786,
    "mp-1029652": 2.2790443665728786,
    "mp-985293": 2.2790443665728786,
    "mp-1019889": 2.2790443665728786,
    "mp-1227994": 2.2790443665728786,
    "agm002156258": 2.2790443665728786,
    "mp-559373": 2.2790443665728786,
    "mp-1215615": 2.2790443665728786,
    "mp-1219293": 2.2790443665728786,
    "mp-560699": 2.2790443665728786,
    "agm002156599": 2.2790443665728786,
    "mp-1078049": 2.2790443665728786,
    "mp-554002": 2.2790443665728786,
    "mp-1226863": 2.2790443665728786,
    "agm002848041": 2.2790443665728786,
    "agm002336867": 2.2790443665728786,
    "mp-1222496": 2.2790443665728786,
    "agm003160584": 2.2790443665728786,
    "mp-568328": 2.2790443665728786,
    "agm002137965": 2.2790443665728786,
    "agm002074655": 2.2790443665728786,
    "agm2000085596": 2.2790443665728786,
    "agm005539186": 2.2790443665728786,
    "agm002073755": 2.2790443665728786,
    "agm002149208": 2.2790443665728786,
    "agm002225219": 2.2790443665728786,
    "agm003713453": 2.2790443665728786,
    "agm1000019508": 2.2790443665728786,
    "agm2000011039": 2.2790443665728786,
    "agm005769288": 2.2790443665728786,
    "agm005112928": 2.2790443665728786,
    "agm001266143": 2.2790443665728786,
    "agm005955873": 2.2790443665728786,
    "agm002077911": 2.2790443665728786,
    "agm002097562": 2.2790443665728786,
    "agm2000016398": 2.2790443665728786,
    "agm2000145156": 2.2790443665728786,
    "agm002056302": 2.2790443665728786,
    "agm002190330": 2.2790443665728786,
    "mp-685097": 2.2790443665728786,
    "agm003464867": 2.2790443665728786,
    "agm003204906": 2.2790443665728786,
    "agm002072309": 2.2790443665728786,
    "agm003612680": 2.2790443665728786,
    "agm002128787": 2.2790443665728786,
    "agm2000128632": 2.2790443665728786,
    "agm005882580": 2.2790443665728786,
    "agm003743952": 2.2790443665728786,
    "mp-1029408": 2.2790443665728786,
    "agm2000084944": 2.2790443665728786,
    "mp-998591": 2.2790443665728786,
    "agm004958126": 2.2790443665728786,
    "agm002233061": 2.2790443665728786,
    "agm005605704": 2.2790443665728786,
    "mp-1220818": 2.2790443665728786,
    "mp-761842": 2.2790443665728786,
    "mp-14568": 2.2790443665728786,
    "agm004947354": 2.2790443665728786,
    "agm006056059": 2.2790443665728786,
    "mp-32959": 2.2790443665728786,
    "agm002091778": 2.2790443665728786,
    "agm004951594": 2.2790443665728786,
    "agm002079795": 2.2790443665728786,
    "agm002018585": 2.2790443665728786,
    "agm004786105": 2.2790443665728786
  },
  "metrics": {
    "mae": 12.706186553920032,
    "rmse": 29.662966635507775
  }
}