{
  "predictions": {
    "mp-21892": 0.8606932759284973,
    "mp-8070": 0.30340802669525146,
    "mp-558491": 0.6979749798774719,
    "mp-632684": 0.8972140550613403,
    "mp-23329": 7.089210033416748,
    "mp-555150": 1.255507230758667,
    "mp-6564": 0.28094232082366943,
    "mp-18578": 2.562091112136841,
    "mp-760755": 0.23064599931240082,
    "mp-28456": 8.883774757385254,
    "mp-4779": 0.48035237193107605,
    "mp-6268": 0.3875245153903961,
    "mp-706621": 0.32071784138679504,
    "mp-559057": 2.9908978939056396,
    "mp-24468": 0.21950224041938782,
    "mp-1778": 0.3088151812553406,
    "mp-2176": 86.32917785644531,
    "mp-22909": 1.7391963005065918,
    "mp-4187": 2.522179126739502,
    "mp-10341": 1.6595138311386108,
    "mp-9844": 0.838806688785553,
    "mp-5784": 0.5929170846939087,
    "mp-20694": 6.875610828399658,
    "mp-9066": 0.356197714805603,
    "mp-6126": 1.760762333869934,
    "mp-632229": 2.5369362831115723,
    "mp-12177": 4.2547526359558105,
    "mp-21521": 2.0450656414031982,
    "mp-1287": 6.300787925720215,
    "mp-756044": 0.30692702531814575,
    "mp-754712": 0.5205199718475342,
    "mp-4812": 0.8793010711669922,
    "mp-18168": 1.9920748472213745,
    "mp-23866": 0.8109369874000549,
    "mp-558085": 0.5575233697891235,
    "mp-230": 2.9249837398529053,
    "mp-505702": 1.4781806468963623,
    "mp-559065": 10.718950271606445,
    "mp-559545": 5.367247104644775,
    "mp-549720": 28.6213321685791,
    "mp-561385": 0.2617068588733673,
    "mp-13666": 21.472583770751953,
    "mp-14444": 16.77422523498535,
    "mp-1550": 8.899410247802734,
    "mp-2469": 15.344060897827148,
    "mp-31451": 105.27058410644531,
    "mp-1023924": 5.844250679016113,
    "mp-1100395": 0.5188394784927368,
    "mp-961682": 57.206966400146484,
    "mp-38011": 1.1771713495254517,
    "mp-30847": 33.882041931152344,
    "mp-8884": 87.81831359863281,
    "mp-1017534": 38.85711669921875,
    "mp-6980": 8.103055000305176,
    "mp-560588": 12.7208251953125,
    "mp-4524": 69.69915008544922,
    "mp-4514": 15.9443941116333,
    "mp-11714": 6.587011814117432,
    "mp-1180133": 1.166293978691101,
    "mp-675161": 0.18051676452159882,
    "mp-983327": 0.22660566866397858,
    "mp-1225884": 0.3803292214870453,
    "mp-1219554": 2.9799699783325195,
    "mp-1196457": 0.27490127086639404,
    "mp-560894": 0.22965848445892334,
    "mp-1196282": 0.15048885345458984,
    "mp-1222122": 4.4301438331604,
    "mp-1219328": 6.862843036651611,
    "mp-1227014": 69.15048217773438,
    "mp-1222205": 8.023174285888672,
    "mp-1227124": 21.279743194580078,
    "mp-1102285": 5.173158645629883,
    "mp-1227389": 11.27589225769043,
    "mp-1180688": 5.641473293304443,
    "mp-1399519": 7.331762790679932,
    "mp-1227110": 0.18981531262397766,
    "mp-1079676": 0.2780706286430359,
    "mp-24705": 0.8492990732192993,
    "mp-1516294": 1.2351089715957642,
    "mp-1228342": 1.2069798707962036,
    "mp-17862": 46.596893310546875,
    "mp-504952": 72.8494644165039,
    "mp-1222589": 0.22504262626171112,
    "mp-1223849": 0.6695109605789185,
    "mp-6524": 0.346912145614624,
    "mp-1208039": 1.3953986167907715,
    "mp-625175": 0.2286917269229889,
    "mp-1219000": 94.72370910644531,
    "mp-532424": 0.17061559855937958,
    "mp-1218099": 1.9080307483673096,
    "agm002306806": 8.953238487243652,
    "agm003160552": 91.86233520507812,
    "agm003202328": 20.045387268066406,
    "agm002353946": 40.615299224853516,
    "agm002278924": 98.06513977050781,
    "agm002381637": 91.18067169189453,
    "agm003225028": 5.772755146026611,
    "agm003202410": 18.447011947631836,
    "agm003230659": 2.8465769290924072,
    "agm003128264": 4.471704483032227,
    "mp-781710": 29.493425369262695,
    "mp-1227011": 70.57422637939453,
    "mp-1216118": 8.160207748413086,
    "agm002166075": 8.809587478637695,
    "agm002135972": 96.25534057617188,
    "mp-3267": 12.898978233337402,
    "agm002224865": 2.5368945598602295,
    "agm002347507": 4.144529342651367,
    "agm003157565": 0.6242403388023376,
    "mp-1216100": 1.2566131353378296,
    "mp-1195571": 0.7916419506072998,
    "mp-780232": 5.144954681396484,
    "agm002018869": 91.22074127197266,
    "agm002140778": 2.42787766456604,
    "agm002041336": 24.274642944335938,
    "agm003219193": 0.3438587486743927,
    "mp-1228160": 0.3958813548088074,
    "mp-1223489": 0.2252616137266159,
    "mp-1221169": 12.650373458862305,
    "mp-4431": 21.071866989135742,
    "mp-8393": 56.258575439453125,
    "mp-1105300": 20.97805404663086,
    "mp-36066": 2.6159396171569824,
    "mp-1103351": 17.49539566040039,
    "mp-1103228": 36.728458404541016,
    "mp-1029368": 6.662992000579834,
    "mp-1217825": 18.15276336669922,
    "mp-1029633": 6.66116189956665,
    "agm002147818": 0.15300987660884857,
    "agm003248171": 0.22186140716075897,
    "mp-1223526": 0.34895840287208557,
    "agm002153139": 2.037118434906006,
    "mp-239": 4.497946262359619,
    "agm002137320": 2.252425193786621,
    "mp-1079609": 2.639885663986206,
    "mp-558219": 7.814406871795654,
    "mp-555202": 0.34488967061042786,
    "mp-1216976": 14.227892875671387,
    "mp-626172": 0.193023681640625,
    "agm002156258": 0.21525555849075317,
    "mp-772748": 0.21042223274707794,
    "agm002237467": 14.9232816696167,
    "mp-1223389": 18.808069229125977,
    "agm002155430": 32.76396179199219,
    "mp-9427": 0.35762444138526917,
    "mp-1225916": 0.9313967823982239,
    "agm003237859": 0.1965114176273346,
    "agm002156600": 1.003949522972107,
    "mp-1221971": 10.04266357421875,
    "mp-1220913": 4.087032318115234,
    "agm002237807": 44.491424560546875,
    "mp-1221578": 0.9123589992523193,
    "mp-1191266": 6.5084309577941895,
    "mp-1205304": 8.333231925964355,
    "mp-1218334": 22.727006912231445,
    "agm002215982": 0.7932792901992798,
    "mp-559752": 1.1571329832077026,
    "mp-1215642": 6.029723644256592,
    "agm002813663": 7.129162788391113,
    "mp-1247873": 19.56500816345215,
    "mp-1194479": 0.38244807720184326,
    "mp-558521": 1.4013638496398926,
    "agm003213121": 6.879047870635986,
    "agm002286033": 8.056188583374023,
    "agm002297812": 0.7620107531547546,
    "mp-1147697": 7.781574726104736,
    "mp-29157": 66.42657470703125,
    "mp-558277": 7.5741868019104,
    "agm003200486": 0.6655254364013672,
    "agm002157245": 6.8467912673950195,
    "mp-1370": 3.960268259048462,
    "mp-555915": 0.3676355481147766,
    "mp-776226": 5.150449752807617,
    "agm002138671": 5.020590782165527,
    "agm002790067": 36.59352493286133,
    "agm002163280": 5.9805145263671875,
    "mp-532444": 0.44550517201423645,
    "agm002177957": 31.301471710205078,
    "agm006045098": 1.1491156816482544,
    "agm002205114": 58.625267028808594,
    "agm2000005406": 0.19482550024986267,
    "agm002184995": 40.566810607910156,
    "agm003235252": 0.2936597764492035,
    "agm002178912": 26.60403823852539,
    "agm002115629": 4.648019790649414,
    "agm003206267": 15.2048978805542,
    "agm004739450": 95.35633850097656,
    "agm003705731": 5.219153881072998,
    "agm005112928": 2.2769861221313477,
    "agm005722808": 0.9856602549552917,
    "agm2000126920": 0.7905105352401733,
    "agm2000137141": 15.654014587402344,
    "agm005848675": 19.676721572875977,
    "mp-2802611": 0.6308827996253967,
    "agm002158085": 8.32109260559082,
    "agm005545163": 1.1619378328323364,
    "agm005056300": 5.791723251342773,
    "agm004786326": 15.209178924560547,
    "agm003048447": 14.097574234008789,
    "agm002102212": 0.5475815534591675,
    "agm001234439": 8.945082664489746,
    "agm002056302": 0.5863186120986938,
    "agm002137665": 0.2531100809574127,
    "agm003555711": 1.1883922815322876,
    "mp-554918": 1.2621852159500122,
    "mp-570756": 0.34355103969573975,
    "agm001375463": 35.43593978881836,
    "agm005208831": 33.20377731323242,
    "mp-4452": 19.53080940246582,
    "agm005882616": 0.5777705311775208,
    "agm2000001907": 0.5624610781669617,
    "agm005721583": 7.788148880004883,