{
  "predictions": {
    "mp-21892": 0.9558508396148682,
    "mp-8070": 0.26541590690612793,
    "mp-558491": 0.6004737615585327,
    "mp-632684": 0.5672796368598938,
    "mp-23329": 4.930366516113281,
    "mp-555150": 1.0189861059188843,
    "mp-6564": 0.27381032705307007,
    "mp-18578": 2.243586301803589,
    "mp-760755": 0.3029741048812866,
    "mp-28456": 7.673771381378174,
    "mp-4779": 0.6321901082992554,
    "mp-6268": 0.5861877202987671,
    "mp-706621": 0.31398263573646545,
    "mp-559057": 2.078900098800659,
    "mp-24468": 0.3458155691623688,
    "mp-1778": 0.3818347454071045,
    "mp-2176": 72.1865005493164,
    "mp-22909": 0.8226029276847839,
    "mp-4187": 2.2263362407684326,
    "mp-10341": 0.7810958027839661,
    "mp-9844": 0.7569401264190674,
    "mp-5784": 0.8753074407577515,
    "mp-20694": 8.500936508178711,
    "mp-9066": 0.4138178527355194,
    "mp-6126": 1.5473828315734863,
    "mp-632229": 1.6627427339553833,
    "mp-12177": 4.806676864624023,
    "mp-21521": 3.950376272201538,
    "mp-1287": 2.0447311401367188,
    "mp-756044": 0.4205414950847626,
    "mp-754712": 0.7588776350021362,
    "mp-4812": 1.0329073667526245,
    "mp-18168": 1.9212716817855835,
    "mp-23866": 0.9915274977684021,
    "mp-558085": 0.6960257887840271,
    "mp-230": 1.04462468624115,
    "mp-505702": 1.533737063407898,
    "mp-559065": 8.49709415435791,
    "mp-559545": 4.015703201293945,
    "mp-549720": 23.375764846801758,
    "mp-561385": 0.5009500980377197,
    "mp-13666": 26.60442543029785,
    "mp-14444": 15.255784034729004,
    "mp-1550": 8.256192207336426,
    "mp-2469": 13.729212760925293,
    "mp-31451": 79.27950286865234,
    "mp-1023924": 5.777788162231445,
    "mp-1100395": 0.4544897973537445,
    "mp-961682": 104.05160522460938,
    "mp-38011": 1.2321624755859375,
    "mp-30847": 50.23875427246094,
    "mp-8884": 92.71382904052734,
    "mp-1017534": 32.15740203857422,
    "mp-6980": 4.091545581817627,
    "mp-560588": 12.892670631408691,
    "mp-4524": 87.32168579101562,
    "mp-4514": 14.942173957824707,
    "mp-11714": 6.523556709289551,
    "mp-1180133": 3.9394335746765137,
    "mp-675161": 0.18643544614315033,
    "mp-983327": 0.26102668046951294,
    "mp-1225884": 0.32878193259239197,
    "mp-1219554": 3.497889757156372,
    "mp-1196457": 0.43547484278678894,
    "mp-560894": 0.3259522616863251,
    "mp-1196282": 0.16177307069301605,
    "mp-1222122": 3.9888720512390137,
    "mp-1219328": 6.616677284240723,
    "mp-1227014": 65.80830383300781,
    "mp-1222205": 6.130239486694336,
    "mp-1227124": 18.478517532348633,
    "mp-1102285": 4.7694268226623535,
    "mp-1227389": 9.178848266601562,
    "mp-1180688": 10.8687744140625,
    "mp-1399519": 5.583889961242676,
    "mp-1227110": 0.23647920787334442,
    "mp-1079676": 0.18820694088935852,
    "mp-24705": 0.6959490180015564,
    "mp-1516294": 2.039328098297119,
    "mp-1228342": 0.7597400546073914,
    "mp-17862": 51.20656204223633,
    "mp-504952": 48.10374450683594,
    "mp-1222589": 0.2789810299873352,
    "mp-1223849": 0.6529816389083862,
    "mp-6524": 0.3480912744998932,
    "mp-1208039": 1.04075288772583,
    "mp-625175": 0.24958479404449463,
    "mp-1219000": 83.04519653320312,
    "mp-532424": 0.2471378892660141,
    "mp-1218099": 2.7189574241638184,
    "agm002306806": 8.780956268310547,
    "agm003160552": 31.51418685913086,
    "agm003202328": 19.75324821472168,
    "agm002353946": 26.427928924560547,
    "agm002278924": 83.92375946044922,
    "agm002381637": 82.28657531738281,
    "agm003225028": 6.353496074676514,
    "agm003202410": 22.531415939331055,
    "agm003230659": 3.0353081226348877,
    "agm003128264": 7.186813831329346,
    "mp-781710": 21.462575912475586,
    "mp-1227011": 52.11711502075195,
    "mp-1216118": 8.188848495483398,
    "agm002166075": 3.053088903427124,
    "agm002135972": 106.29562377929688,
    "mp-3267": 26.367460250854492,
    "agm002224865": 3.0440149307250977,
    "agm002347507": 3.4517600536346436,
    "agm003157565": 0.3164452016353607,
    "mp-1216100": 0.898780345916748,
    "mp-1195571": 0.7174642086029053,
    "mp-780232": 4.848488807678223,
    "agm002018869": 97.30545043945312,
    "agm002140778": 0.9236676096916199,
    "agm002041336": 28.463315963745117,
    "agm003219193": 0.23447608947753906,
    "mp-1228160": 0.2673407196998596,
    "mp-1223489": 0.23206037282943726,
    "mp-1221169": 11.325963973999023,
    "mp-4431": 17.718952178955078,
    "mp-8393": 35.50938415527344,
    "mp-1105300": 24.891138076782227,
    "mp-36066": 2.307157278060913,
    "mp-1103351": 11.357172012329102,
    "mp-1103228": 55.77397918701172,
    "mp-1029368": 5.535417556762695,
    "mp-1217825": 11.632450103759766,
    "mp-1029633": 4.485608100891113,
    "agm002147818": 0.1498347967863083,
    "agm003248171": 0.20682312548160553,
    "mp-1223526": 0.37685608863830566,
    "agm002153139": 1.361520528793335,
    "mp-239": 6.550133228302002,
    "agm002137320": 2.392388105392456,
    "mp-1079609": 2.2095935344696045,
    "mp-558219": 5.565804958343506,
    "mp-555202": 0.4440205693244934,
    "mp-1216976": 26.479345321655273,
    "mp-626172": 0.169769287109375,
    "agm002156258": 0.27262431383132935,
    "mp-772748": 0.15917643904685974,
    "agm002237467": 10.7343111038208,
    "mp-1223389": 17.14419937133789,
    "agm002155430": 23.98727798461914,
    "mp-9427": 0.380586713552475,
    "mp-1225916": 0.8873348832130432,
    "agm003237859": 0.14968064427375793,
    "agm002156600": 0.5869037508964539,
    "mp-1221971": 8.145320892333984,
    "mp-1220913": 4.213514804840088,
    "agm002237807": 49.658042907714844,
    "mp-1221578": 1.1617870330810547,
    "mp-1191266": 5.076860427856445,
    "mp-1205304": 9.68619155883789,
    "mp-1218334": 25.878366470336914,
    "agm002215982": 0.6118899583816528,
    "mp-559752": 0.726318895816803,
    "mp-1215642": 3.64426326751709,
    "agm002813663": 4.645120620727539,
    "mp-1247873": 6.408022880554199,
    "mp-1194479": 0.5248164534568787,
    "mp-558521": 1.115461826324463,
    "agm003213121": 3.566478967666626,
    "agm002286033": 6.69080924987793,
    "agm002297812": 0.9126366376876831,
    "mp-1147697": 7.4149556159973145,
    "mp-29157": 58.947784423828125,
    "mp-558277": 7.040295600891113,
    "agm003200486": 0.19420047104358673,
    "agm002157245": 6.370128154754639,
    "mp-1370": 6.769555568695068,
    "mp-555915": 1.3240342140197754,
    "mp-776226": 4.817780017852783,
    "agm002138671": 2.9437367916107178,
    "agm002790067": 42.60813522338867,
    "agm002163280": 3.8162167072296143,
    "mp-532444": 0.5515570640563965,
    "agm002177957": 31.914445877075195,
    "agm006045098": 0.9231341481208801,
    "agm002205114": 38.590232849121094,
    "agm2000005406": 0.14821819961071014,
    "agm002184995": 80.33390808105469,
    "agm003235252": 0.30266621708869934,
    "agm002178912": 24.057170867919922,
    "agm002115629": 3.568465232849121,
    "agm003206267": 12.964648246765137,
    "agm004739450": 89.46365356445312,
    "agm003705731": 5.9357476234436035,
    "agm005112928": 6.016906261444092,
    "agm005722808": 0.8551154136657715,
    "agm2000126920": 0.8046212196350098,
    "agm2000137141": 20.340991973876953,
    "agm005848675": 15.8604736328125,
    "mp-2802611": 0.6240869760513306,
    "agm002158085": 11.189875602722168,
    "agm005545163": 1.6670347452163696,
    "agm005056300": 7.096112251281738,
    "agm004786326": 12.804834365844727,
    "agm003048447": 12.179203987121582,
    "agm002102212": 0.6115950345993042,
    "agm001234439": 4.495530605316162,
    "agm002056302": 1.478580355644226,
    "agm002137665": 0.1821935772895813,
    "agm003555711": 1.261451244354248,
    "mp-554918": 0.9258006811141968,
    "mp-570756": 0.24070948362350464,
    "agm001375463": 47.618064880371094,
    "agm005208831": 20.634864807128906,
    "mp-4452": 18.47272300720215,
    "agm005882616": 0.4529668092727661,
    "agm2000001907": 0.37814030051231384,
    "agm005721583": 6.571715831756592,