{
  "predictions": {
    "mp-21892": 3.084446430206299,
    "mp-8070": 0.30139026045799255,
    "mp-558491": 0.5346999764442444,
    "mp-632684": 0.40408557653427124,
    "mp-23329": 6.1555938720703125,
    "mp-555150": 0.7008363604545593,
    "mp-6564": 0.21164560317993164,
    "mp-18578": 7.610419273376465,
    "mp-760755": 0.13941194117069244,
    "mp-28456": 10.677132606506348,
    "mp-4779": 0.7063254714012146,
    "mp-6268": 1.4308475255966187,
    "mp-706621": 0.2942080497741699,
    "mp-559057": 3.6242759227752686,
    "mp-24468": 0.4620289206504822,
    "mp-1778": 0.8718799352645874,
    "mp-2176": 68.09683227539062,
    "mp-22909": 1.1403223276138306,
    "mp-4187": 3.7504422664642334,
    "mp-10341": 0.34051713347435,
    "mp-9844": 0.7339073419570923,
    "mp-5784": 0.7696104645729065,
    "mp-20694": 7.071839809417725,
    "mp-9066": 0.3301827609539032,
    "mp-6126": 3.4876456260681152,
    "mp-632229": 0.9423789381980896,
    "mp-12177": 3.8082332611083984,
    "mp-21521": 3.3781585693359375,
    "mp-1287": 35.74895095825195,
    "mp-756044": 0.7719889879226685,
    "mp-754712": 0.944540798664093,
    "mp-4812": 0.7831500768661499,
    "mp-18168": 3.392788887023926,
    "mp-23866": 1.084917426109314,
    "mp-558085": 0.46557819843292236,
    "mp-230": 1.4825772047042847,
    "mp-505702": 3.3684191703796387,
    "mp-559065": 10.129606246948242,
    "mp-559545": 6.856290340423584,
    "mp-549720": 22.83584976196289,
    "mp-561385": 1.0250622034072876,
    "mp-13666": 25.987281799316406,
    "mp-14444": 10.05021858215332,
    "mp-1550": 13.668404579162598,
    "mp-2469": 12.154559135437012,
    "mp-31451": 46.439727783203125,
    "mp-1023924": 5.887508392333984,
    "mp-1100395": 0.43489357829093933,
    "mp-961682": 105.55549621582031,
    "mp-38011": 1.338497281074524,
    "mp-30847": 67.31580352783203,
    "mp-8884": 88.90896606445312,
    "mp-1017534": 26.290424346923828,
    "mp-6980": 8.725700378417969,
    "mp-560588": 25.806543350219727,
    "mp-4524": 89.60102844238281,
    "mp-4514": 14.380057334899902,
    "mp-11714": 6.705176830291748,
    "mp-1180133": 3.2355411052703857,
    "mp-675161": 0.31187132000923157,
    "mp-983327": 0.2885056436061859,
    "mp-1225884": 0.39829039573669434,
    "mp-1219554": 2.6817538738250732,
    "mp-1196457": 0.38294699788093567,
    "mp-560894": 0.386818528175354,
    "mp-1196282": 0.137115016579628,
    "mp-1222122": 7.936046600341797,
    "mp-1219328": 14.136662483215332,
    "mp-1227014": 64.71871948242188,
    "mp-1222205": 5.8203511238098145,
    "mp-1227124": 27.404550552368164,
    "mp-1102285": 3.2125394344329834,
    "mp-1227389": 7.308028697967529,
    "mp-1180688": 11.727778434753418,
    "mp-1399519": 4.392597198486328,
    "mp-1227110": 0.13569389283657074,
    "mp-1079676": 0.7275588512420654,
    "mp-24705": 0.9163671135902405,
    "mp-1516294": 4.710934162139893,
    "mp-1228342": 0.8162970542907715,
    "mp-17862": 33.393123626708984,
    "mp-504952": 35.550941467285156,
    "mp-1222589": 0.40277329087257385,
    "mp-1223849": 0.7874726057052612,
    "mp-6524": 0.5195568203926086,
    "mp-1208039": 1.2550318241119385,
    "mp-625175": 0.2528250813484192,
    "mp-1219000": 78.33717346191406,
    "mp-532424": 0.14916908740997314,
    "mp-1218099": 3.5974111557006836,
    "agm002306806": 20.416488647460938,
    "agm003160552": 29.304475784301758,
    "agm003202328": 27.8414363861084,
    "agm002353946": 40.84394454956055,
    "agm002278924": 105.25759887695312,
    "agm002381637": 98.34904479980469,
    "agm003225028": 8.516180038452148,
    "agm003202410": 16.491975784301758,
    "agm003230659": 2.342451572418213,
    "agm003128264": 4.437908172607422,
    "mp-781710": 16.441070556640625,
    "mp-1227011": 48.69938659667969,
    "mp-1216118": 8.355947494506836,
    "agm002166075": 14.117820739746094,
    "agm002135972": 127.79021453857422,
    "mp-3267": 20.83672332763672,
    "agm002224865": 4.437901020050049,
    "agm002347507": 3.738136053085327,
    "agm003157565": 0.1813684105873108,
    "mp-1216100": 0.9691282510757446,
    "mp-1195571": 0.5495343208312988,
    "mp-780232": 5.398910045623779,
    "agm002018869": 91.79945373535156,
    "agm002140778": 1.1926952600479126,
    "agm002041336": 32.401031494140625,
    "agm003219193": 0.29642385244369507,
    "mp-1228160": 0.16562211513519287,
    "mp-1223489": 0.31665635108947754,
    "mp-1221169": 20.256959915161133,
    "mp-4431": 18.990047454833984,
    "mp-8393": 43.432838439941406,
    "mp-1105300": 34.55645751953125,
    "mp-36066": 2.0661776065826416,
    "mp-1103351": 15.013511657714844,
    "mp-1103228": 39.41992950439453,
    "mp-1029368": 12.210143089294434,
    "mp-1217825": 11.89593505859375,
    "mp-1029633": 11.273184776306152,
    "agm002147818": 0.19007162749767303,
    "agm003248171": 0.23732848465442657,
    "mp-1223526": 0.40852585434913635,
    "agm002153139": 1.4748591184616089,
    "mp-239": 18.388381958007812,
    "agm002137320": 1.9729266166687012,
    "mp-1079609": 2.575834274291992,
    "mp-558219": 4.234673500061035,
    "mp-555202": 0.6189494132995605,
    "mp-1216976": 26.66717529296875,
    "mp-626172": 0.23385389149188995,
    "agm002156258": 0.6639241576194763,
    "mp-772748": 0.17855139076709747,
    "agm002237467": 7.794196128845215,
    "mp-1223389": 23.81171226501465,
    "agm002155430": 34.509193420410156,
    "mp-9427": 0.4637018144130707,
    "mp-1225916": 0.9397852420806885,
    "agm003237859": 0.34717342257499695,
    "agm002156600": 0.7532970905303955,
    "mp-1221971": 8.111562728881836,
    "mp-1220913": 4.787055492401123,
    "agm002237807": 30.752464294433594,
    "mp-1221578": 1.5462552309036255,
    "mp-1191266": 5.654079437255859,
    "mp-1205304": 13.407720565795898,
    "mp-1218334": 11.617449760437012,
    "agm002215982": 0.7040418982505798,
    "mp-559752": 0.804036021232605,
    "mp-1215642": 3.029390573501587,
    "agm002813663": 5.024019241333008,
    "mp-1247873": 11.287017822265625,
    "mp-1194479": 0.9268524646759033,
    "mp-558521": 1.6350902318954468,
    "agm003213121": 3.7297513484954834,
    "agm002286033": 6.822085380554199,
    "agm002297812": 1.182127833366394,
    "mp-1147697": 7.2480149269104,
    "mp-29157": 40.02076721191406,
    "mp-558277": 9.669888496398926,
    "agm003200486": 0.08205293864011765,
    "agm002157245": 7.134277820587158,
    "mp-1370": 12.82055950164795,
    "mp-555915": 0.9489683508872986,
    "mp-776226": 5.287144660949707,
    "agm002138671": 3.3002753257751465,
    "agm002790067": 40.30458450317383,
    "agm002163280": 2.0858662128448486,
    "mp-532444": 0.650987982749939,
    "agm002177957": 28.14725112915039,
    "agm006045098": 1.1066676378250122,
    "agm002205114": 61.4814567565918,
    "agm2000005406": 0.08683343976736069,
    "agm002184995": 99.38717651367188,
    "agm003235252": 0.2945934534072876,
    "agm002178912": 21.286752700805664,
    "agm002115629": 6.007390975952148,
    "agm003206267": 18.723527908325195,
    "agm004739450": 71.76847076416016,
    "agm003705731": 6.06143856048584,
    "agm005112928": 28.60651397705078,
    "agm005722808": 0.5809711217880249,
    "agm2000126920": 1.0878729820251465,
    "agm2000137141": 26.152477264404297,
    "agm005848675": 32.910247802734375,
    "mp-2802611": 0.39699894189834595,
    "agm002158085": 8.297552108764648,
    "agm005545163": 0.8512883186340332,
    "agm005056300": 5.208970546722412,
    "agm004786326": 9.103803634643555,
    "agm003048447": 11.280207633972168,
    "agm002102212": 0.5406951308250427,
    "agm001234439": 2.4243345260620117,
    "agm002056302": 1.8363964557647705,
    "agm002137665": 0.14689017832279205,
    "agm003555711": 2.237889051437378,
    "mp-554918": 0.8624046444892883,
    "mp-570756": 0.19704219698905945,
    "agm001375463": 58.762691497802734,
    "agm005208831": 17.732736587524414,
    "mp-4452": 19.2351131439209,
    "agm005882616": 0.5215684771537781,
    "agm2000001907": 0.3381941616535187,
    "agm005721583": 11.120516777038574,