{
  "predictions": {
    "mp-21892": 1.6974328756000001,
    "mp-8070": -0.0164915025,
    "mp-558491": 0.4491466582,
    "mp-632684": -0.34696254130000004,
    "mp-23329": 4.5627093315,
    "mp-555150": 0.8921750784,
    "mp-760755": -0.0015932024,
    "mp-6268": 0.7869580984000001,
    "mp-559057": 3.6425242424,
    "mp-1778": 4.0131173134,
    "mp-2176": 99.8107681274,
    "mp-22909": 1.53279531,
    "mp-9844": 0.5148051977,
    "mp-9066": 0.5102180243000001,
    "mp-6126": 3.3137660027,
    "mp-632229": 2.0698828697,
    "mp-21521": 0.3281435072,
    "mp-1287": 41.4986152649,
    "mp-756044": 0.6947959661,
    "mp-754712": 0.6174787283000001,
    "mp-18168": 3.7121253014,
    "mp-505702": 3.2354569435,
    "mp-559065": 9.2504053116,
    "mp-559545": 8.853178978,
    "mp-549720": 41.204158783,
    "mp-561385": 0.8097642660000001,
    "mp-13666": 21.7848472595,
    "mp-14444": 19.7444896698,
    "mp-2469": 9.3221826553,
    "mp-31451": 77.2605667114,
    "mp-1023924": 4.2108960152,
    "mp-38011": 1.4916557074,
    "mp-8884": 100.7737884521,
    "mp-6980": 15.817949295,
    "mp-4524": 86.9334487915,
    "mp-11714": 7.0823721886,
    "mp-1180133": 3.1913142204,
    "mp-1225884": 0.6352008581,
    "mp-1196457": 0.3231729567,
    "mp-560894": 0.6720098257,
    "mp-1196282": -0.34737548230000004,
    "mp-1219328": 13.2216501236,
    "mp-1227124": 44.4925308228,
    "mp-1102285": 4.3258128166,
    "mp-1227389": 7.7789921761,
    "mp-1227110": 0.1847852767,
    "mp-1079676": 0.6546272039000001,
    "mp-1228342": 2.1703734398,
    "mp-17862": 77.9810409546,
    "mp-504952": 52.0067176819,
    "mp-1223849": 2.5341706276,
    "mp-1208039": 0.9186280966,
    "mp-625175": 0.5548986197,
    "agm003160552": 45.8510398865,
    "agm003202328": 14.1899251938,
    "agm002278924": 97.0053939819,
    "agm003202410": 90.5450439453,
    "mp-1227011": 34.9185676575,
    "agm002224865": 3.4396176338,
    "agm003157565": 0.29253998400000003,
    "agm002140778": 1.2251361609,
    "agm002041336": 23.4758071899,
    "agm003219193": 0.057669073300000005,
    "mp-1228160": 0.2093833983,
    "mp-1223489": 0.2150434554,
    "mp-1221169": 28.617105484,
    "mp-4431": 21.2365436554,
    "mp-1105300": 28.0301628113,
    "mp-1103351": 14.6239347458,
    "mp-1029368": 13.8085212708,
    "mp-1029633": 12.7967739105,
    "agm002147818": 0.23773804310000002,
    "agm002153139": 1.4073833226999999,
    "mp-555202": 1.2184051275,
    "mp-1216976": 29.7060127258,
    "mp-626172": 0.0901931822,
    "agm002156258": 0.7456277609,
    "mp-772748": 0.3694156706,
    "mp-1223389": 22.2638320923,
    "mp-9427": 0.2716955245,
    "mp-1225916": 0.7949851751,
    "agm003237859": 0.4208711684,
    "mp-1221971": 7.3201398849,
    "agm002237807": 118.6802825928,
    "mp-1215642": 4.5034203529,
    "agm003213121": 1.895247817,
    "agm002297812": 0.8651708364,
    "mp-29157": 15.3045282364,
    "mp-555915": 0.6756814718,
    "agm002138671": 2.6827969551,
    "agm002790067": 33.7146720886,
    "agm002205114": 108.3903198242,
    "agm002184995": 86.5191497803,
    "agm003235252": 0.1256393492,
    "agm003206267": 19.8597679138,
    "agm003705731": 8.1640634537,
    "agm2000126920": 0.4192642272,
    "agm2000137141": 8.1470689774,
    "agm005848675": 10.968413353,
    "mp-2802611": 0.9476636648000001,
    "agm005056300": 6.1025576591,
    "agm004786326": 10.7915992737,
    "agm001234439": 0.8726447821000001,
    "agm002056302": 1.0866960287,
    "agm002137665": 0.2399839461,
    "mp-554918": 0.7142871618000001,
    "agm001375463": 72.1366958618,
    "agm005721583": 7.9161810875,
    "agm006020719": 0.1246522963,
    "agm003112540": 61.9969444275,
    "agm004787350": 2.5564646721,
    "agm002176403": 2.9075789452,
    "agm002161194": 11.6957130432,
    "agm2000136656": 4.5609974861,
    "mp-1208179": 2.937608242,
    "agm002017294": 53.4790077209,
    "agm002041315": 24.7028274536,
    "agm003469328": -0.0083309114,
    "agm005072178": 0.48712006210000003,
    "agm005664742": 1.3513072729,
    "agm004773455": 5.4394288063000005,
    "agm005071058": 1.795840621,
    "agm006047746": 20.4884605408,
    "agm005754384": 3.1212048531,
    "agm005748012": -0.0192666948
  },
  "uncertainties": null,
  "metrics": {
    "mae": 8.92975731476756,
    "rmse": 18.39812932505053,
    "spearman": 0.8733026113671274,
    "r2_score": 0.6415206604012557
  }
}