{
  "predictions": {
    "mp-21892": 0.3724977374076843,
    "mp-8070": 2.433917284011841,
    "mp-558491": -0.9164742231369019,
    "mp-632684": 0.44357627630233765,
    "mp-23329": 3.617602586746216,
    "mp-555150": -0.7066516876220703,
    "mp-6564": 3.6048786640167236,
    "mp-18578": 9.327020645141602,
    "mp-760755": -0.3960306644439697,
    "mp-28456": -0.23350460827350616,
    "mp-4779": 0.1650153547525406,
    "mp-6268": 2.7242250442504883,
    "mp-706621": 0.5851936936378479,
    "mp-559057": 4.312830448150635,
    "mp-24468": 0.42347580194473267,
    "mp-1778": 1.0520801544189453,
    "mp-2176": 75.89578247070312,
    "mp-22909": 49.46241760253906,
    "mp-4187": 3.9357364177703857,
    "mp-10341": 2.158839464187622,
    "mp-9844": 1.1073156595230103,
    "mp-5784": 1.5253362655639648,
    "mp-20694": 4.393487930297852,
    "mp-9066": 2.210705280303955,
    "mp-6126": -0.04043921083211899,
    "mp-632229": 3.6633715629577637,
    "mp-12177": -1.419872760772705,
    "mp-21521": 2.65295672416687,
    "mp-1287": 8.723639488220215,
    "mp-756044": 0.4985632300376892,
    "mp-754712": 0.4971248507499695,
    "mp-4812": 7.630336761474609,
    "mp-18168": 3.151078939437866,
    "mp-23866": 0.5877996683120728,
    "mp-558085": 3.175711154937744,
    "mp-230": -0.3518609404563904,
    "mp-505702": 0.9708788990974426,
    "mp-559065": -0.437714159488678,
    "mp-559545": 0.5292834043502808,
    "mp-549720": 13.397223472595215,
    "mp-561385": 2.307600498199463,
    "mp-13666": 0.5269759893417358,
    "mp-14444": 3.233160972595215,
    "mp-1550": 6.76222562789917,
    "mp-2469": 35.65751647949219,
    "mp-31451": 37.403167724609375,
    "mp-1023924": 93.11267852783203,
    "mp-1100395": 48.73137664794922,
    "mp-961682": 111.92913818359375,
    "mp-38011": 4.791439533233643,
    "mp-30847": 81.0949935913086,
    "mp-8884": 76.03659057617188,
    "mp-1017534": 52.86092758178711,
    "mp-6980": 0.03169848024845123,
    "mp-560588": 48.8843879699707,
    "mp-4524": 8.826094627380371,
    "mp-4514": 3.2521214485168457,
    "mp-11714": 8.467021942138672,
    "mp-1180133": 10.326172828674316,
    "mp-675161": 37.097137451171875,
    "mp-983327": 0.7506674528121948,
    "mp-1225884": 0.8519401550292969,
    "mp-1219554": 23.283353805541992,
    "mp-1196457": -1.3718219995498657,
    "mp-560894": 0.6355040669441223,
    "mp-1196282": -3.9512040615081787,
    "mp-1222122": 23.509153366088867,
    "mp-1219328": 17.511194229125977,
    "mp-1227014": 28.398283004760742,
    "mp-1222205": -0.206800639629364,
    "mp-1227124": 5.354307651519775,
    "mp-1102285": 3.865105390548706,
    "mp-1227389": 3.0447158813476562,
    "mp-1180688": 31.82076644897461,
    "mp-1399519": 5.761190891265869,
    "mp-1227110": -2.9855282306671143,
    "mp-1079676": 1.2794424295425415,
    "mp-24705": 0.578160285949707,
    "mp-1516294": 4.607741355895996,
    "mp-1228342": 6.31866455078125,
    "mp-17862": 8.012954711914062,
    "mp-504952": 15.587442398071289,
    "mp-1222589": 0.5705169439315796,
    "mp-1223849": 8.512992858886719,
    "mp-6524": 0.5978794693946838,
    "mp-1208039": -0.530994176864624,
    "mp-625175": 0.46308743953704834,
    "mp-1219000": 19.90239906311035,
    "mp-532424": -0.4008072018623352,
    "mp-1218099": 5.362609386444092,
    "agm002306806": 33.989524841308594,
    "agm003160552": 20.759592056274414,
    "agm003202328": 9.374950408935547,
    "agm002353946": 34.020751953125,
    "agm002278924": 41.05027770996094,
    "agm002381637": 43.0687255859375,
    "agm003225028": 1.470043420791626,
    "agm003202410": 76.27584838867188,
    "agm003230659": 5.90378475189209,
    "agm003128264": 3.742246150970459,
    "mp-781710": 7.037148952484131,
    "mp-1227011": 2.6247293949127197,
    "mp-1216118": 31.74405288696289,
    "agm002166075": 2.8028924465179443,
    "agm002135972": 18.677227020263672,
    "mp-3267": 19.885517120361328,
    "agm002224865": 17.700376510620117,
    "agm002347507": 18.966873168945312,
    "agm003157565": 12.397534370422363,
    "mp-1216100": 5.725208759307861,
    "mp-1195571": 2.0194637775421143,
    "mp-780232": 3.1654176712036133,
    "agm002018869": 38.122005462646484,
    "agm002140778": 0.9471932053565979,
    "agm002041336": 14.41523265838623,
    "agm003219193": 1.0718852281570435,
    "mp-1228160": 1.408056616783142,
    "mp-1223489": 0.6409345269203186,
    "mp-1221169": 5.3478217124938965,
    "mp-4431": 52.082035064697266,
    "mp-8393": 60.23146438598633,
    "mp-1105300": 5.5904388427734375,
    "mp-36066": 1.4583516120910645,
    "mp-1103351": 13.43859577178955,
    "mp-1103228": 66.92607879638672,
    "mp-1029368": 2.5700178146362305,
    "mp-1217825": 67.37491607666016,
    "mp-1029633": 1.230000376701355,
    "agm002147818": 1.6411398649215698,
    "agm003248171": 0.6056512594223022,
    "mp-1223526": 1.334029197692871,
    "agm002153139": 0.77485191822052,
    "mp-239": 37.03600311279297,
    "agm002137320": 0.3535165786743164,
    "mp-1079609": 0.10446295142173767,
    "mp-558219": 4.949179172515869,
    "mp-555202": 1.0366084575653076,
    "mp-1216976": 20.69442367553711,
    "mp-626172": 0.6156838536262512,
    "agm002156258": 14.517644882202148,
    "mp-772748": 0.7691601514816284,
    "agm002237467": 8.720785140991211,
    "mp-1223389": 11.566747665405273,
    "agm002155430": 11.086227416992188,
    "mp-9427": 3.0012638568878174,
    "mp-1225916": 1.3868905305862427,
    "agm003237859": 7.773290634155273,
    "agm002156600": 4.363300323486328,
    "mp-1221971": 38.71896743774414,
    "mp-1220913": 8.166518211364746,
    "agm002237807": 32.54336166381836,
    "mp-1221578": 1.7966910600662231,
    "mp-1191266": 1.3705785274505615,
    "mp-1205304": 6.783846855163574,
    "mp-1218334": 6.458195686340332,
    "agm002215982": 0.7283036708831787,
    "mp-559752": 4.125669479370117,
    "mp-1215642": 6.106316566467285,
    "agm002813663": 76.77094268798828,
    "mp-1247873": 15.33007526397705,
    "mp-1194479": 1.3513015508651733,
    "mp-558521": -0.11628036946058273,
    "agm003213121": 6.49240255355835,
    "agm002286033": 8.900612831115723,
    "agm002297812": 7.495610237121582,
    "mp-1147697": 3.896043539047241,
    "mp-29157": 8.523734092712402,
    "mp-558277": 11.541115760803223,
    "agm003200486": 12.283397674560547,
    "agm002157245": 17.311107635498047,
    "mp-1370": 4.82809591293335,
    "mp-555915": 17.180679321289062,
    "mp-776226": 3.1287755966186523,
    "agm002138671": 4.036461353302002,
    "agm002790067": 1.5253750085830688,
    "agm002163280": 3.1246371269226074,
    "mp-532444": 3.677353858947754,
    "agm002177957": -3.8902909755706787,
    "agm006045098": 2.240149736404419,
    "agm002205114": 16.989276885986328,
    "agm2000005406": 13.544153213500977,
    "agm002184995": 21.381210327148438,
    "agm003235252": 0.5305300951004028,
    "agm002178912": 4.169709205627441,
    "agm002115629": 2.7046353816986084,
    "agm003206267": 4.9533305168151855,
    "agm004739450": 40.45472717285156,
    "agm003705731": 3.035139799118042,
    "agm005112928": 9.224651336669922,
    "agm005722808": 48.3282356262207,
    "agm2000126920": 0.9669318795204163,
    "agm2000137141": 2.9852776527404785,
    "agm005848675": 6.203630447387695,
    "mp-2802611": 0.5648185014724731,
    "agm002158085": 3.7403600215911865,
    "agm005545163": 21.48004913330078,
    "agm005056300": 13.102856636047363,
    "agm004786326": 8.465972900390625,
    "agm003048447": 7.008554935455322,
    "agm002102212": 7.119975566864014,
    "agm001234439": 0.5627269148826599,
    "agm002056302": 34.9949951171875,
    "agm002137665": -4.781287670135498,
    "agm003555711": 1.4482884407043457,
    "mp-554918": 5.472700595855713,
    "mp-570756": -7.0247063636779785,
    "agm001375463": 39.88609313964844,
    "agm005208831": 8.277366638183594,
    "mp-4452": 21.404916763305664,
    "agm005882616": 0.5356221199035645,
    "agm2000001907": 4.326748371124268,
    "agm005721583": 45.90673828125,
    "agm001281942": 20.374988555908203,