{
  "predictions": {
    "mp-21892": 2.756882667541504,
    "mp-8070": 1.1100214719772339,
    "mp-558491": 2.861992597579956,
    "mp-632684": 0.9625135064125061,
    "mp-23329": 5.042786598205566,
    "mp-555150": 1.1891824007034302,
    "mp-6564": 1.459054708480835,
    "mp-18578": 2.7793805599212646,
    "mp-760755": 2.104248523712158,
    "mp-28456": 7.348911285400391,
    "mp-4779": 1.233549952507019,
    "mp-6268": 4.606221675872803,
    "mp-706621": 1.2321585416793823,
    "mp-559057": 1.4745837450027466,
    "mp-24468": 1.0857895612716675,
    "mp-1778": 1.4997127056121826,
    "mp-2176": 98.12034606933594,
    "mp-22909": 16.761028289794922,
    "mp-4187": 3.210324287414551,
    "mp-10341": 1.7266764640808105,
    "mp-9844": 1.574661135673523,
    "mp-5784": 0.8716075420379639,
    "mp-20694": 5.127870082855225,
    "mp-9066": 0.6146811246871948,
    "mp-6126": 1.3382549285888672,
    "mp-632229": 2.696470260620117,
    "mp-12177": 1.5367597341537476,
    "mp-21521": 4.606147766113281,
    "mp-1287": 4.939787864685059,
    "mp-756044": 0.592446506023407,
    "mp-754712": 0.8781889081001282,
    "mp-4812": 1.7063816785812378,
    "mp-18168": 1.6920828819274902,
    "mp-23866": 1.2734787464141846,
    "mp-558085": 2.2119855880737305,
    "mp-230": 1.0943553447723389,
    "mp-505702": 1.2804080247879028,
    "mp-559065": 1.1750012636184692,
    "mp-559545": 1.961780071258545,
    "mp-549720": 1.3071300983428955,
    "mp-561385": 2.715047597885132,
    "mp-13666": 19.36335563659668,
    "mp-14444": 8.97411823272705,
    "mp-1550": 4.685426712036133,
    "mp-2469": 23.360273361206055,
    "mp-31451": 114.41715240478516,
    "mp-1023924": 140.8006134033203,
    "mp-1100395": 6.169595241546631,
    "mp-961682": 138.9283905029297,
    "mp-38011": 6.2273454666137695,
    "mp-30847": 142.96664428710938,
    "mp-8884": 102.88583374023438,
    "mp-1017534": 39.62126541137695,
    "mp-6980": 17.339492797851562,
    "mp-560588": 64.4770278930664,
    "mp-4524": 6.43449068069458,
    "mp-4514": 2.9110422134399414,
    "mp-11714": 16.832916259765625,
    "mp-1180133": 5.461169719696045,
    "mp-675161": 12.638973236083984,
    "mp-983327": 1.0670212507247925,
    "mp-1225884": 1.8162342309951782,
    "mp-1219554": 14.717130661010742,
    "mp-1196457": 1.0548515319824219,
    "mp-560894": 1.276808738708496,
    "mp-1196282": 2.117741107940674,
    "mp-1222122": 15.450113296508789,
    "mp-1219328": 1.3494501113891602,
    "mp-1227014": 11.979299545288086,
    "mp-1222205": 1.8241740465164185,
    "mp-1227124": 7.305864334106445,
    "mp-1102285": 13.191192626953125,
    "mp-1227389": 26.157182693481445,
    "mp-1180688": 123.41663360595703,
    "mp-1399519": 15.122495651245117,
    "mp-1227110": 1.293160080909729,
    "mp-1079676": 1.4451768398284912,
    "mp-24705": 1.0461581945419312,
    "mp-1516294": 6.734463691711426,
    "mp-1228342": 6.536385536193848,
    "mp-17862": 10.404133796691895,
    "mp-504952": 13.0695161819458,
    "mp-1222589": 1.2484359741210938,
    "mp-1223849": 7.82481575012207,
    "mp-6524": 1.1525323390960693,
    "mp-1208039": 1.293218731880188,
    "mp-625175": 1.2193622589111328,
    "mp-1219000": 26.18885040283203,
    "mp-532424": 2.488250494003296,
    "mp-1218099": 4.531273365020752,
    "agm002306806": -0.3254814147949219,
    "agm003160552": 15.74149227142334,
    "agm003202328": 1.5076974630355835,
    "agm002353946": 2.3362252712249756,
    "agm002278924": -1.2980921268463135,
    "agm002381637": 28.378339767456055,
    "agm003225028": 9.734979629516602,
    "agm003202410": 56.249881744384766,
    "agm003230659": 28.65643310546875,
    "agm003128264": 4.689897537231445,
    "mp-781710": 5.30987548828125,
    "mp-1227011": 3.0638346672058105,
    "mp-1216118": 16.469879150390625,
    "agm002166075": 3.3470542430877686,
    "agm002135972": 10.018364906311035,
    "mp-3267": 10.263779640197754,
    "agm002224865": 3.026820421218872,
    "agm002347507": 15.391986846923828,
    "agm003157565": 12.483580589294434,
    "mp-1216100": 1.7871054410934448,
    "mp-1195571": 1.9083276987075806,
    "mp-780232": 6.076972007751465,
    "agm002018869": 41.128883361816406,
    "agm002140778": 1.147889494895935,
    "agm002041336": 25.590139389038086,
    "agm003219193": 0.8071389198303223,
    "mp-1228160": 1.5105713605880737,
    "mp-1223489": 1.2725950479507446,
    "mp-1221169": 16.26266860961914,
    "mp-4431": 56.99595260620117,
    "mp-8393": 17.406888961791992,
    "mp-1105300": 9.918808937072754,
    "mp-36066": 2.5276951789855957,
    "mp-1103351": 5.70180606842041,
    "mp-1103228": 97.8821029663086,
    "mp-1029368": 13.61571979522705,
    "mp-1217825": 13.61767578125,
    "mp-1029633": 2.90592622756958,
    "agm002147818": 3.347188711166382,
    "agm003248171": 1.2978876829147339,
    "mp-1223526": 1.2564928531646729,
    "agm002153139": 1.229990005493164,
    "mp-239": 23.33311653137207,
    "agm002137320": 1.207212209701538,
    "mp-1079609": 1.5155737400054932,
    "mp-558219": 31.258350372314453,
    "mp-555202": 0.7579655647277832,
    "mp-1216976": 10.316142082214355,
    "mp-626172": 1.2692497968673706,
    "agm002156258": 33.11716842651367,
    "mp-772748": 1.3739959001541138,
    "agm002237467": 4.42721700668335,
    "mp-1223389": 55.29103469848633,
    "agm002155430": 5.317060470581055,
    "mp-9427": 1.3284868001937866,
    "mp-1225916": 1.6120432615280151,
    "agm003237859": 7.577362060546875,
    "agm002156600": 2.300734758377075,
    "mp-1221971": 22.817523956298828,
    "mp-1220913": 42.563758850097656,
    "agm002237807": 21.136808395385742,
    "mp-1221578": 1.8736307621002197,
    "mp-1191266": 5.280652046203613,
    "mp-1205304": 2.729999303817749,
    "mp-1218334": 1.1319373846054077,
    "agm002215982": 1.293846607208252,
    "mp-559752": 2.1220576763153076,
    "mp-1215642": 2.975548267364502,
    "agm002813663": 23.1480655670166,
    "mp-1247873": 1.5873550176620483,
    "mp-1194479": 1.1967798471450806,
    "mp-558521": 1.3985215425491333,
    "agm003213121": 10.32018756866455,
    "agm002286033": 3.6859233379364014,
    "agm002297812": 4.001612186431885,
    "mp-1147697": 27.717159271240234,
    "mp-29157": 4.53914213180542,
    "mp-558277": 55.009521484375,
    "agm003200486": 22.270233154296875,
    "agm002157245": 19.724111557006836,
    "mp-1370": 2.562070608139038,
    "mp-555915": 3.322300434112549,
    "mp-776226": 6.260798931121826,
    "agm002138671": 6.18435525894165,
    "agm002790067": 1.510409951210022,
    "agm002163280": 2.758331060409546,
    "mp-532444": 1.8380320072174072,
    "agm002177957": 11.675082206726074,
    "agm006045098": 1.4185758829116821,
    "agm002205114": 1.416338562965393,
    "agm2000005406": 23.010526657104492,
    "agm002184995": -1.001662254333496,
    "agm003235252": 0.7351311445236206,
    "agm002178912": 12.610091209411621,
    "agm002115629": 1.779576063156128,
    "agm003206267": 4.8441948890686035,
    "agm004739450": 8.204696655273438,
    "agm003705731": 7.114513397216797,
    "agm005112928": 2.035541296005249,
    "agm005722808": 6.995019912719727,
    "agm2000126920": 1.8316198587417603,
    "agm2000137141": 18.773075103759766,
    "agm005848675": 8.031020164489746,
    "mp-2802611": 1.4135665893554688,
    "agm002158085": 13.428500175476074,
    "agm005545163": 25.534626007080078,
    "agm005056300": 2.7127034664154053,
    "agm004786326": 24.150697708129883,
    "agm003048447": 12.178905487060547,
    "agm002102212": 1.2575453519821167,
    "agm001234439": 1.5866825580596924,
    "agm002056302": 6.926324844360352,
    "agm002137665": 0.046974316239356995,
    "agm003555711": 0.49161863327026367,
    "mp-554918": 1.6383063793182373,
    "mp-570756": 3.9395089149475098,
    "agm001375463": 35.806297302246094,
    "agm005208831": 3.506162405014038,
    "mp-4452": 7.681504726409912,
    "agm005882616": 1.3728429079055786,
    "agm2000001907": 2.577723741531372,
    "agm005721583": 67.69932556152344,
    "agm001281942": 25.19138526916504,