{
  "predictions": {
    "mp-21892": 1.678303599357605,
    "mp-8070": 0.8346970081329346,
    "mp-558491": 1.400854468345642,
    "mp-632684": 0.8331283926963806,
    "mp-23329": 16.775394439697266,
    "mp-555150": 0.8314680457115173,
    "mp-6564": 0.8122854828834534,
    "mp-18578": 0.83921217918396,
    "mp-760755": 0.8061376810073853,
    "mp-28456": 0.6452885270118713,
    "mp-4779": 0.7771767377853394,
    "mp-6268": 0.7057469487190247,
    "mp-706621": 0.7392041087150574,
    "mp-559057": 0.9700402021408081,
    "mp-24468": 0.5758285522460938,
    "mp-1778": 0.268292635679245,
    "mp-2176": 72.68185424804688,
    "mp-22909": 2.6228291988372803,
    "mp-4187": 1.18560791015625,
    "mp-10341": 1.778111219406128,
    "mp-9844": 0.7327717542648315,
    "mp-5784": 1.2455092668533325,
    "mp-20694": 1.2209750413894653,
    "mp-9066": 1.0228554010391235,
    "mp-6126": 1.399113655090332,
    "mp-632229": 8.775748252868652,
    "mp-12177": 2.117098093032837,
    "mp-21521": 2.3103644847869873,
    "mp-1287": 10.30356216430664,
    "mp-756044": 1.1560478210449219,
    "mp-754712": 0.8179770708084106,
    "mp-4812": 0.8559600114822388,
    "mp-18168": 0.7818868160247803,
    "mp-23866": 0.8164827227592468,
    "mp-558085": 0.8160249590873718,
    "mp-230": 0.8539301156997681,
    "mp-505702": 0.8501225709915161,
    "mp-559065": 4.300385475158691,
    "mp-559545": 1.7386056184768677,
    "mp-549720": 26.988718032836914,
    "mp-561385": 0.646479606628418,
    "mp-13666": 39.16088104248047,
    "mp-14444": 21.62235450744629,
    "mp-1550": 29.699378967285156,
    "mp-2469": 21.91960334777832,
    "mp-31451": 91.96243286132812,
    "mp-1023924": 7.232917785644531,
    "mp-1100395": 40.169830322265625,
    "mp-961682": 17.977458953857422,
    "mp-38011": 7.626805305480957,
    "mp-30847": 3.606736421585083,
    "mp-8884": 55.715423583984375,
    "mp-1017534": 67.79911804199219,
    "mp-6980": 16.988441467285156,
    "mp-560588": 31.691692352294922,
    "mp-4524": 89.41651916503906,
    "mp-4514": 12.1536865234375,
    "mp-11714": 4.071791172027588,
    "mp-1180133": 2.465461254119873,
    "mp-675161": 0.8016073703765869,
    "mp-983327": 1.2663203477859497,
    "mp-1225884": 1.7559794187545776,
    "mp-1219554": 9.42538833618164,
    "mp-1196457": 0.7502197027206421,
    "mp-560894": 0.77451092004776,
    "mp-1196282": 0.6992434859275818,
    "mp-1222122": 19.078468322753906,
    "mp-1219328": 8.804228782653809,
    "mp-1227014": 59.047332763671875,
    "mp-1222205": 17.30230140686035,
    "mp-1227124": 44.9328498840332,
    "mp-1102285": 0.9788402318954468,
    "mp-1227389": 31.80952262878418,
    "mp-1180688": 43.676605224609375,
    "mp-1399519": 4.015350341796875,
    "mp-1227110": 0.6344979405403137,
    "mp-1079676": 0.742573618888855,
    "mp-24705": 0.8599725961685181,
    "mp-1516294": 1.8998175859451294,
    "mp-1228342": 4.533257961273193,
    "mp-17862": 15.097793579101562,
    "mp-504952": 42.02425003051758,
    "mp-1222589": 0.7990320324897766,
    "mp-1223849": 0.8290801048278809,
    "mp-6524": 0.8620362281799316,
    "mp-1208039": 1.1753113269805908,
    "mp-625175": 0.823782205581665,
    "mp-1219000": 54.23357009887695,
    "mp-532424": 0.738356351852417,
    "mp-1218099": 1.8995451927185059,
    "agm002306806": 51.64230728149414,
    "agm003160552": 44.1635856628418,
    "agm003202328": 21.526073455810547,
    "agm002353946": 7.232366561889648,
    "agm002278924": 48.53763198852539,
    "agm002381637": 45.323486328125,
    "agm003225028": 9.331656455993652,
    "agm003202410": 45.19895553588867,
    "agm003230659": 1.7747172117233276,
    "agm003128264": 4.248894214630127,
    "mp-781710": 6.329762935638428,
    "mp-1227011": 29.77215003967285,
    "mp-1216118": 8.6674165725708,
    "agm002166075": 15.198925018310547,
    "agm002135972": 103.5518569946289,
    "mp-3267": 15.612788200378418,
    "agm002224865": 0.9581384658813477,
    "agm002347507": 13.44477367401123,
    "agm003157565": 10.449386596679688,
    "mp-1216100": 0.8231483697891235,
    "mp-1195571": 0.49080559611320496,
    "mp-780232": 5.511754989624023,
    "agm002018869": 85.88097381591797,
    "agm002140778": 1.8831018209457397,
    "agm002041336": 18.70624542236328,
    "agm003219193": 0.7642485499382019,
    "mp-1228160": 0.860381543636322,
    "mp-1223489": 0.777682363986969,
    "mp-1221169": 36.449134826660156,
    "mp-4431": 21.545188903808594,
    "mp-8393": 39.21155548095703,
    "mp-1105300": 29.323440551757812,
    "mp-36066": 0.49850600957870483,
    "mp-1103351": 37.43831253051758,
    "mp-1103228": 10.522218704223633,
    "mp-1029368": 22.1561279296875,
    "mp-1217825": 8.911821365356445,
    "mp-1029633": 6.458684921264648,
    "agm002147818": 0.7700779438018799,
    "agm003248171": 0.7819313406944275,
    "mp-1223526": 0.8190860748291016,
    "agm002153139": 1.2035740613937378,
    "mp-239": 15.465298652648926,
    "agm002137320": 1.666988730430603,
    "mp-1079609": 1.1076579093933105,
    "mp-558219": 0.7859964370727539,
    "mp-555202": 0.9245693683624268,
    "mp-1216976": 18.680503845214844,
    "mp-626172": 0.7278509140014648,
    "agm002156258": 1.5973219871520996,
    "mp-772748": 0.6563435792922974,
    "agm002237467": 10.904536247253418,
    "mp-1223389": 11.037088394165039,
    "agm002155430": 16.77462387084961,
    "mp-9427": 0.7909613251686096,
    "mp-1225916": 0.7481006979942322,
    "agm003237859": 0.7417545318603516,
    "agm002156600": 2.853471517562866,
    "mp-1221971": 15.989336013793945,
    "mp-1220913": 6.734966278076172,
    "agm002237807": 36.01823043823242,
    "mp-1221578": 0.9101560115814209,
    "mp-1191266": 10.841432571411133,
    "mp-1205304": 9.093033790588379,
    "mp-1218334": 23.675617218017578,
    "agm002215982": 3.0842738151550293,
    "mp-559752": 0.7191488742828369,
    "mp-1215642": 15.929373741149902,
    "agm002813663": 2.635577917098999,
    "mp-1247873": 21.69417381286621,
    "mp-1194479": 0.9097758531570435,
    "mp-558521": 0.8504407405853271,
    "agm003213121": 1.6630107164382935,
    "agm002286033": 2.7185659408569336,
    "agm002297812": 1.1724989414215088,
    "mp-1147697": 9.841455459594727,
    "mp-29157": 49.479393005371094,
    "mp-558277": 8.112862586975098,
    "agm003200486": 20.255176544189453,
    "agm002157245": 24.015140533447266,
    "mp-1370": 12.450448036193848,
    "mp-555915": 5.365368843078613,
    "mp-776226": 3.1157243251800537,
    "agm002138671": 0.8123364448547363,
    "agm002790067": 53.5751838684082,
    "agm002163280": 1.1526107788085938,
    "mp-532444": 0.4746636152267456,
    "agm002177957": 32.551422119140625,
    "agm006045098": 0.8312866687774658,
    "agm002205114": 72.02824401855469,
    "agm2000005406": 0.9954123497009277,
    "agm002184995": 77.63597106933594,
    "agm003235252": 0.7540848255157471,
    "agm002178912": 20.38378143310547,
    "agm002115629": 7.500399112701416,
    "agm003206267": 26.412681579589844,
    "agm004739450": 50.80900573730469,
    "agm003705731": 5.003989219665527,
    "agm005112928": 16.665985107421875,
    "agm005722808": 0.661808967590332,
    "agm2000126920": 1.8502933979034424,
    "agm2000137141": 24.963605880737305,
    "agm005848675": 42.34270477294922,
    "mp-2802611": 0.5892225503921509,
    "agm002158085": 23.686809539794922,
    "agm005545163": 1.3761440515518188,
    "agm005056300": 6.041930675506592,
    "agm004786326": 8.717390060424805,
    "agm003048447": 12.787266731262207,
    "agm002102212": 0.6966931819915771,
    "agm001234439": 0.825747013092041,
    "agm002056302": 0.9815007448196411,
    "agm002137665": 0.720649778842926,
    "agm003555711": 1.2531722784042358,
    "mp-554918": 0.7924699783325195,
    "mp-570756": 8.045967102050781,
    "agm001375463": 37.595970153808594,
    "agm005208831": 10.150611877441406,
    "mp-4452": 24.572162628173828,
    "agm005882616": 1.1714023351669312,
    "agm2000001907": 0.7609361410140991,
    "agm005721583": 19.11669158935547,
    "agm001281942": 4.152252674102783,