{
  "predictions": {
    "mp-552663": 2.206539752119973,
    "mp-753401": 3.0087712670288465,
    "mp-23363": 0.6498431193934011,
    "mp-559961": 3.8684217968796695,
    "mp-17066": 3.675796701172628,
    "mp-29155": 1.788096524909716,
    "mp-542931": 1.7475227509336535,
    "mp-27316": 0.3977075359464379,
    "mp-6126": 6.2537377702795505,
    "mp-997027": 15.232608126542392,
    "mp-21521": 8.183928940582375,
    "mp-8673": 6.652083733938103,
    "mp-23280": 10.84209454122287,
    "mp-561664": 2.5353084863330184,
    "mp-23794": 0.500063704620529,
    "mp-756570": 3.8576229372883306,
    "mp-27987": 2.8458043635180577,
    "mp-550959": 8.5186921495798,
    "mp-556719": 2.6848787824661473,
    "mp-27914": 4.333487410556723,
    "mp-29524": 5.080065213309942,
    "mp-504908": 9.229234405970047,
    "mp-559065": 7.170396019431967,
    "mp-769218": 40.76172867430622,
    "mp-570213": 57.43647283036574,
    "mp-1023936": 11.643514599924934,
    "mp-560588": 17.798133087783764,
    "mp-1222661": 42.071816995503205,
    "mp-1227993": 9.956964942129995,
    "mp-567246": 19.850765982311522,
    "mp-1184796": 0.43977020748529894,
    "mp-1217830": 6.005271302419785,
    "mp-774907": 10.715946701984594,
    "mp-672158": 9.510030221748487,
    "mp-1228522": 10.433199517023759,
    "mp-504910": 2.1114895855607823,
    "mp-568802": 32.893024357724954,
    "mp-1222565": 0.5831812486084884,
    "mp-33723": 52.05863382420378,
    "mp-1227512": 57.26851281160436,
    "mp-1189731": 8.608919530228768,
    "mp-28089": 21.676719455342106,
    "mp-36779": 1.5984878309825696,
    "mp-560521": 0.4453869200541182,
    "mp-571195": 79.02171130732805,
    "mp-1208039": 1.414558986866864,
    "mp-1224376": 41.44064898056973,
    "mp-1219501": 27.773105376735817,
    "mp-1218158": 4.751289102818003,
    "mp-17207": 27.208366590932286,
    "agm003202330": 45.18425710985247,
    "agm002254137": 75.11119947861806,
    "agm002186848": 69.61631620580715,
    "agm002224787": 10.221929532114714,
    "agm002153716": 1.710909700432434,
    "mp-1195571": 1.5662445096157824,
    "mp-998230": 3.1854601044711552,
    "mp-1223489": 0.41477019746820143,
    "mp-1029932": 17.395001429444704,
    "mp-28473": 0.4362638421699547,
    "mp-1228745": 37.15981081296659,
    "mp-1029652": 3.350596320617184,
    "mp-985293": 0.8124278187348508,
    "mp-1019889": 0.44162764330855725,
    "mp-1227994": 2.3761386636206763,
    "agm002156258": 0.803183679752904,
    "mp-559373": 4.679711842736107,
    "mp-1215615": 14.089324936427003,
    "mp-1219293": 0.695157040556748,
    "mp-560699": 5.359347842779683,
    "agm002156599": 1.6502338566864025,
    "mp-1078049": 14.12859926755239,
    "mp-554002": 0.6696614317617385,
    "mp-1226863": 0.5536388408134681,
    "agm002848041": 1.3174020057659022,
    "agm002336867": 96.08213366255617,
    "mp-1222496": 7.262562504541702,
    "agm003160584": 49.93686400923574,
    "mp-568328": 58.90315697895958,
    "agm002137965": 0.46838226947735373,
    "agm002074655": 1.8887420705754585,
    "agm2000085596": 10.896762698242835,
    "agm005539186": 18.71908247998562,
    "agm002073755": 0.5543149308097812,
    "agm002149208": 0.7543200494266464,
    "agm002225219": 15.792044998117351,
    "agm003713453": 4.0570690148227895,
    "agm1000019508": 0.7965948044574279,
    "agm2000011039": 0.8161878519725516,
    "agm005769288": 1.8977891677065022,
    "agm005112928": 37.20756366559061,
    "agm001266143": 64.25006318250138,
    "agm005955873": 0.43296678058345006,
    "agm002077911": 12.173681424394577,
    "agm002097562": 1.107756765975833,
    "agm2000016398": 0.258418673249241,
    "agm2000145156": 0.2702300419669429,
    "agm002056302": 3.546465636339695,
    "agm002190330": 57.720257482934855,
    "mp-685097": 2.467443541424326,
    "agm003464867": 17.481888555930585,
    "agm003204906": 8.523423366354981,
    "agm002072309": 3.0352840791092848,
    "agm003612680": 0.4907460323215044,
    "agm002128787": 25.281774047998468,
    "agm2000128632": 1.6650263990282763,
    "agm005882580": 3.2724434114219196,
    "agm003743952": 2.750826251673175,
    "mp-1029408": 8.919304493471298,
    "agm2000084944": 0.28124169343841116,
    "mp-998591": 3.0604083841406795,
    "agm004958126": 4.7215883230323605,
    "agm002233061": 50.70781335452285,
    "agm005605704": 18.706507194588063,
    "mp-1220818": 4.696681984040941,
    "mp-761842": 3.529162187394937,
    "mp-14568": 0.3042708047265378,
    "agm004947354": 7.551811501169242,
    "agm006056059": 0.4187444987836865,
    "mp-32959": 0.9766084941027302,
    "agm002091778": 7.278816258572752,
    "agm004951594": 10.79970685664056,
    "agm002079795": 2.690206012238647,
    "agm002018585": 56.586488934190484,
    "agm004786105": 37.21031414432857
  },
  "metrics": {
    "mae": 7.535541956613142,
    "rmse": 15.169930530399617,
    "spearman": 0.7935238095238094,
    "r2_score": 0.6959628891144076
  }
}