{
  "predictions": {
    "mp-552663": 2.8131888104955967,
    "mp-753401": 3.7801163334501835,
    "mp-23363": 1.4656831805355037,
    "mp-559961": 5.765228957115378,
    "mp-17066": 3.0553005192055154,
    "mp-29155": 1.9128032531099373,
    "mp-542931": 1.682736277777844,
    "mp-27316": 0.7313066032955992,
    "mp-6126": 2.146593861888135,
    "mp-997027": 13.056965605392252,
    "mp-21521": 4.347637294537096,
    "mp-8673": 2.671922275705916,
    "mp-23280": 4.494845722202562,
    "mp-561664": 2.0535157388951535,
    "mp-23794": 0.7644001846234629,
    "mp-756570": 2.9723189019121197,
    "mp-27987": 1.7836894560269214,
    "mp-550959": 6.105927044903517,
    "mp-556719": 1.8453074190472165,
    "mp-27914": 3.5616106264647014,
    "mp-29524": 2.315510867904754,
    "mp-504908": 4.518609409354384,
    "mp-559065": 5.853825679468391,
    "mp-769218": 30.855970566661348,
    "mp-570213": 52.318996428561064,
    "mp-1023936": 13.118290326260867,
    "mp-560588": 12.697683780223317,
    "mp-1222661": 46.19748216445177,
    "mp-1227993": 11.48907840095389,
    "mp-567246": 37.17574755152373,
    "mp-1184796": 0.5976834180544772,
    "mp-1217830": 7.631053648571039,
    "mp-774907": 8.38475582061142,
    "mp-672158": 7.647711142957317,
    "mp-1228522": 10.808323338304309,
    "mp-504910": 2.7909429452370285,
    "mp-568802": 38.889839288921245,
    "mp-1222565": 0.7453718950158005,
    "mp-33723": 39.824197386144746,
    "mp-1227512": 71.41028780639057,
    "mp-1189731": 12.71637184335422,
    "mp-28089": 27.965846100806644,
    "mp-36779": 1.3039001809522364,
    "mp-560521": 0.7089832346192434,
    "mp-571195": 75.71481225511928,
    "mp-1208039": 2.447283257407576,
    "mp-1224376": 41.59481158638121,
    "mp-1219501": 20.67130160742606,
    "mp-1218158": 5.826790951592152,
    "mp-17207": 32.89995523030391,
    "agm003202330": 40.650127965567364,
    "agm002254137": 75.52724503825989,
    "agm002186848": 70.09161096410324,
    "agm002224787": 11.031864834599682,
    "agm002153716": 1.6851588352424114,
    "mp-1195571": 4.495362436703158,
    "mp-998230": 4.020436003168814,
    "mp-1223489": 0.7101527429176862,
    "mp-1029932": 23.851991406183107,
    "mp-28473": 0.5588040242140088,
    "mp-1228745": 38.02327256532303,
    "mp-1029652": 2.537557333840328,
    "mp-985293": 0.7152276007151283,
    "mp-1019889": 0.725160983673044,
    "mp-1227994": 1.0050649217702499,
    "agm002156258": 1.1891707905928461,
    "mp-559373": 4.534597578360862,
    "mp-1215615": 14.641142328134185,
    "mp-1219293": 1.1707414119431991,
    "mp-560699": 5.850385885869847,
    "agm002156599": 1.9335813089608214,
    "mp-1078049": 14.56801762420889,
    "mp-554002": 0.7294990006656493,
    "mp-1226863": 0.7381644541581739,
    "agm002848041": 2.121827370013479,
    "agm002336867": 91.05411178800784,
    "mp-1222496": 5.751000248430859,
    "agm003160584": 45.93062305479486,
    "mp-568328": 94.64752518187595,
    "agm002137965": 0.7387557216202059,
    "agm002074655": 2.55177881027216,
    "agm2000085596": 9.480053988952013,
    "agm005539186": 17.36262721566996,
    "agm002073755": 0.779298823867345,
    "agm002149208": 0.6982685150406361,
    "agm002225219": 14.815174391151956,
    "agm003713453": 0.9937497833590336,
    "agm1000019508": 0.893374300312693,
    "agm2000011039": 0.893374300312693,
    "agm005769288": 4.13974513644228,
    "agm005112928": 25.369018493673607,
    "agm001266143": 65.22151455494162,
    "agm005955873": 0.6542759407190191,
    "agm002077911": 15.397675003819666,
    "agm002097562": 3.6181663232901142,
    "agm2000016398": 0.5505253084232963,
    "agm2000145156": 0.53706552106868,
    "agm002056302": 3.363478517125043,
    "agm002190330": 71.10841545940602,
    "mp-685097": 4.901876747598437,
    "agm003464867": 21.381184632915144,
    "agm003204906": 8.834945552650602,
    "agm002072309": 1.5545946514120959,
    "agm003612680": 0.7327585895702527,
    "agm002128787": 23.3809872215965,
    "agm2000128632": 2.7137178064384413,
    "agm005882580": 3.689821484795292,
    "agm003743952": 3.5371258813324165,
    "mp-1029408": 11.547102901870012,
    "agm2000084944": 0.5642458312275191,
    "mp-998591": 4.1277892289615385,
    "agm004958126": 5.357596020424407,
    "agm002233061": 44.11017365382381,
    "agm005605704": 22.500634260655207,
    "mp-1220818": 5.578101934749592,
    "mp-761842": 4.25013432527148,
    "mp-14568": 0.6975306753989311,
    "agm004947354": 3.9692233816135083,
    "agm006056059": 0.7244241428682073,
    "mp-32959": 0.777644036921269,
    "agm002091778": 9.479464635588226,
    "agm004951594": 5.250236980637262,
    "agm002079795": 3.927281115386192,
    "agm002018585": 51.365494545851476,
    "agm004786105": 28.346641203616613
  },
  "metrics": {
    "mae": 8.313776835157105,
    "rmse": 16.65524141375743,
    "spearman": 0.7674758332971162,
    "r2_score": 0.6335107188507529
  }
}