{
  "predictions": {
    "mp-552663": 1.8129820343236474,
    "mp-753401": 2.9181770599885852,
    "mp-23363": 0.49632197875122896,
    "mp-559961": 3.620655658472606,
    "mp-17066": 3.237073024038997,
    "mp-29155": 1.7591547547940918,
    "mp-542931": 1.887817420407454,
    "mp-27316": 0.39507219853731423,
    "mp-6126": 5.783866793456789,
    "mp-997027": 13.617530772745445,
    "mp-21521": 5.90613150394758,
    "mp-8673": 7.149627777073863,
    "mp-23280": 13.18405670103446,
    "mp-561664": 2.0344545965017455,
    "mp-23794": 0.5385075954385244,
    "mp-756570": 4.1357290424841935,
    "mp-27987": 2.9387298918396443,
    "mp-550959": 10.571290076579947,
    "mp-556719": 3.2673942797407114,
    "mp-27914": 5.645112037722069,
    "mp-29524": 5.055695983855657,
    "mp-504908": 10.678918102226866,
    "mp-559065": 6.519526145005353,
    "mp-769218": 34.503115554090165,
    "mp-570213": 48.62486224670884,
    "mp-1023936": 15.687301144838438,
    "mp-560588": 26.922946627143705,
    "mp-1222661": 39.23997655964118,
    "mp-1227993": 7.427777997417368,
    "mp-567246": 21.674908204804193,
    "mp-1184796": 0.39931078477563986,
    "mp-1217830": 7.335536563377761,
    "mp-774907": 10.42243777793896,
    "mp-672158": 11.882031784079775,
    "mp-1228522": 10.86676592712741,
    "mp-504910": 3.3144421242766278,
    "mp-568802": 31.769406135892655,
    "mp-1222565": 0.5860452261289698,
    "mp-33723": 48.50079852942895,
    "mp-1227512": 65.45920503074929,
    "mp-1189731": 6.392736785224954,
    "mp-28089": 19.30948650790155,
    "mp-36779": 1.7536854304081981,
    "mp-560521": 0.5132230100426156,
    "mp-571195": 77.46832880702308,
    "mp-1208039": 1.2036228357562972,
    "mp-1224376": 39.26911948598291,
    "mp-1219501": 21.36963328962741,
    "mp-1218158": 5.225291424523794,
    "mp-17207": 28.234324098457364,
    "agm003202330": 44.20052778229033,
    "agm002254137": 69.13527389941694,
    "agm002186848": 56.30765105667859,
    "agm002224787": 9.434460911359986,
    "agm002153716": 1.3299035425474333,
    "mp-1195571": 1.8128737375145847,
    "mp-998230": 3.8053041549542543,
    "mp-1223489": 0.4092863811804509,
    "mp-1029932": 14.567183998358287,
    "mp-28473": 0.5814698194025838,
    "mp-1228745": 33.086557538132176,
    "mp-1029652": 4.710294745513451,
    "mp-985293": 0.779909458234383,
    "mp-1019889": 0.4139606126976968,
    "mp-1227994": 2.927622208656091,
    "agm002156258": 0.9071762062844111,
    "mp-559373": 6.1162355581916765,
    "mp-1215615": 14.877060316847952,
    "mp-1219293": 0.6026989129357472,
    "mp-560699": 6.383526375853563,
    "agm002156599": 1.6784224450673433,
    "mp-1078049": 14.463989303447923,
    "mp-554002": 0.6609553478080537,
    "mp-1226863": 0.6093147044706868,
    "agm002848041": 1.9963302209267706,
    "agm002336867": 87.50748483888218,
    "mp-1222496": 7.966528228478272,
    "agm003160584": 48.17246508560458,
    "mp-568328": 57.764852027456726,
    "agm002137965": 0.4410415029507086,
    "agm002074655": 1.3929898387892092,
    "agm2000085596": 11.552280915058306,
    "agm005539186": 18.7200577731787,
    "agm002073755": 0.6296643555358977,
    "agm002149208": 0.34285659108070304,
    "agm002225219": 13.968916599889123,
    "agm003713453": 5.51426767709273,
    "agm1000019508": 0.914123377155577,
    "agm2000011039": 1.0619946136831482,
    "agm005769288": 1.5358239243393534,
    "agm005112928": 41.82196854008829,
    "agm001266143": 55.85914264144344,
    "agm005955873": 0.5855022597920416,
    "agm002077911": 10.92592029161234,
    "agm002097562": 1.1159750517356897,
    "agm2000016398": 0.2142008506348746,
    "agm2000145156": 0.21911271953611544,
    "agm002056302": 3.0515355457149114,
    "agm002190330": 56.18793654141014,
    "mp-685097": 2.426924209828049,
    "agm003464867": 15.399415849871911,
    "agm003204906": 9.272658645852333,
    "agm002072309": 4.0323732016123035,
    "agm003612680": 0.5528273277023797,
    "agm002128787": 25.119932429615933,
    "agm2000128632": 1.4454488949855346,
    "agm005882580": 3.504367864368967,
    "agm003743952": 2.8992469131555163,
    "mp-1029408": 7.697377758471893,
    "agm2000084944": 0.26042107968211775,
    "mp-998591": 4.235566641642922,
    "agm004958126": 5.743958648688225,
    "agm002233061": 48.80297909658183,
    "agm005605704": 17.499630446478516,
    "mp-1220818": 4.380128957274632,
    "mp-761842": 3.107063336683157,
    "mp-14568": 0.27430272127673866,
    "agm004947354": 12.76189790248972,
    "agm006056059": 0.42306072122806493,
    "mp-32959": 0.8790297527155231,
    "agm002091778": 9.359230302328227,
    "agm004951594": 9.47107943528851,
    "agm002079795": 2.0868041646578566,
    "agm002018585": 53.48234064817636,
    "agm004786105": 31.963205815288024
  },
  "metrics": {
    "mae": 7.918794640321429,
    "rmse": 16.33555185551616,
    "spearman": 0.7910660522273425,
    "r2_score": 0.6474448733919056
  }
}